event,date,year,round,team,opponent,standard_rating_before,standard_rating_after,standard_rating_change,margin_rating_before,margin_rating_after,margin_rating_change,margin_error,match_id,score,opponent_score,result
match,2025-03-07T19:40:00,2025,OR,Sydney,Hawthorn,1594.4736961943029,1575.0312534107677,-19.442442783535153,1540.62563428829,1529.4828963113753,-11.142737976914866,20.961869147056884,1.0,76.0,96.0,loss
match,2025-03-07T19:40:00,2025,OR,Hawthorn,Sydney,1553.2406329755293,1572.6830757590644,19.442442783535153,1604.3154769615026,1615.4582149384173,11.142737976914866,-20.961869147056884,1.0,96.0,76.0,win
match,2025-03-09T15:20:00,2025,OR,Greater Western Sydney,Collingwood,1543.0298852459935,1559.247422308701,16.21753706270762,1542.0995371429015,1560.8446303161575,18.745093173256056,-35.26352240008209,2.0,104.0,52.0,win
match,2025-03-09T15:20:00,2025,OR,Collingwood,Greater Western Sydney,1537.6340266545096,1521.416489591802,-16.21753706270762,1518.7030511720684,1499.9579579988124,-18.745093173256056,35.26352240008209,2.0,52.0,104.0,loss
match,2025-03-13T19:30:00,2025,1,Richmond,Carlton,1348.9058090349254,1365.1315980568243,16.225789021899,1360.0489890023937,1375.3996630109352,15.350674008541603,-28.877895231210353,3.0,82.0,69.0,win
match,2025-03-13T19:30:00,2025,1,Carlton,Richmond,1526.2497343948148,1510.023945372916,-16.225789021899,1516.7055293477815,1501.35485533924,-15.350674008541603,28.877895231210353,3.0,69.0,82.0,loss
match,2025-03-14T19:40:00,2025,1,Hawthorn,Essendon,1572.6830757590644,1581.4980739767846,8.814998217720097,1615.4582149384173,1607.3559391115386,-8.102275826878763,15.242110693822376,4.0,111.0,85.0,win
match,2025-03-14T19:40:00,2025,1,Essendon,Hawthorn,1467.8257214085584,1459.0107231908382,-8.814998217720097,1456.7743382457497,1464.8766140726284,8.102275826878763,-15.242110693822376,4.0,85.0,111.0,loss
match,2025-03-15T13:20:00,2025,1,Geelong,Fremantle,1560.481230134961,1576.2796096433447,15.798379508383832,1560.6557859993563,1591.7927900176062,31.137004018249947,-58.57535241465425,5.0,147.0,69.0,win
match,2025-03-15T13:20:00,2025,1,Fremantle,Geelong,1516.4344373254048,1500.636057817021,-15.798379508383832,1522.4188140981375,1491.2818100798877,-31.137004018249947,58.57535241465425,5.0,69.0,147.0,loss
match,2025-03-15T16:15:00,2025,1,Sydney,Brisbane Lions,1575.0312534107677,1567.9577774146853,-7.073475996082279,1529.4828963113753,1527.7035728148342,-1.7793234965410032,3.3472873886156895,6.0,82.0,86.0,loss
match,2025-03-15T16:15:00,2025,1,Brisbane Lions,Sydney,1625.9107479725812,1632.9842239686636,7.073475996082279,1602.086303974709,1603.86562747125,1.7793234965410032,-3.3472873886156895,6.0,86.0,82.0,win
match,2025-03-15T19:35:00,2025,1,Collingwood,Port Adelaide,1521.416489591802,1541.5998114035206,20.183321811718617,1499.9579579988124,1543.81204715703,43.85408915821762,-82.49890470389073,7.0,136.0,45.0,win
match,2025-03-15T19:35:00,2025,1,Port Adelaide,Collingwood,1541.0515554061772,1520.8682335944586,-20.183321811718617,1522.0262588061742,1478.1721696479565,-43.85408915821762,82.49890470389073,7.0,45.0,136.0,loss
match,2025-03-15T19:35:00,2025,1,Western Bulldogs,North Melbourne,1558.6444854635438,1562.6849769742823,4.040491510738622,1569.193344304212,1552.1128825576525,-17.080461746559397,32.131995281990854,8.0,113.0,97.0,win
match,2025-03-15T19:35:00,2025,1,North Melbourne,Western Bulldogs,1324.183190159119,1320.1426986483805,-4.040491510738622,1372.4727229685443,1389.5531847151037,17.080461746559397,-32.131995281990854,8.0,97.0,113.0,loss
match,2025-03-16T12:35:00,2025,1,Adelaide,St Kilda,1474.350690863142,1493.1671432541802,18.816452391038126,1505.801533110231,1532.973660399477,27.17212728924599,-51.11657277272254,9.0,135.0,72.0,win
match,2025-03-16T12:35:00,2025,1,St Kilda,Adelaide,1496.5353299058584,1477.7188775148202,-18.816452391038126,1509.1971124347633,1482.0249851455173,-27.17212728924599,51.11657277272254,9.0,72.0,135.0,loss
match,2025-03-16T15:20:00,2025,1,Melbourne,Greater Western Sydney,1515.3716800465047,1509.3765738675693,-5.995106178935485,1485.7915588348385,1484.779679447685,-1.0118793871532734,1.9035611669281818,10.0,74.0,77.0,loss
match,2025-03-16T15:20:00,2025,1,Greater Western Sydney,Melbourne,1559.247422308701,1565.2425284876365,5.995106178935485,1560.8446303161575,1561.8565097033108,1.0118793871532734,-1.9035611669281818,10.0,77.0,74.0,win
match,2025-03-16T18:10:00,2025,1,West Coast,Gold Coast,1352.5181940167192,1331.8213620467143,-20.69683197000503,1356.7525541439263,1313.2672969780356,-43.48525716589082,81.80505297943843,11.0,49.0,136.0,loss
match,2025-03-16T18:10:00,2025,1,Gold Coast,West Coast,1463.159868227406,1483.8567001974109,20.69683197000503,1454.4321162942615,1497.9173734601522,43.48525716589082,-81.80505297943843,11.0,136.0,49.0,win
match,2025-03-20T19:30:00,2025,2,Carlton,Hawthorn,1510.023945372916,1495.2547238523862,-14.769221520529653,1501.35485533924,1494.2861666917297,-7.068688647510235,13.297712535049783,12.0,60.0,80.0,loss
match,2025-03-20T19:30:00,2025,2,Hawthorn,Carlton,1581.4980739767846,1596.2672954973143,14.769221520529653,1607.3559391115386,1614.424627759049,7.068688647510235,-13.297712535049783,12.0,80.0,60.0,win
match,2025-03-21T19:40:00,2025,2,Western Bulldogs,Collingwood,1562.6849769742823,1552.0079044862387,-10.67707248804366,1552.1128825576525,1541.480337305258,-10.63254525239457,20.00208770435119,13.0,70.0,76.0,loss
match,2025-03-21T19:40:00,2025,2,Collingwood,Western Bulldogs,1541.5998114035206,1552.2768838915642,10.67707248804366,1543.81204715703,1554.4445924094246,10.63254525239457,-20.00208770435119,13.0,76.0,70.0,win
match,2025-03-22T13:20:00,2025,2,Essendon,Adelaide,1459.0107231908382,1435.3304321052226,-23.68029108561568,1464.8766140726284,1432.3637925616893,-32.51282151093922,61.16355886011977,14.0,100.0,161.0,loss
match,2025-03-22T13:20:00,2025,2,Adelaide,Essendon,1493.1671432541802,1516.8474343397959,23.68029108561568,1532.973660399477,1565.4864819104162,32.51282151093922,-61.16355886011977,14.0,161.0,100.0,win
match,2025-03-22T16:15:00,2025,2,Port Adelaide,Richmond,1520.8682335944586,1530.5741373208425,9.705903726383891,1478.1721696479565,1499.905769021892,21.73359937393557,-40.88554061980484,15.0,140.0,68.0,win
match,2025-03-22T16:15:00,2025,2,Richmond,Port Adelaide,1365.1315980568243,1355.4256943304404,-9.705903726383891,1375.3996630109352,1353.6660636369998,-21.73359937393557,40.88554061980484,15.0,68.0,140.0,loss
match,2025-03-22T19:35:00,2025,2,St Kilda,Geelong,1477.7188775148202,1487.7580514911322,10.039173976312025,1482.0249851455173,1489.6714230719047,7.646437926387247,-14.38458228005473,16.0,98.0,91.0,win
match,2025-03-22T19:35:00,2025,2,Geelong,St Kilda,1576.2796096433447,1566.2404356670327,-10.039173976312025,1591.7927900176062,1584.146352091219,-7.646437926387247,14.38458228005473,16.0,91.0,98.0,loss
match,2025-03-23T13:10:00,2025,2,Brisbane Lions,West Coast,1632.9842239686636,1636.079503239658,3.0952792709942782,1603.86562747125,1579.3406184759028,-24.525008995347292,46.13677809313444,17.0,94.0,75.0,win
match,2025-03-23T13:10:00,2025,2,West Coast,Brisbane Lions,1331.8213620467143,1328.72608277572,-3.0952792709942782,1313.2672969780356,1337.7923059733828,24.525008995347292,-46.13677809313444,17.0,75.0,94.0,loss
match,2025-03-23T15:20:00,2025,2,North Melbourne,Melbourne,1320.1426986483805,1348.5651729712968,28.422474322916347,1389.5531847151037,1423.4412065497622,33.88802183465845,-63.75060427898496,18.0,125.0,66.0,win
match,2025-03-23T15:20:00,2025,2,Melbourne,North Melbourne,1509.3765738675693,1480.954099544653,-28.422474322916347,1484.779679447685,1450.8916576130266,-33.88802183465845,63.75060427898496,18.0,66.0,125.0,loss
match,2025-03-23T18:10:00,2025,2,Fremantle,Sydney,1500.636057817021,1495.0175774739878,-5.618480343033209,1491.2818100798877,1486.550213345668,-4.731596734219733,8.901143669073061,19.0,65.0,68.0,loss
match,2025-03-23T18:10:00,2025,2,Sydney,Fremantle,1567.9577774146853,1573.5762577577186,5.618480343033209,1527.7035728148342,1532.4351695490539,4.731596734219733,-8.901143669073061,19.0,68.0,65.0,win
match,2025-03-27T19:30:00,2025,3,Essendon,Port Adelaide,1435.3304321052226,1448.264192468049,12.933760362826487,1432.3637925616893,1438.6022642162234,6.238471654534089,-11.735897117108182,20.0,72.0,60.0,win
match,2025-03-27T19:30:00,2025,3,Port Adelaide,Essendon,1530.5741373208425,1517.640376958016,-12.933760362826487,1499.905769021892,1493.6672973673578,-6.238471654534089,11.735897117108182,20.0,60.0,72.0,loss
match,2025-03-28T19:40:00,2025,3,Carlton,Western Bulldogs,1495.2547238523862,1484.9916034370597,-10.263120415326576,1494.2861666917297,1487.9339607609409,-6.352205930788792,11.949855573398331,21.0,75.0,83.0,loss
match,2025-03-28T19:40:00,2025,3,Western Bulldogs,Carlton,1552.0079044862387,1562.2710249015652,10.263120415326576,1541.480337305258,1547.8325432360468,6.352205930788792,-11.949855573398331,21.0,83.0,75.0,win
match,2025-03-29T13:20:00,2025,3,Melbourne,Gold Coast,1480.954099544653,1455.7457696419203,-25.208329902732768,1450.8916576130266,1417.9446428519955,-32.94701476103114,61.980369065279255,22.0,62.0,120.0,loss
match,2025-03-29T13:20:00,2025,3,Gold Coast,Melbourne,1483.8567001974109,1509.0650301001435,25.208329902732768,1497.9173734601522,1530.8643882211834,32.94701476103114,-61.980369065279255,22.0,120.0,62.0,win
match,2025-03-29T16:15:00,2025,3,St Kilda,Richmond,1487.7580514911322,1498.9130520333551,11.155000542222915,1489.6714230719047,1513.5208273972812,23.8494043253765,-44.86582146502307,23.0,135.0,53.0,win
match,2025-03-29T16:15:00,2025,3,Richmond,St Kilda,1355.4256943304404,1344.2706937882174,-11.155000542222915,1353.6660636369998,1329.8166593116232,-23.8494043253765,44.86582146502307,23.0,53.0,135.0,loss
match,2025-03-29T19:35:00,2025,3,Brisbane Lions,Geelong,1636.079503239658,1642.6007611684004,6.521257928742457,1579.3406184759028,1577.943650369704,-1.3969681061988484,2.6279952652049925,24.0,70.0,61.0,win
match,2025-03-29T19:35:00,2025,3,Geelong,Brisbane Lions,1566.2404356670327,1559.7191777382902,-6.521257928742457,1584.146352091219,1585.5433201974176,1.3969681061988484,-2.6279952652049925,24.0,61.0,70.0,loss
match,2025-03-29T19:35:00,2025,3,Hawthorn,Greater Western Sydney,1596.2672954973143,1604.9243948481765,8.657099350862227,1614.424627759049,1609.0979825012369,-5.326645257812025,10.020556986835071,25.0,76.0,64.0,win
match,2025-03-29T19:35:00,2025,3,Greater Western Sydney,Hawthorn,1565.2425284876365,1556.5854291367743,-8.657099350862227,1561.8565097033108,1567.183154961123,5.326645257812025,-10.020556986835071,25.0,64.0,76.0,loss
match,2025-03-30T15:20:00,2025,3,Adelaide,North Melbourne,1516.8474343397959,1524.2991532657215,7.451718925925757,1565.4864819104162,1564.3020153954396,-1.184466514976511,2.2282344023028458,26.0,114.0,78.0,win
match,2025-03-30T15:20:00,2025,3,North Melbourne,Adelaide,1348.5651729712968,1341.113454045371,-7.451718925925757,1423.4412065497622,1424.6256730647387,1.184466514976511,-2.2282344023028458,26.0,78.0,114.0,loss
match,2025-03-30T18:10:00,2025,3,West Coast,Fremantle,1328.72608277572,1315.1640589570084,-13.562023818711703,1337.7923059733828,1325.272278801462,-12.52002717192061,23.552844178793137,27.0,68.0,106.0,loss
match,2025-03-30T18:10:00,2025,3,Fremantle,West Coast,1495.0175774739878,1508.5796012926994,13.562023818711703,1486.550213345668,1499.0702405175887,12.52002717192061,-23.552844178793137,27.0,106.0,68.0,win
match,2025-04-03T19:30:00,2025,4,Collingwood,Carlton,1552.2768838915642,1561.0194898112056,8.742605919641388,1554.4445924094246,1550.4333143670096,-4.011278042414957,7.546070419296125,28.0,63.0,46.0,win
match,2025-04-03T19:30:00,2025,4,Carlton,Collingwood,1484.9916034370597,1476.2489975174183,-8.742605919641388,1487.9339607609409,1491.9452388033558,4.011278042414957,-7.546070419296125,28.0,46.0,63.0,loss
match,2025-04-04T19:40:00,2025,4,Geelong,Melbourne,1559.7191777382902,1569.8680547662918,10.148877028001698,1585.5433201974176,1583.4930923682805,-2.0502278291370537,3.856916277225835,29.0,85.0,46.0,win
match,2025-04-04T19:40:00,2025,4,Melbourne,Geelong,1455.7457696419203,1445.5968926139187,-10.148877028001698,1417.9446428519955,1419.9948706811326,2.0502278291370537,-3.856916277225835,29.0,46.0,85.0,loss
match,2025-04-05T13:20:00,2025,4,Gold Coast,Adelaide,1509.0650301001435,1511.13891540824,2.0738853080966186,1530.8643882211834,1527.9717432295442,-2.892644991639216,5.441682818823585,30.0,91.0,90.0,win
match,2025-04-05T13:20:00,2025,4,Adelaide,Gold Coast,1524.2991532657215,1522.225267957625,-2.0738853080966186,1564.3020153954396,1567.1946603870788,2.892644991639216,-5.441682818823585,30.0,90.0,91.0,loss
match,2025-04-05T16:15:00,2025,4,Richmond,Brisbane Lions,1344.2706937882174,1337.1736269027415,-7.0970668854760035,1329.8166593116232,1332.180363920422,2.3637046087987263,-4.446633028128751,31.0,90.0,118.0,loss
match,2025-04-05T16:15:00,2025,4,Brisbane Lions,Richmond,1642.6007611684004,1649.6978280538763,7.0970668854760035,1577.943650369704,1575.5799457609053,-2.3637046087987263,4.446633028128751,31.0,118.0,90.0,win
match,2025-04-05T19:35:00,2025,4,North Melbourne,Sydney,1341.113454045371,1328.808278278321,-12.305175767050057,1424.6256730647387,1393.8103823526492,-30.815290712089624,57.97014099888093,32.0,52.0,117.0,loss
match,2025-04-05T19:35:00,2025,4,Sydney,North Melbourne,1573.5762577577186,1585.8814335247687,12.305175767050057,1532.4351695490539,1563.2504602611434,30.815290712089624,-57.97014099888093,32.0,117.0,52.0,win
match,2025-04-06T13:10:00,2025,4,Greater Western Sydney,West Coast,1556.5854291367743,1563.2630141827742,6.677585045999877,1567.183154961123,1580.3035957981183,13.120440836995277,-24.68235047315946,33.0,132.0,51.0,win
match,2025-04-06T13:10:00,2025,4,West Coast,Greater Western Sydney,1315.1640589570084,1308.4864739110085,-6.677585045999877,1325.272278801462,1312.1518379644667,-13.120440836995277,24.68235047315946,33.0,51.0,132.0,loss
match,2025-04-06T15:20:00,2025,4,Port Adelaide,St Kilda,1517.640376958016,1500.2405186546036,-17.399858303412525,1493.6672973673578,1479.8983798523527,-13.768917515005045,25.902273556473542,34.0,72.0,89.0,loss
match,2025-04-06T15:20:00,2025,4,St Kilda,Port Adelaide,1498.9130520333551,1516.3129103367676,17.399858303412525,1513.5208273972812,1527.2897449122863,13.768917515005045,-25.902273556473542,34.0,89.0,72.0,win
match,2025-04-06T17:10:00,2025,4,Fremantle,Western Bulldogs,1508.5796012926994,1521.589882136267,13.010280843567637,1499.0702405175887,1505.6267489034085,6.5565083858199,-12.334192110581293,35.0,97.0,81.0,win
match,2025-04-06T17:10:00,2025,4,Western Bulldogs,Fremantle,1562.2710249015652,1549.2607440579975,-13.010280843567637,1547.8325432360468,1541.276034850227,-6.5565083858199,12.334192110581293,35.0,81.0,97.0,loss
match,2025-04-10T19:40:00,2025,5,Adelaide,Geelong,1522.225267957625,1506.7484305199475,-15.476837437677489,1567.1946603870788,1552.0202873408357,-15.174373046243108,28.546235480271427,36.0,100.0,119.0,loss
match,2025-04-10T19:40:00,2025,5,Geelong,Adelaide,1569.8680547662918,1585.3448922039693,15.476837437677489,1583.4930923682805,1598.6674654145236,15.174373046243108,-28.546235480271427,36.0,119.0,100.0,win
match,2025-04-11T19:40:00,2025,5,Collingwood,Sydney,1561.0194898112056,1576.2525972707072,15.23310745950159,1550.4333143670096,1561.5023252367228,11.0690108697132,-20.82317271742225,37.0,109.0,78.0,win
match,2025-04-11T19:40:00,2025,5,Sydney,Collingwood,1585.8814335247687,1570.6483260652672,-15.23310745950159,1563.2504602611434,1552.1814493914303,-11.0690108697132,20.82317271742225,37.0,78.0,109.0,loss
match,2025-04-12T12:35:00,2025,5,North Melbourne,Gold Coast,1328.808278278321,1314.731883394978,-14.076394883343045,1393.8103823526492,1372.4428834015678,-21.367498951081508,40.196827560730135,38.0,89.0,141.0,loss
match,2025-04-12T12:35:00,2025,5,Gold Coast,North Melbourne,1511.13891540824,1525.2153102915831,14.076394883343045,1527.9717432295442,1549.3392421806257,21.367498951081508,-40.196827560730135,38.0,141.0,89.0,win
match,2025-04-12T13:20:00,2025,5,Carlton,West Coast,1476.2489975174183,1485.4028785756386,9.153881058220307,1491.9452388033558,1505.7311066727202,13.785867869364422,-25.934160791981874,39.0,121.0,50.0,win
match,2025-04-12T13:20:00,2025,5,West Coast,Carlton,1308.4864739110085,1299.3325928527881,-9.153881058220307,1312.1518379644667,1298.3659700951023,-13.785867869364422,25.934160791981874,39.0,50.0,121.0,loss
match,2025-04-12T16:15:00,2025,5,Western Bulldogs,Brisbane Lions,1549.2607440579975,1535.47265280333,-13.788091254667483,1541.276034850227,1526.7722232341462,-14.503811616080753,27.284766262988583,40.0,97.0,118.0,loss
match,2025-04-12T16:15:00,2025,5,Brisbane Lions,Western Bulldogs,1649.6978280538763,1663.4859193085438,13.788091254667483,1575.5799457609053,1590.0837573769861,14.503811616080753,-27.284766262988583,40.0,118.0,97.0,win
match,2025-04-12T19:35:00,2025,5,Melbourne,Essendon,1445.5968926139187,1423.2396147256793,-22.357277888239402,1419.9948706811326,1394.4113865939887,-25.583484087143923,48.1279957288383,41.0,57.0,96.0,loss
match,2025-04-12T19:35:00,2025,5,Essendon,Melbourne,1448.264192468049,1470.6214703562885,22.357277888239402,1438.6022642162234,1464.1857483033673,25.583484087143923,-48.1279957288383,41.0,96.0,57.0,win
match,2025-04-13T12:35:00,2025,5,Richmond,Fremantle,1337.1736269027415,1322.5448556533793,-14.628771249362256,1332.180363920422,1309.811381052744,-22.368982867677826,42.08083262807234,42.0,47.0,108.0,loss
match,2025-04-13T12:35:00,2025,5,Fremantle,Richmond,1521.589882136267,1536.2186533856293,14.628771249362256,1505.6267489034085,1527.9957317710864,22.368982867677826,-42.08083262807234,42.0,108.0,47.0,win
match,2025-04-13T15:20:00,2025,5,St Kilda,Greater Western Sydney,1516.3129103367676,1498.4120667147463,-17.900843622021235,1527.2897449122863,1510.8664667423182,-16.423278169968086,30.89569266349241,43.0,82.0,110.0,loss
match,2025-04-13T15:20:00,2025,5,Greater Western Sydney,St Kilda,1563.2630141827742,1581.1638578047955,17.900843622021235,1580.3035957981183,1596.7268739680865,16.423278169968086,-30.89569266349241,43.0,110.0,82.0,win
match,2025-04-13T19:20:00,2025,5,Port Adelaide,Hawthorn,1500.2405186546036,1519.24700991607,19.006491261466486,1479.8983798523527,1501.6420104367417,21.743630584389006,-40.90441146836533,44.0,121.0,91.0,win
match,2025-04-13T19:20:00,2025,5,Hawthorn,Port Adelaide,1604.9243948481765,1585.91790358671,-19.006491261466486,1609.0979825012369,1587.354351916848,-21.743630584389006,40.90441146836533,44.0,91.0,121.0,loss
match,2025-04-17T19:30:00,2025,6,Brisbane Lions,Collingwood,1663.4859193085438,1634.2680681019206,-29.21785120662314,1590.0837573769861,1553.046139811225,-37.0376175657612,69.67566629859681,45.0,53.0,105.0,loss
match,2025-04-17T19:30:00,2025,6,Collingwood,Brisbane Lions,1576.2525972707072,1605.4704484773304,29.21785120662314,1561.5023252367228,1598.539942802484,37.0376175657612,-69.67566629859681,45.0,105.0,53.0,win
match,2025-04-18T15:20:00,2025,6,North Melbourne,Carlton,1314.731883394978,1298.025624815623,-16.706258579355136,1372.4428834015678,1335.0441588640726,-37.3987245374952,70.35498560999588,46.0,71.0,153.0,loss
match,2025-04-18T15:20:00,2025,6,Carlton,North Melbourne,1485.4028785756386,1502.1091371549937,16.706258579355136,1505.7311066727202,1543.1298312102153,37.3987245374952,-70.35498560999588,46.0,153.0,71.0,win
match,2025-04-18T18:10:00,2025,6,West Coast,Essendon,1299.3325928527881,1296.3251688939715,-3.007423958816546,1298.3659700951023,1306.6253739884837,8.2594038933814,-15.537702134290786,47.0,75.0,77.0,loss
match,2025-04-18T18:10:00,2025,6,Essendon,West Coast,1470.6214703562885,1473.628894315105,3.007423958816546,1464.1857483033673,1455.9263444099859,-8.2594038933814,15.537702134290786,47.0,77.0,75.0,win
match,2025-04-19T13:20:00,2025,6,Melbourne,Fremantle,1423.2396147256793,1435.6899043170026,12.450289591323244,1394.4113865939887,1405.9457781777849,11.53439158379618,-21.69865320097862,48.0,107.0,97.0,win
match,2025-04-19T13:20:00,2025,6,Fremantle,Melbourne,1536.2186533856293,1523.768363794306,-12.450289591323244,1527.9957317710864,1516.4613401872903,-11.53439158379618,21.69865320097862,48.0,97.0,107.0,loss
match,2025-04-19T16:15:00,2025,6,Adelaide,Greater Western Sydney,1506.7484305199475,1521.2447465180715,14.496315998123837,1552.0202873408357,1559.2494239657235,7.229136624887823,-13.599549436686246,49.0,52.0,34.0,win
match,2025-04-19T16:15:00,2025,6,Greater Western Sydney,Adelaide,1581.1638578047955,1566.6675418066716,-14.496315998123837,1596.7268739680865,1589.4977373431987,-7.229136624887823,13.599549436686246,49.0,34.0,52.0,loss
match,2025-04-19T19:35:00,2025,6,Richmond,Gold Coast,1322.5448556533793,1338.346539672413,15.801684019033742,1309.811381052744,1332.0783949805186,22.267013927774542,-41.88900728139856,50.0,80.0,69.0,win
match,2025-04-19T19:35:00,2025,6,Gold Coast,Richmond,1525.2153102915831,1509.4136262725494,-15.801684019033742,1549.3392421806257,1527.0722282528511,-22.267013927774542,41.88900728139856,50.0,69.0,80.0,loss
match,2025-04-20T15:20:00,2025,6,Sydney,Port Adelaide,1570.6483260652672,1557.4301818620086,-13.218144203258529,1552.1814493914303,1536.4187053582673,-15.762744033162914,29.653086925875684,51.0,77.0,85.0,loss
match,2025-04-20T15:20:00,2025,6,Port Adelaide,Sydney,1519.24700991607,1532.4651541193286,13.218144203258529,1501.6420104367417,1517.4047544699047,15.762744033162914,-29.653086925875684,51.0,85.0,77.0,win
match,2025-04-20T19:20:00,2025,6,Western Bulldogs,St Kilda,1535.47265280333,1551.2828348910202,15.810182087690226,1526.7722232341462,1556.3384447449043,29.566221510758066,-55.620375150650844,52.0,127.0,56.0,win
match,2025-04-20T19:20:00,2025,6,St Kilda,Western Bulldogs,1498.4120667147463,1482.601884627056,-15.810182087690226,1510.8664667423182,1481.30024523156,-29.566221510758066,55.620375150650844,52.0,56.0,127.0,loss
match,2025-04-21T15:20:00,2025,6,Geelong,Hawthorn,1585.3448922039693,1592.7993213888067,7.454429184837438,1598.6674654145236,1594.6553080959065,-4.01215731861704,7.547724525560705,53.0,86.0,79.0,win
match,2025-04-21T15:20:00,2025,6,Hawthorn,Geelong,1585.91790358671,1578.4634744018726,-7.454429184837438,1587.354351916848,1591.366509235465,4.01215731861704,-7.547724525560705,53.0,79.0,86.0,loss
match,2025-04-24T19:30:00,2025,7,Melbourne,Richmond,1435.6899043170026,1443.9417173268967,8.251813009894036,1405.9457781777849,1402.8208512523368,-3.124926925448087,5.878654729301463,54.0,83.0,63.0,win
match,2025-04-24T19:30:00,2025,7,Richmond,Melbourne,1338.346539672413,1330.094726662519,-8.251813009894036,1332.0783949805186,1335.2033219059667,3.124926925448087,-5.878654729301463,54.0,63.0,83.0,loss
match,2025-04-25T15:20:00,2025,7,Collingwood,Essendon,1605.4704484773304,1614.6194373979242,9.148988920593851,1598.539942802484,1599.9586126789106,1.418669876426775,-2.6688209284055233,55.0,107.0,66.0,win
match,2025-04-25T15:20:00,2025,7,Essendon,Collingwood,1473.628894315105,1464.4799053945112,-9.148988920593851,1455.9263444099859,1454.507674533559,-1.418669876426775,2.6688209284055233,55.0,66.0,107.0,loss
match,2025-04-25T20:10:00,2025,7,Fremantle,Adelaide,1523.768363794306,1535.1445945712894,11.376230776983366,1516.4613401872903,1523.5057487105755,7.04440852328518,-13.252036437493299,56.0,85.0,67.0,win
match,2025-04-25T20:10:00,2025,7,Adelaide,Fremantle,1521.2447465180715,1509.868515741088,-11.376230776983366,1559.2494239657235,1552.2050154424383,-7.04440852328518,13.252036437493299,56.0,67.0,85.0,loss
match,2025-04-26T13:20:00,2025,7,St Kilda,Brisbane Lions,1482.601884627056,1467.5230022187852,-15.078882408270813,1481.30024523156,1457.6439110786516,-23.656334152908382,44.502615249471646,57.0,73.0,118.0,loss
match,2025-04-26T13:20:00,2025,7,Brisbane Lions,St Kilda,1634.2680681019206,1649.3469505101914,15.078882408270813,1553.046139811225,1576.7024739641333,23.656334152908382,-44.502615249471646,57.0,118.0,73.0,win
match,2025-04-26T16:15:00,2025,7,Port Adelaide,North Melbourne,1532.4651541193286,1535.5862529283047,3.121098808976026,1517.4047544699047,1497.9859832153454,-19.418771254559193,36.530854703576374,58.0,97.0,88.0,win
match,2025-04-26T16:15:00,2025,7,North Melbourne,Port Adelaide,1298.025624815623,1294.9045260066468,-3.121098808976026,1335.0441588640726,1354.462930118632,19.418771254559193,-36.530854703576374,58.0,88.0,97.0,loss
match,2025-04-26T19:35:00,2025,7,Greater Western Sydney,Western Bulldogs,1566.6675418066716,1544.8438859485573,-21.823655858114222,1589.4977373431987,1562.6507639093375,-26.846973433861223,50.50488894928908,59.0,81.0,113.0,loss
match,2025-04-26T19:35:00,2025,7,Western Bulldogs,Greater Western Sydney,1551.2828348910202,1573.1064907491345,21.823655858114222,1556.3384447449043,1583.1854181787655,26.846973433861223,-50.50488894928908,59.0,113.0,81.0,win
match,2025-04-27T13:15:00,2025,7,Gold Coast,Sydney,1509.4136262725494,1526.9414368408243,17.527810568274916,1527.0722282528511,1541.5280590545367,14.455830801685591,-27.194504107044118,60.0,117.0,79.0,win
match,2025-04-27T13:15:00,2025,7,Sydney,Gold Coast,1557.4301818620086,1539.9023712937337,-17.527810568274916,1536.4187053582673,1521.9628745565817,-14.455830801685591,27.194504107044118,60.0,79.0,117.0,loss
match,2025-04-27T15:20:00,2025,7,Carlton,Geelong,1502.1091371549937,1517.272938324052,15.163801169058091,1543.1298312102153,1551.0155426498109,7.885711439595468,-14.83470684410878,61.0,94.0,76.0,win
match,2025-04-27T15:20:00,2025,7,Geelong,Carlton,1592.7993213888067,1577.6355202197485,-15.163801169058091,1594.6553080959065,1586.769596656311,-7.885711439595468,14.83470684410878,61.0,76.0,94.0,loss
match,2025-04-27T16:45:00,2025,7,Hawthorn,West Coast,1578.4634744018726,1583.2161227073532,4.752648305480442,1591.366509235465,1583.8842007226513,-7.482308512813683,14.075819810934476,62.0,124.0,74.0,win
match,2025-04-27T16:45:00,2025,7,West Coast,Hawthorn,1296.3251688939715,1291.572520588491,-4.752648305480442,1306.6253739884837,1314.1076825012974,7.482308512813683,-14.075819810934476,62.0,74.0,124.0,loss
match,2025-05-01T19:30:00,2025,8,Essendon,North Melbourne,1464.4799053945112,1466.7397442486817,2.2598388541704897,1454.507674533559,1439.8254712475373,-14.682203286021902,27.620359081376538,63.0,65.0,62.0,win
match,2025-05-01T19:30:00,2025,8,North Melbourne,Essendon,1294.9045260066468,1292.6446871524763,-2.2598388541704897,1354.462930118632,1369.1451334046537,14.682203286021902,-27.620359081376538,63.0,62.0,65.0,loss
match,2025-05-02T19:40:00,2025,8,St Kilda,Fremantle,1467.5230022187852,1488.9660481610838,21.44304594229855,1457.6439110786516,1489.76762308417,32.123712005518335,-60.43156080421943,64.0,94.0,33.0,win
match,2025-05-02T19:40:00,2025,8,Fremantle,St Kilda,1535.1445945712894,1513.7015486289908,-21.44304594229855,1523.5057487105755,1491.382036705057,-32.123712005518335,60.43156080421943,64.0,33.0,94.0,loss
match,2025-05-03T13:20:00,2025,8,Western Bulldogs,Port Adelaide,1573.1064907491345,1589.6191976297316,16.512706880597182,1583.1854181787655,1616.1793789986282,32.99396081986265,-62.06868462508465,65.0,131.0,41.0,win
match,2025-05-03T13:20:00,2025,8,Port Adelaide,Western Bulldogs,1535.5862529283047,1519.0735460477076,-16.512706880597182,1497.9859832153454,1464.9920223954828,-32.99396081986265,62.06868462508465,65.0,41.0,131.0,loss
match,2025-05-03T16:15:00,2025,8,Adelaide,Carlton,1509.868515741088,1527.5362077889934,17.667692047905412,1552.2050154424383,1577.3409435848953,25.135928142456983,-47.286047442164815,66.0,110.0,50.0,win
match,2025-05-03T16:15:00,2025,8,Carlton,Adelaide,1517.272938324052,1499.6052462761465,-17.667692047905412,1551.0155426498109,1525.8796145073538,-25.135928142456983,47.286047442164815,66.0,50.0,110.0,loss
match,2025-05-03T19:35:00,2025,8,Collingwood,Geelong,1614.6194373979242,1607.373317016264,-7.246120381660134,1599.9586126789106,1590.4501113992749,-9.508501279635855,17.887521004378417,67.0,87.0,90.0,loss
match,2025-05-03T19:35:00,2025,8,Geelong,Collingwood,1577.6355202197485,1584.8816406014087,7.246120381660134,1586.769596656311,1596.2780979359468,9.508501279635855,-17.887521004378417,67.0,90.0,87.0,win
match,2025-05-03T19:35:00,2025,8,West Coast,Melbourne,1291.572520588491,1278.0973038589264,-13.475216729564698,1314.1076825012974,1298.995520113758,-15.112162387539344,28.429203949062295,68.0,76.0,108.0,loss
match,2025-05-03T19:35:00,2025,8,Melbourne,West Coast,1443.9417173268967,1457.4169340564613,13.475216729564698,1402.8208512523368,1417.9330136398762,15.112162387539344,-28.429203949062295,68.0,108.0,76.0,win
match,2025-05-04T13:10:00,2025,8,Sydney,Greater Western Sydney,1539.9023712937337,1550.4239397199244,10.521568426190713,1521.9628745565817,1526.678773228534,4.715898671952315,-8.87161226235833,69.0,87.0,73.0,win
match,2025-05-04T13:10:00,2025,8,Greater Western Sydney,Sydney,1544.8438859485573,1534.3223175223666,-10.521568426190713,1562.6507639093375,1557.934865237385,-4.715898671952315,8.87161226235833,69.0,73.0,87.0,loss
match,2025-05-04T15:20:00,2025,8,Hawthorn,Richmond,1583.2161227073532,1589.1503472270317,5.934224519678457,1583.8842007226513,1587.8476256262982,3.9634249036468083,-7.456048448465253,70.0,109.0,44.0,win
match,2025-05-04T15:20:00,2025,8,Richmond,Hawthorn,1330.094726662519,1324.1605021428404,-5.934224519678457,1335.2033219059667,1331.2398970023198,-3.9634249036468083,7.456048448465253,70.0,44.0,109.0,loss
match,2025-05-04T19:20:00,2025,8,Brisbane Lions,Gold Coast,1649.3469505101914,1656.3053847939673,6.958434283775956,1576.7024739641333,1575.7084861139906,-0.9939878501426643,1.8699033659071844,71.0,66.0,49.0,win
match,2025-05-04T19:20:00,2025,8,Gold Coast,Brisbane Lions,1526.9414368408243,1519.9830025570484,-6.958434283775956,1541.5280590545367,1542.5220469046794,0.9939878501426643,-1.8699033659071844,71.0,49.0,66.0,loss
match,2025-05-08T20:10:00,2025,9,Fremantle,Collingwood,1513.7015486289908,1501.7462585918845,-11.955290037106323,1491.382036705057,1486.8352156579203,-4.546821047136775,8.55354115143198,72.0,83.0,97.0,loss
match,2025-05-08T20:10:00,2025,9,Collingwood,Fremantle,1607.373317016264,1619.3286070533704,11.955290037106323,1590.4501113992749,1594.9969324464116,4.546821047136775,-8.55354115143198,72.0,97.0,83.0,win
match,2025-05-09T19:40:00,2025,9,St Kilda,Carlton,1488.9660481610838,1473.5118104985233,-15.454237662560363,1489.76762308417,1478.6273379104098,-11.140285173760358,20.957254900641434,73.0,62.0,77.0,loss
match,2025-05-09T19:40:00,2025,9,Carlton,St Kilda,1499.6052462761465,1515.059483938707,15.454237662560363,1525.8796145073538,1537.019899681114,11.140285173760358,-20.957254900641434,73.0,77.0,62.0,win
match,2025-05-10T13:20:00,2025,9,Melbourne,Hawthorn,1457.4169340564613,1442.5008759870095,-14.916058069451662,1417.9330136398762,1409.0448308378268,-8.888182802049405,16.72056950793222,74.0,56.0,91.0,loss
match,2025-05-10T13:20:00,2025,9,Hawthorn,Melbourne,1589.1503472270317,1604.0664052964835,14.916058069451662,1587.8476256262982,1596.7358084283476,8.888182802049405,-16.72056950793222,74.0,91.0,56.0,win
match,2025-05-10T16:15:00,2025,9,Essendon,Sydney,1466.7397442486817,1477.0723086980202,10.332564449338351,1439.8254712475373,1445.7970976631088,5.971626415571585,-11.233904250253042,75.0,71.0,63.0,win
match,2025-05-10T16:15:00,2025,9,Sydney,Essendon,1550.4239397199244,1540.091375270586,-10.332564449338351,1526.678773228534,1520.7071468129625,-5.971626415571585,11.233904250253042,75.0,63.0,71.0,loss
match,2025-05-10T19:35:00,2025,9,Gold Coast,Western Bulldogs,1519.9830025570484,1531.0612295865183,11.07822702946979,1542.5220469046794,1548.2862081401652,5.764161235485775,-10.843617951989623,76.0,106.0,96.0,win
match,2025-05-10T19:35:00,2025,9,Western Bulldogs,Gold Coast,1589.6191976297316,1578.5409706002617,-11.07822702946979,1616.1793789986282,1610.4152177631424,-5.764161235485775,10.843617951989623,76.0,96.0,106.0,loss
match,2025-05-10T20:10:00,2025,9,Port Adelaide,Adelaide,1519.0735460477076,1510.0649843528317,-9.008561694875869,1464.9920223954828,1466.5081286145057,1.5161062190228813,-2.852119491819548,77.0,84.0,89.0,loss
match,2025-05-10T20:10:00,2025,9,Adelaide,Port Adelaide,1527.5362077889934,1536.5447694838692,9.008561694875869,1577.3409435848953,1575.8248373658723,-1.5161062190228813,2.852119491819548,77.0,89.0,84.0,win
match,2025-05-11T13:10:00,2025,9,Richmond,West Coast,1324.1605021428404,1327.0272489327301,2.8667467898896355,1331.2398970023198,1322.5544589672281,-8.685438035091734,16.339163314587093,78.0,81.0,79.0,win
match,2025-05-11T13:10:00,2025,9,West Coast,Richmond,1278.0973038589264,1275.2305570690366,-2.8667467898896355,1298.995520113758,1307.6809581488496,8.685438035091734,-16.339163314587093,78.0,79.0,81.0,loss
match,2025-05-11T15:20:00,2025,9,Geelong,Greater Western Sydney,1584.8816406014087,1575.932122158207,-8.949518443201667,1596.2780979359468,1583.8159848538307,-12.46211308211614,23.443895411015657,79.0,101.0,105.0,loss
match,2025-05-11T15:20:00,2025,9,Greater Western Sydney,Geelong,1534.3223175223666,1543.2718359655682,8.949518443201667,1557.934865237385,1570.3969783195012,12.46211308211614,-23.443895411015657,79.0,105.0,101.0,win
match,2025-05-11T16:40:00,2025,9,North Melbourne,Brisbane Lions,1292.6446871524763,1292.6446871524763,0.0,1369.1451334046537,1382.3907832673856,13.24564986273189,-24.917895383123145,80.0,71.0,71.0,draw
match,2025-05-11T16:40:00,2025,9,Brisbane Lions,North Melbourne,1656.3053847939673,1656.3053847939673,-0.0,1575.7084861139906,1562.4628362512588,-13.24564986273189,24.917895383123145,80.0,71.0,71.0,draw
match,2025-05-15T19:30:00,2025,10,Gold Coast,Hawthorn,1531.0612295865183,1541.089320539137,10.028090952618735,1548.2862081401652,1550.5600329535132,2.2738248133480794,-4.277549943243868,81.0,104.0,96.0,win
match,2025-05-15T19:30:00,2025,10,Hawthorn,Gold Coast,1604.0664052964835,1594.0383143438648,-10.028090952618735,1596.7358084283476,1594.4619836149996,-2.2738248133480794,4.277549943243868,81.0,96.0,104.0,loss
match,2025-05-16T19:40:00,2025,10,Sydney,Carlton,1540.091375270586,1550.1049378743385,10.013562603752444,1520.7071468129625,1524.1391647945059,3.432017981543416,-6.456358570802372,82.0,78.0,62.0,win
match,2025-05-16T19:40:00,2025,10,Carlton,Sydney,1515.059483938707,1505.0459213349545,-10.013562603752444,1537.019899681114,1533.5878816995707,-3.432017981543416,6.456358570802372,82.0,62.0,78.0,loss
match,2025-05-17T13:20:00,2025,10,Collingwood,Adelaide,1619.3286070533704,1625.8412499243404,6.512642870969925,1594.9969324464116,1591.8227677026719,-3.174164743739807,5.971281577949963,83.0,78.0,68.0,win
match,2025-05-17T13:20:00,2025,10,Adelaide,Collingwood,1536.5447694838692,1530.0321266128992,-6.512642870969925,1575.8248373658723,1578.999002109612,3.174164743739807,-5.971281577949963,83.0,68.0,78.0,loss
match,2025-05-17T16:15:00,2025,10,Greater Western Sydney,Fremantle,1543.2718359655682,1519.7489271504344,-23.522908815133924,1570.3969783195012,1537.6337267081612,-32.76325161133996,61.63467134665228,84.0,61.0,95.0,loss
match,2025-05-17T16:15:00,2025,10,Fremantle,Greater Western Sydney,1501.7462585918845,1525.2691674070184,23.522908815133924,1486.8352156579203,1519.5984672692603,32.76325161133996,-61.63467134665228,84.0,95.0,61.0,win
match,2025-05-17T16:15:00,2025,10,Port Adelaide,Geelong,1510.0649843528317,1486.977317282768,-23.08766707006389,1466.5081286145057,1430.760122979145,-35.74800563536073,67.24963092097745,85.0,39.0,115.0,loss
match,2025-05-17T16:15:00,2025,10,Geelong,Port Adelaide,1575.932122158207,1599.0197892282708,23.08766707006389,1583.8159848538307,1619.5639904891914,35.74800563536073,-67.24963092097745,85.0,115.0,39.0,win
match,2025-05-17T19:35:00,2025,10,Western Bulldogs,Essendon,1578.5409706002617,1591.3547970644195,12.813826464157776,1610.4152177631424,1636.2937130094351,25.878495246292598,-48.682974705083446,86.0,127.0,36.0,win
match,2025-05-17T19:35:00,2025,10,Essendon,Western Bulldogs,1477.0723086980202,1464.2584822338624,-12.813826464157776,1445.7970976631088,1419.9186024168162,-25.878495246292598,48.682974705083446,86.0,36.0,127.0,loss
match,2025-05-18T13:10:00,2025,10,Richmond,North Melbourne,1327.0272489327301,1318.3605930013869,-8.666655931343188,1322.5544589672281,1319.5458232107987,-3.0086357564294137,5.65988621181698,87.0,74.0,78.0,loss
match,2025-05-18T13:10:00,2025,10,North Melbourne,Richmond,1292.6446871524763,1301.3113430838196,8.666655931343188,1382.3907832673856,1385.399419023815,3.0086357564294137,-5.65988621181698,87.0,78.0,74.0,win
match,2025-05-18T15:20:00,2025,10,Brisbane Lions,Melbourne,1656.3053847939673,1636.9779932615534,-19.327391532413884,1562.4628362512588,1535.1994430626116,-27.26339318864718,51.28826341507631,88.0,88.0,99.0,loss
match,2025-05-18T15:20:00,2025,10,Melbourne,Brisbane Lions,1442.5008759870095,1461.8282675194234,19.327391532413884,1409.0448308378268,1436.308224026474,27.26339318864718,-51.28826341507631,88.0,99.0,88.0,win
match,2025-05-18T16:40:00,2025,10,West Coast,St Kilda,1275.2305570690366,1298.0544584056684,22.823901336631696,1307.6809581488496,1332.381143611713,24.700185462863328,-46.4663224293041,89.0,108.0,80.0,win
match,2025-05-18T16:40:00,2025,10,St Kilda,West Coast,1473.5118104985233,1450.6879091618916,-22.823901336631696,1478.6273379104098,1453.9271524475464,-24.700185462863328,46.4663224293041,89.0,80.0,108.0,loss
match,2025-05-22T19:30:00,2025,11,Geelong,Western Bulldogs,1599.0197892282708,1609.09314820363,10.073358975359303,1619.5639904891914,1621.9730139435346,2.409023454343349,-4.531887452325943,90.0,127.0,113.0,win
match,2025-05-22T19:30:00,2025,11,Western Bulldogs,Geelong,1591.3547970644195,1581.2814380890602,-10.073358975359303,1636.2937130094351,1633.8846895550919,-2.409023454343349,4.531887452325943,90.0,113.0,127.0,loss
match,2025-05-23T19:40:00,2025,11,Essendon,Richmond,1464.2584822338624,1471.3138558937478,7.05537365988545,1419.9186024168162,1415.8362489243277,-4.082353492488408,7.6797785157347676,91.0,81.0,58.0,win
match,2025-05-23T19:40:00,2025,11,Richmond,Essendon,1318.3605930013869,1311.3052193415015,-7.05537365988545,1319.5458232107987,1323.6281767032872,4.082353492488408,-7.6797785157347676,91.0,58.0,81.0,loss
match,2025-05-24T12:35:00,2025,11,Carlton,Greater Western Sydney,1505.0459213349545,1485.6024225966964,-19.443498738258043,1533.5878816995707,1512.4495900645222,-21.13829163504856,39.76563966273013,92.0,82.0,110.0,loss
match,2025-05-24T12:35:00,2025,11,Greater Western Sydney,Carlton,1519.7489271504344,1539.1924258886925,19.443498738258043,1537.6337267081612,1558.7720183432098,21.13829163504856,-39.76563966273013,92.0,110.0,82.0,win
match,2025-05-24T16:15:00,2025,11,Hawthorn,Brisbane Lions,1594.0383143438648,1574.8966293088488,-19.141685035015996,1594.4619836149996,1564.5700184015686,-29.891965213430844,56.23316860276746,93.0,60.0,93.0,loss
match,2025-05-24T16:15:00,2025,11,Brisbane Lions,Hawthorn,1636.9779932615534,1656.1196782965694,19.141685035015996,1535.1994430626116,1565.0914082760426,29.891965213430844,-56.23316860276746,93.0,93.0,60.0,win
match,2025-05-24T19:35:00,2025,11,North Melbourne,Collingwood,1301.3113430838196,1293.9613976598496,-7.349945423969928,1385.399419023815,1374.7108583822958,-10.68856064151909,20.107464610770627,94.0,63.0,108.0,loss
match,2025-05-24T19:35:00,2025,11,Collingwood,North Melbourne,1625.8412499243404,1633.1911953483104,7.349945423969928,1591.8227677026719,1602.511328344191,10.68856064151909,-20.107464610770627,94.0,108.0,63.0,win
match,2025-05-24T20:10:00,2025,11,Fremantle,Port Adelaide,1525.2691674070184,1539.415518710988,14.146351303969533,1519.5984672692603,1530.4476033671701,10.849136097909868,-20.409541327648107,95.0,100.0,51.0,win
match,2025-05-24T20:10:00,2025,11,Port Adelaide,Fremantle,1486.977317282768,1472.8309659787983,-14.146351303969533,1430.760122979145,1419.9109868812352,-10.849136097909868,20.409541327648107,95.0,51.0,100.0,loss
match,2025-05-25T13:10:00,2025,11,Adelaide,West Coast,1530.0321266128992,1536.6472093694586,6.615082756559359,1578.999002109612,1583.6926421346113,4.693640024999301,-8.829738995142833,96.0,128.0,62.0,win
match,2025-05-25T13:10:00,2025,11,West Coast,Adelaide,1298.0544584056684,1291.439375649109,-6.615082756559359,1332.381143611713,1327.6875035867138,-4.693640024999301,8.829738995142833,96.0,62.0,128.0,loss
match,2025-05-25T15:20:00,2025,11,Melbourne,Sydney,1461.8282675194234,1483.6423384556815,21.81407093625808,1436.308224026474,1466.294714815802,29.986490789328258,-56.41099139256266,97.0,131.0,78.0,win
match,2025-05-25T15:20:00,2025,11,Sydney,Melbourne,1550.1049378743385,1528.2908669380804,-21.81407093625808,1524.1391647945059,1494.1526740051777,-29.986490789328258,56.41099139256266,97.0,78.0,131.0,loss
match,2025-05-25T16:40:00,2025,11,St Kilda,Gold Coast,1450.6879091618916,1437.0033584004677,-13.68455076142397,1453.9271524475464,1446.4879934399073,-7.439159007639103,13.994646379134888,98.0,61.0,80.0,loss
match,2025-05-25T16:40:00,2025,11,Gold Coast,St Kilda,1541.089320539137,1554.7738713005608,13.68455076142397,1550.5600329535132,1557.9991919611523,7.439159007639103,-13.994646379134888,98.0,80.0,61.0,win
match,2025-05-29T19:30:00,2025,12,Brisbane Lions,Essendon,1656.1196782965694,1661.495518209553,5.375839912983497,1565.0914082760426,1553.644427145717,-11.446981130325534,21.53421547557103,99.0,90.0,72.0,win
match,2025-05-29T19:30:00,2025,12,Essendon,Brisbane Lions,1471.3138558937478,1465.9380159807642,-5.375839912983497,1415.8362489243277,1427.2832300546534,11.446981130325534,-21.53421547557103,99.0,72.0,90.0,loss
match,2025-05-30T19:40:00,2025,12,Collingwood,Hawthorn,1633.1911953483104,1646.456444779428,13.265249431117473,1602.511328344191,1619.324363044745,16.8130347005541,-31.628907911870435,100.0,107.0,56.0,win
match,2025-05-30T19:40:00,2025,12,Hawthorn,Collingwood,1574.8966293088488,1561.6313798777312,-13.265249431117473,1564.5700184015686,1547.7569837010146,-16.8130347005541,31.628907911870435,100.0,56.0,107.0,loss
match,2025-05-31T13:20:00,2025,12,Gold Coast,Fremantle,1554.7738713005608,1540.4597454844363,-14.314125816124388,1557.9991919611523,1542.8551783444013,-15.144013616750897,28.48912291155506,101.0,64.0,75.0,loss
match,2025-05-31T13:20:00,2025,12,Fremantle,Gold Coast,1539.415518710988,1553.7296445271124,14.314125816124388,1530.4476033671701,1545.591616983921,15.144013616750897,-28.48912291155506,101.0,75.0,64.0,win
match,2025-05-31T16:15:00,2025,12,Greater Western Sydney,Richmond,1539.1924258886925,1540.9066686084127,1.7142427197203136,1558.7720183432098,1531.0814425265,-27.690575816709753,52.091885143406934,102.0,80.0,77.0,win
match,2025-05-31T16:15:00,2025,12,Richmond,Greater Western Sydney,1311.3052193415015,1309.5909766217812,-1.7142427197203136,1323.6281767032872,1351.318752519997,27.690575816709753,-52.091885143406934,102.0,77.0,80.0,loss
match,2025-05-31T19:35:00,2025,12,Sydney,Adelaide,1528.2908669380804,1500.7301794776545,-27.560687460425914,1494.1526740051777,1448.2889592599133,-45.86371474526438,86.27943949502786,103.0,41.0,131.0,loss
match,2025-05-31T19:35:00,2025,12,Adelaide,Sydney,1536.6472093694586,1564.2078968298845,27.560687460425914,1583.6926421346113,1629.5563568798757,45.86371474526438,-86.27943949502786,103.0,131.0,41.0,win
match,2025-06-01T15:20:00,2025,12,Melbourne,St Kilda,1483.6423384556815,1461.403615555843,-22.238722899838496,1466.294714815802,1442.8597159805151,-23.4349988352869,44.08623626118206,104.0,63.0,91.0,loss
match,2025-06-01T15:20:00,2025,12,St Kilda,Melbourne,1437.0033584004677,1459.2420813003062,22.238722899838496,1446.4879934399073,1469.9229922751942,23.4349988352869,-44.08623626118206,104.0,91.0,63.0,win
match,2025-06-01T19:20:00,2025,12,West Coast,Geelong,1291.439375649109,1283.9560772051186,-7.483298443990373,1327.6875035867138,1326.5221262272787,-1.1653773594350147,2.1923236251296174,105.0,73.0,116.0,loss
match,2025-06-01T19:20:00,2025,12,Geelong,West Coast,1609.09314820363,1616.5764466476205,7.483298443990373,1621.9730139435346,1623.1383913029697,1.1653773594350147,-2.1923236251296174,105.0,116.0,73.0,win
match,2025-06-05T19:30:00,2025,13,Western Bulldogs,Hawthorn,1581.2814380890602,1562.004702914716,-19.276735174344125,1633.8846895550919,1607.2532306354178,-26.631458919673985,50.09946013502065,106.0,59.0,81.0,loss
match,2025-06-05T19:30:00,2025,13,Hawthorn,Western Bulldogs,1561.6313798777312,1580.9081150520753,19.276735174344125,1547.7569837010146,1574.3884426206887,26.631458919673985,-50.09946013502065,106.0,81.0,59.0,win
match,2025-06-06T19:40:00,2025,13,Adelaide,Brisbane Lions,1564.2078968298845,1572.5152923005626,8.307395470678069,1629.5563568798757,1618.260988788457,-11.2953680914187,21.24899897948749,107.0,68.0,63.0,win
match,2025-06-06T19:40:00,2025,13,Brisbane Lions,Adelaide,1661.495518209553,1653.1881227388749,-8.307395470678069,1553.644427145717,1564.9397952371355,11.2953680914187,-21.24899897948749,107.0,63.0,68.0,loss
match,2025-06-07T13:20:00,2025,13,Richmond,Sydney,1309.5909766217812,1296.6522694618004,-12.938707159980934,1351.318752519997,1330.6227794979588,-20.695973022038167,38.93354391512836,108.0,36.0,80.0,loss
match,2025-06-07T13:20:00,2025,13,Sydney,Richmond,1500.7301794776545,1513.6688866376353,12.938707159980934,1448.2889592599133,1468.9849322819514,20.695973022038167,-38.93354391512836,108.0,80.0,36.0,win
match,2025-06-07T16:15:00,2025,13,Geelong,Gold Coast,1616.5764466476205,1626.214402793839,9.637956146218587,1623.1383913029697,1621.5219864022883,-1.616404900681417,3.040802726129133,109.0,61.0,37.0,win
match,2025-06-07T16:15:00,2025,13,Gold Coast,Geelong,1540.4597454844363,1530.8217893382177,-9.637956146218587,1542.8551783444013,1544.4715832450827,1.616404900681417,-3.040802726129133,109.0,37.0,61.0,loss
match,2025-06-07T19:35:00,2025,13,Greater Western Sydney,Port Adelaide,1540.9066686084127,1522.1899454540292,-18.716723154383526,1531.0814425265,1505.2281071077261,-25.85333541877384,48.63564369781185,110.0,50.0,66.0,loss
match,2025-06-07T19:35:00,2025,13,Port Adelaide,Greater Western Sydney,1472.8309659787983,1491.5476891331818,18.716723154383526,1419.9109868812352,1445.764322300009,25.85333541877384,-48.63564369781185,110.0,66.0,50.0,win
match,2025-06-08T15:20:00,2025,13,North Melbourne,West Coast,1293.9613976598496,1302.547303777315,8.585906117465406,1374.7108583822958,1368.7427502858188,-5.968108096477029,11.227285540863083,111.0,62.0,52.0,win
match,2025-06-08T15:20:00,2025,13,West Coast,North Melbourne,1283.9560772051186,1275.3701710876533,-8.585906117465406,1326.5221262272787,1332.4902343237557,5.968108096477029,-11.227285540863083,111.0,52.0,62.0,loss
match,2025-06-08T19:20:00,2025,13,Carlton,Essendon,1485.6024225966964,1493.039790032107,7.437367435410626,1512.4495900645222,1501.8578500939107,-10.591739970611629,19.925324257250946,112.0,78.0,70.0,win
match,2025-06-08T19:20:00,2025,13,Essendon,Carlton,1465.9380159807642,1458.5006485453537,-7.437367435410626,1427.2832300546534,1437.874970025265,10.591739970611629,-19.925324257250946,112.0,70.0,78.0,loss
match,2025-06-09T15:20:00,2025,13,Melbourne,Collingwood,1461.403615555843,1459.742823724066,-1.6607918317769887,1442.8597159805151,1452.675660892806,9.815944912290776,-18.465888117664218,113.0,71.0,72.0,loss
match,2025-06-09T15:20:00,2025,13,Collingwood,Melbourne,1646.456444779428,1648.117236611205,1.6607918317769887,1619.324363044745,1609.5084181324542,-9.815944912290776,18.465888117664218,113.0,72.0,71.0,win
match,2025-06-12T19:30:00,2025,14,St Kilda,Western Bulldogs,1459.2420813003062,1438.8785025281218,-20.363578772184496,1469.9229922751942,1438.2291815541544,-31.69381072103981,59.622824702728,114.0,60.0,132.0,loss
match,2025-06-12T19:30:00,2025,14,Western Bulldogs,St Kilda,1562.004702914716,1582.3682816869004,20.363578772184496,1607.2532306354178,1638.9470413564577,31.69381072103981,-59.622824702728,114.0,132.0,60.0,win
match,2025-06-13T19:40:00,2025,14,Hawthorn,Adelaide,1580.9081150520753,1585.2742610226467,4.3661459705714245,1574.3884426206887,1573.5636948466683,-0.8247477740202496,1.5515266493886974,115.0,47.0,44.0,win
match,2025-06-13T19:40:00,2025,14,Adelaide,Hawthorn,1572.5152923005626,1568.1491463299913,-4.3661459705714245,1618.260988788457,1619.0857365624775,0.8247477740202496,-1.5515266493886974,115.0,44.0,47.0,loss
match,2025-06-14T13:20:00,2025,14,Brisbane Lions,Greater Western Sydney,1653.1881227388749,1635.6213317674994,-17.56679097137551,1564.9397952371355,1546.6991617023098,-18.240633534825655,34.31452611634488,116.0,96.0,107.0,loss
match,2025-06-14T13:20:00,2025,14,Greater Western Sydney,Brisbane Lions,1522.1899454540292,1539.7567364254046,17.56679097137551,1505.2281071077261,1523.468740642552,18.240633534825655,-34.31452611634488,116.0,107.0,96.0,win
match,2025-06-14T16:15:00,2025,14,Essendon,Geelong,1458.5006485453537,1441.5034481274358,-16.997200417917814,1437.874970025265,1398.4147414985591,-39.460228526705905,74.23311475181879,117.0,56.0,151.0,loss
match,2025-06-14T16:15:00,2025,14,Geelong,Essendon,1626.214402793839,1643.211603211757,16.997200417917814,1621.5219864022883,1660.9822149289942,39.460228526705905,-74.23311475181879,117.0,151.0,56.0,win
match,2025-06-14T19:35:00,2025,14,North Melbourne,Fremantle,1302.547303777315,1298.12752472375,-4.4197790535650086,1368.7427502858188,1375.9378319259633,7.195081640144586,-13.535484739529075,118.0,67.0,73.0,loss
match,2025-06-14T19:35:00,2025,14,Fremantle,North Melbourne,1553.7296445271124,1558.1494235806774,4.4197790535650086,1545.591616983921,1538.3965353437766,-7.195081640144586,13.535484739529075,118.0,73.0,67.0,win
match,2025-06-15T15:20:00,2025,14,Port Adelaide,Melbourne,1491.5476891331818,1503.1521972290125,11.604508095830662,1445.764322300009,1453.0752463069919,7.3109240069828685,-13.75340896429145,119.0,93.0,68.0,win
match,2025-06-15T15:20:00,2025,14,Melbourne,Port Adelaide,1459.742823724066,1448.1383156282354,-11.604508095830662,1452.675660892806,1445.3647368858233,-7.3109240069828685,13.75340896429145,119.0,68.0,93.0,loss
match,2025-06-15T18:10:00,2025,14,West Coast,Carlton,1275.3701710876533,1264.6424344717889,-10.727736615864483,1332.4902343237557,1324.0809543242008,-8.40927999955477,15.819651089061633,120.0,52.0,86.0,loss
match,2025-06-15T18:10:00,2025,14,Carlton,West Coast,1493.039790032107,1503.7675266479714,10.727736615864483,1501.8578500939107,1510.2671300934653,8.40927999955477,-15.819651089061633,120.0,86.0,52.0,win
match,2025-06-19T20:10:00,2025,15,Fremantle,Essendon,1558.1494235806774,1567.9209305560457,9.771506975368256,1538.3965353437766,1540.068615455225,1.6720801114483166,-3.1455396844286483,121.0,104.0,63.0,win
match,2025-06-19T20:10:00,2025,15,Essendon,Fremantle,1441.5034481274358,1431.7319411520675,-9.771506975368256,1398.4147414985591,1396.7426613871107,-1.6720801114483166,3.1455396844286483,121.0,63.0,104.0,loss
match,2025-06-20T19:40:00,2025,15,Geelong,Brisbane Lions,1643.211603211757,1619.9551609321688,-23.25644227958821,1660.9822149289942,1621.5398804915199,-39.4423344374744,74.19945214952538,122.0,51.0,92.0,loss
match,2025-06-20T19:40:00,2025,15,Brisbane Lions,Geelong,1635.6213317674994,1658.8777740470875,23.25644227958821,1546.6991617023098,1586.141496139784,39.4423344374744,-74.19945214952538,122.0,92.0,51.0,win
match,2025-06-21T13:20:00,2025,15,Carlton,North Melbourne,1503.7675266479714,1484.59156991888,-19.175956729091453,1510.2671300934653,1484.841743376251,-25.42538671721418,47.83058082167392,123.0,73.0,84.0,loss
match,2025-06-21T13:20:00,2025,15,North Melbourne,Carlton,1298.12752472375,1317.3034814528414,19.175956729091453,1375.9378319259633,1401.3632186431776,25.42538671721418,-47.83058082167392,123.0,84.0,73.0,win
match,2025-06-21T16:15:00,2025,15,Port Adelaide,Sydney,1503.1521972290125,1486.1389998491827,-17.013197379829695,1453.0752463069919,1437.8634418272834,-15.211804479708526,28.616651998358314,124.0,52.0,71.0,loss
match,2025-06-21T16:15:00,2025,15,Sydney,Port Adelaide,1513.6688866376353,1530.682084017465,17.013197379829695,1468.9849322819514,1484.1967367616598,15.211804479708526,-28.616651998358314,124.0,71.0,52.0,win
match,2025-06-21T19:35:00,2025,15,Collingwood,St Kilda,1648.117236611205,1654.1516649407658,6.0344283295609,1609.5084181324542,1604.4459390882487,-5.0624790442055465,9.523603938655647,125.0,108.0,74.0,win
match,2025-06-21T19:35:00,2025,15,St Kilda,Collingwood,1438.8785025281218,1432.844074198561,-6.0344283295609,1438.2291815541544,1443.2916605983598,5.0624790442055465,-9.523603938655647,125.0,74.0,108.0,loss
match,2025-06-22T13:10:00,2025,15,Greater Western Sydney,Gold Coast,1539.7567364254046,1546.968851053424,7.212114628019455,1523.468740642552,1522.568210301995,-0.9005303405570857,1.6940898368803516,126.0,106.0,99.0,win
match,2025-06-22T13:10:00,2025,15,Gold Coast,Greater Western Sydney,1530.8217893382177,1523.6096747101983,-7.212114628019455,1544.4715832450827,1545.3721135856397,0.9005303405570857,-1.6940898368803516,126.0,99.0,106.0,loss
match,2025-06-22T15:20:00,2025,15,Western Bulldogs,Richmond,1582.3682816869004,1587.6800903275457,5.311808640645348,1638.9470413564577,1644.6095508190042,5.6625094625465815,-10.652389264091525,127.0,135.0,56.0,win
match,2025-06-22T15:20:00,2025,15,Richmond,Western Bulldogs,1296.6522694618004,1291.3404608211551,-5.311808640645348,1330.6227794979588,1324.9602700354123,-5.6625094625465815,10.652389264091525,127.0,56.0,135.0,loss
match,2025-06-26T19:30:00,2025,16,Port Adelaide,Carlton,1486.1389998491827,1502.3834876146364,16.244487765453588,1437.8634418272834,1462.321613289145,24.458171461861554,-46.011042422606906,133.0,110.0,60.0,win
match,2025-06-26T19:30:00,2025,16,Carlton,Port Adelaide,1484.59156991888,1468.3470821534263,-16.244487765453588,1484.841743376251,1460.3835719143894,-24.458171461861554,46.011042422606906,133.0,60.0,110.0,loss
match,2025-06-27T19:40:00,2025,16,Sydney,Western Bulldogs,1530.682084017465,1519.8074605098166,-10.874623507648584,1484.1967367616598,1488.2145144449987,4.017777683338977,-7.5582976315696655,132.0,96.0,105.0,loss
match,2025-06-27T19:40:00,2025,16,Western Bulldogs,Sydney,1587.6800903275457,1598.5547138351942,10.874623507648584,1644.6095508190042,1640.5917731356653,-4.017777683338977,7.5582976315696655,132.0,105.0,96.0,win
match,2025-06-28T13:20:00,2025,16,Gold Coast,Melbourne,1523.6096747101983,1532.4548133250833,8.845138614884997,1545.3721135856397,1539.198656738673,-6.173456846966737,11.613590383191312,129.0,104.0,85.0,win
match,2025-06-28T13:20:00,2025,16,Melbourne,Gold Coast,1448.1383156282354,1439.2931770133505,-8.845138614884997,1445.3647368858233,1451.53819373279,6.173456846966737,-11.613590383191312,129.0,85.0,104.0,loss
match,2025-06-28T16:15:00,2025,16,Hawthorn,North Melbourne,1585.2742610226467,1591.1809509873267,5.906689964679922,1573.5636948466683,1595.5226723115063,21.95897746483793,-41.309524927781624,130.0,150.0,65.0,win
match,2025-06-28T16:15:00,2025,16,North Melbourne,Hawthorn,1317.3034814528414,1311.3967914881614,-5.906689964679922,1401.3632186431776,1379.4042411783396,-21.95897746483793,41.309524927781624,130.0,65.0,150.0,loss
match,2025-06-28T19:35:00,2025,16,Collingwood,West Coast,1654.1516649407658,1656.4231110852133,2.2714461444476046,1604.4459390882487,1586.22199249274,-18.223946595508743,34.28313442077143,128.0,88.0,59.0,win
match,2025-06-28T19:35:00,2025,16,West Coast,Collingwood,1264.6424344717889,1262.3709883273414,-2.2714461444476046,1324.0809543242008,1342.3049009197096,18.223946595508743,-34.28313442077143,128.0,59.0,88.0,loss
match,2025-06-29T15:20:00,2025,16,Richmond,Adelaide,1291.3404608211551,1281.0352044510385,-10.305256370116616,1324.9602700354123,1310.490188074541,-14.470081960871203,27.221313580143246,131.0,54.0,122.0,loss
match,2025-06-29T15:20:00,2025,16,Adelaide,Richmond,1568.1491463299913,1578.454402700108,10.305256370116616,1619.0857365624775,1633.5558185233488,14.470081960871203,-27.221313580143246,131.0,122.0,54.0,win
match,2025-06-29T17:10:00,2025,16,Fremantle,St Kilda,1567.9209305560457,1573.5975753152916,5.676644759245849,1540.068615455225,1530.4852058661186,-9.58340958910649,18.02843952767169,134.0,81.0,69.0,win
match,2025-06-29T17:10:00,2025,16,St Kilda,Fremantle,1432.844074198561,1427.1674294393151,-5.676644759245849,1443.2916605983598,1452.8750701874662,9.58340958910649,-18.02843952767169,134.0,69.0,81.0,loss
match,2025-07-03T19:30:00,2025,17,North Melbourne,Western Bulldogs,1311.3967914881614,1302.4445557915617,-8.952235696599676,1379.4042411783396,1371.862507117006,-7.541734061333462,14.187611955257033,139.0,85.0,134.0,loss
match,2025-07-03T19:30:00,2025,17,Western Bulldogs,North Melbourne,1598.5547138351942,1607.506949531794,8.952235696599676,1640.5917731356653,1648.1335071969988,7.541734061333462,-14.187611955257033,139.0,134.0,85.0,win
match,2025-07-04T19:20:00,2025,17,Carlton,Collingwood,1468.3470821534263,1454.2720047197004,-14.075077433725879,1460.3835719143894,1436.0883896301327,-24.2951822842567,45.704424980788055,136.0,59.0,115.0,loss
match,2025-07-04T19:20:00,2025,17,Collingwood,Carlton,1656.4231110852133,1670.4981885189393,14.075077433725879,1586.22199249274,1610.5171747769966,24.2951822842567,-45.704424980788055,136.0,115.0,59.0,win
match,2025-07-04T20:20:00,2025,17,West Coast,Greater Western Sydney,1262.3709883273414,1252.807200122217,-9.563788205124457,1342.3049009197096,1321.6554471275813,-20.649453792128384,38.84603131165416,143.0,52.0,111.0,loss
match,2025-07-04T20:20:00,2025,17,Greater Western Sydney,West Coast,1546.968851053424,1556.5326392585484,9.563788205124457,1522.568210301995,1543.2176640941234,20.649453792128384,-38.84603131165416,143.0,111.0,52.0,win
match,2025-07-05T12:35:00,2025,17,Essendon,Gold Coast,1431.7319411520675,1414.3614490225211,-17.370492129546417,1396.7426613871107,1382.021122689064,-14.72153869804667,27.694357389639464,137.0,74.0,115.0,loss
match,2025-07-05T12:35:00,2025,17,Gold Coast,Essendon,1532.4548133250833,1549.8253054546296,17.370492129546417,1539.198656738673,1553.9201954367197,14.72153869804667,-27.694357389639464,137.0,115.0,74.0,win
match,2025-07-05T16:15:00,2025,17,Geelong,Richmond,1619.9551609321688,1623.887992230294,3.932831298125242,1621.5398804915199,1623.218962271183,1.6790817796632895,-3.1587113172210053,138.0,124.0,52.0,win
match,2025-07-05T16:15:00,2025,17,Richmond,Geelong,1281.0352044510385,1277.1023731529133,-3.932831298125242,1310.490188074541,1308.8111062948778,-1.6790817796632895,3.1587113172210053,138.0,52.0,124.0,loss
match,2025-07-05T19:35:00,2025,17,Brisbane Lions,Port Adelaide,1658.8777740470875,1666.0993043552833,7.2215303081956455,1586.141496139784,1582.4593353671862,-3.6821607725978693,6.926930567112997,135.0,120.0,92.0,win
match,2025-07-05T19:35:00,2025,17,Port Adelaide,Brisbane Lions,1502.3834876146364,1495.1619573064406,-7.2215303081956455,1462.321613289145,1466.003774061743,3.6821607725978693,-6.926930567112997,135.0,92.0,120.0,loss
match,2025-07-05T19:40:00,2025,17,St Kilda,Hawthorn,1427.1674294393151,1416.2617381700145,-10.905691269300691,1452.8750701874662,1449.334988114419,-3.540082073047188,6.659650198972276,140.0,74.0,94.0,loss
match,2025-07-05T19:40:00,2025,17,Hawthorn,St Kilda,1591.1809509873267,1602.0866422566273,10.905691269300691,1595.5226723115063,1599.0627543845535,3.540082073047188,-6.659650198972276,140.0,94.0,74.0,win
match,2025-07-06T13:10:00,2025,17,Sydney,Fremantle,1519.8074605098166,1530.86265022538,11.055189715563511,1488.2145144449987,1491.4881020612618,3.2735876162630864,-6.158317228287901,141.0,94.0,83.0,win
match,2025-07-06T13:10:00,2025,17,Fremantle,Sydney,1573.5975753152916,1562.542385599728,-11.055189715563511,1530.4852058661186,1527.2116182498555,-3.2735876162630864,6.158317228287901,141.0,83.0,94.0,loss
match,2025-07-06T15:20:00,2025,17,Adelaide,Melbourne,1578.454402700108,1584.2309651615647,5.776562461456783,1633.5558185233488,1616.2963582149232,-17.25946030842545,32.468729793663044,142.0,90.0,77.0,win
match,2025-07-06T15:20:00,2025,17,Melbourne,Adelaide,1439.2931770133505,1433.5166145518938,-5.776562461456783,1451.53819373279,1468.7976540412155,17.25946030842545,-32.468729793663044,142.0,77.0,90.0,loss
season_carryover,,2025,,Carlton,,1540.8128788554907,1526.2497343948148,-14.563144460675858,1521.983535750035,1516.7055293477815,-5.278006402253368,,,,,
season_carryover,,2025,,Essendon,,1449.9756868140084,1467.8257214085584,17.850034594549925,1443.1174636426792,1456.7743382457497,13.656874603070492,,,,,
season_carryover,,2025,,Geelong,,1594.0357369488966,1560.481230134961,-33.55450681393563,1579.819598182346,1560.6557859993563,-19.16381218298966,,,,,
season_carryover,,2025,,North Melbourne,,1226.641418428519,1324.183190159119,97.54177173059998,1332.1812858867654,1372.4727229685443,40.291437081778895,,,,,
season_carryover,,2025,,Brisbane Lions,,1695.765032373975,1625.9107479725812,-69.85428440139367,1634.3398264308796,1602.086303974709,-32.253522456170685,,,,,
season_carryover,,2025,,West Coast,,1270.6964577068793,1352.5181940167192,81.82173630983993,1311.4944290887515,1356.7525541439263,45.25812505517479,,,,,
season_carryover,,2025,,Western Bulldogs,,1591.179980900644,1558.6444854635438,-32.53549543710028,1591.0545440679564,1569.193344304212,-21.86119976374448,,,,,
season_carryover,,2025,,Richmond,,1265.0799501863132,1348.9058090349254,83.82585884861214,1315.8323517040803,1360.0489890023937,44.216637298313344,,,,,
season_carryover,,2025,,Melbourne,,1523.8997662264835,1515.3716800465047,-8.5280861799788,1481.3024916598602,1485.7915588348385,4.489067174978345,,,,,
season_carryover,,2025,,St Kilda,,1494.613158415257,1496.5353299058584,1.9221714906013858,1512.1028819738394,1509.1971124347633,-2.9057695390761182,,,,,
season_carryover,,2025,,Fitzroy,,1499.9985766966174,1499.9990845699494,0.0005078733320260653,1499.8675356224621,1499.8993388701592,0.031803247697098413,,,,,
season_carryover,,2025,,Sydney,,1646.886953590286,1594.4736961943029,-52.41325739598324,1553.4610466481904,1540.62563428829,-12.835412359900374,,,,,
season_carryover,,2025,,Hawthorn,,1582.778113909188,1553.2406329755293,-29.5374809336588,1637.2732925323112,1604.3154769615026,-32.957815570808634,,,,,
season_carryover,,2025,,Collingwood,,1558.5130861742437,1537.6340266545096,-20.879059519734028,1524.6121619684263,1518.7030511720684,-5.909110796357936,,,,,
season_carryover,,2025,,Adelaide,,1460.1206575737242,1474.350690863142,14.230033289417861,1507.634490825082,1505.801533110231,-1.8329577148508633,,,,,
season_carryover,,2025,,Fremantle,,1525.552132815195,1516.4344373254048,-9.117695489790094,1529.5018967037545,1522.4188140981375,-7.083082605616937,,,,,
season_carryover,,2025,,Port Adelaide,,1563.8266327735764,1541.0515554061772,-22.775077367399263,1528.9853160486261,1522.0262588061742,-6.9590572424519905,,,,,
season_carryover,,2025,,Gold Coast,,1442.7212552919318,1463.159868227406,20.43861293547411,1440.0352314707368,1454.4321162942615,14.396884823524715,,,,,
season_carryover,,2025,,Greater Western Sydney,,1566.9025243187716,1543.0298852459935,-23.872639072778156,1555.400619793218,1542.0995371429015,-13.30108265031663,,,,,
