match_id,round_number,match_date,venue,year,home_team,away_team,standard_home_rating,standard_away_rating,margin_home_rating,margin_away_rating,standard_rating_difference,margin_rating_difference,adjusted_standard_rating_difference,adjusted_margin_rating_difference,home_win_probability,away_win_probability,predicted_winner,confidence,predicted_margin,predicted_margin_builtin,margin_method_used_in_db,hscore,ascore,actual_result,margin,margin_error,standard_rating_change,margin_rating_change,post_standard_home_rating,post_standard_away_rating,post_margin_home_rating,post_margin_away_rating,correct
1,OR,2025-03-07T19:40:00,S.C.G.,2025,Sydney,Hawthorn,1594.4736961943029,1553.2406329755293,1540.62563428829,1604.3154769615026,41.23306321877362,-63.689842673212524,110.23306321877362,5.3101573267874755,0.6535210144535132,0.3464789855464868,Sydney,0.6535210144535132,0.9618691470568843,3.205719809216943,margin_only_elo,76.0,96.0,away_win,-20.0,20.961869147056884,-19.442442783535153,-11.142737976914866,1575.0312534107677,1572.6830757590644,1529.4828963113753,1615.4582149384173,False
2,OR,2025-03-09T15:20:00,Sydney Showground,2025,Greater Western Sydney,Collingwood,1543.0298852459935,1537.6340266545096,1542.0995371429015,1518.7030511720684,5.3958585914838295,23.396485970833055,74.39585859148383,92.39648597083306,0.6054573764084098,0.3945426235915902,Greater Western Sydney,0.6054573764084098,16.73647759991791,2.202088110112475,margin_only_elo,104.0,52.0,home_win,52.0,-35.26352240008209,16.21753706270762,18.745093173256056,1559.247422308701,1521.416489591802,1560.8446303161575,1499.9579579988124,True
3,1,2025-03-13T19:30:00,M.C.G.,2025,Richmond,Carlton,1348.9058090349254,1526.2497343948148,1360.0489890023937,1516.7055293477815,-177.34392535988945,-156.65654034538784,-108.34392535988945,-87.65654034538784,0.3489454631708409,0.6510545368291591,Carlton,0.6510545368291591,-15.877895231210351,-3.1542165267019846,margin_only_elo,82.0,69.0,home_win,13.0,-28.877895231210353,16.225789021899,15.350674008541603,1365.1315980568243,1510.023945372916,1375.3996630109352,1501.35485533924,False
4,1,2025-03-14T19:40:00,M.C.G.,2025,Hawthorn,Essendon,1572.6830757590644,1467.8257214085584,1615.4582149384173,1456.7743382457497,104.85735435050606,158.68387669266758,173.85735435050606,227.68387669266758,0.7312165036148709,0.2687834963851291,Hawthorn,0.7312165036148709,41.242110693822376,4.828103360927932,margin_only_elo,111.0,85.0,home_win,26.0,15.242110693822376,8.814998217720097,-8.102275826878763,1581.4980739767846,1459.0107231908382,1607.3559391115386,1464.8766140726284,True
5,1,2025-03-15T13:20:00,Kardinia Park,2025,Geelong,Fremantle,1560.481230134961,1516.4344373254048,1560.6557859993563,1522.4188140981375,44.04679280955611,38.236971901218794,113.04679280955611,107.2369719012188,0.6571793746612786,0.3428206253387214,Geelong,0.6571793746612786,19.424647585345753,3.2821111607790177,margin_only_elo,147.0,69.0,home_win,78.0,-58.57535241465425,15.798379508383832,31.137004018249947,1576.2796096433447,1500.636057817021,1591.7927900176062,1491.2818100798877,True
6,1,2025-03-15T16:15:00,S.C.G.,2025,Sydney,Brisbane Lions,1575.0312534107677,1625.9107479725812,1529.4828963113753,1602.086303974709,-50.879494561813544,-72.60340766333366,18.120505438186456,-3.6034076633336554,0.5260538843992357,0.4739461156007643,Sydney,0.5260538843992357,-0.6527126113843107,0.544039222402148,margin_only_elo,82.0,86.0,away_win,-4.0,3.3472873886156895,-7.073475996082279,-1.7793234965410032,1567.9577774146853,1632.9842239686636,1527.7035728148342,1603.86562747125,False
7,1,2025-03-15T19:35:00,M.C.G.,2025,Collingwood,Port Adelaide,1521.416489591802,1541.0515554061772,1499.9579579988124,1522.0262588061742,-19.63506581437514,-22.068300807361766,49.36493418562486,46.931699192638234,0.5705676210272634,0.42943237897273656,Collingwood,0.5705676210272634,8.501095296109273,1.4735443315150374,margin_only_elo,136.0,45.0,home_win,91.0,-82.49890470389073,20.183321811718617,43.85408915821762,1541.5998114035206,1520.8682335944586,1543.81204715703,1478.1721696479565,True
8,1,2025-03-15T19:35:00,Docklands,2025,Western Bulldogs,North Melbourne,1558.6444854635438,1324.183190159119,1569.193344304212,1372.4727229685443,234.46129530442477,196.7206213356676,303.46129530442477,265.7206213356676,0.8515567781279071,0.1484432218720929,Western Bulldogs,0.8515567781279071,48.131995281990854,7.340965871811481,margin_only_elo,113.0,97.0,home_win,16.0,32.131995281990854,4.040491510738622,-17.080461746559397,1562.6849769742823,1320.1426986483805,1552.1128825576525,1389.5531847151037,True
9,1,2025-03-16T12:35:00,Adelaide Oval,2025,Adelaide,St Kilda,1474.350690863142,1496.5353299058584,1505.801533110231,1509.1971124347633,-22.1846390427163,-3.395579324532264,46.8153609572837,65.60442067546774,0.5669679126425204,0.43303208735747956,Adelaide,0.5669679126425204,11.883427227277458,1.398377706819047,margin_only_elo,135.0,72.0,home_win,63.0,-51.11657277272254,18.816452391038126,27.17212728924599,1493.1671432541802,1477.7188775148202,1532.973660399477,1482.0249851455173,True
10,1,2025-03-16T15:20:00,M.C.G.,2025,Melbourne,Greater Western Sydney,1515.3716800465047,1559.247422308701,1485.7915588348385,1560.8446303161575,-43.875742262196354,-75.05307148131897,25.124257737803646,-6.053071481318966,0.5360938209419636,0.46390617905803644,Melbourne,0.5360938209419636,-1.0964388330718182,0.7536862441657354,margin_only_elo,74.0,77.0,away_win,-3.0,1.9035611669281818,-5.995106178935485,-1.0118793871532734,1509.3765738675693,1565.2425284876365,1484.779679447685,1561.8565097033108,False
11,1,2025-03-16T18:10:00,Perth Stadium,2025,West Coast,Gold Coast,1352.5181940167192,1463.159868227406,1356.7525541439263,1454.4321162942615,-110.64167421068669,-97.67956215033519,-41.64167421068669,-28.679562150335187,0.4403581270213836,0.5596418729786163,Gold Coast,0.5596418729786163,-5.194947020561574,-1.2454004055858163,margin_only_elo,49.0,136.0,away_win,-87.0,81.80505297943843,-20.69683197000503,-43.48525716589082,1331.8213620467143,1483.8567001974109,1313.2672969780356,1497.9173734601522,True
12,2,2025-03-20T19:30:00,M.C.G.,2025,Carlton,Hawthorn,1510.023945372916,1581.4980739767846,1501.35485533924,1607.3559391115386,-71.47412860386862,-106.00108377229867,-2.474128603868621,-37.00108377229867,0.49643950290850275,0.5035604970914973,Hawthorn,0.5035604970914973,-6.702287464950216,-0.0743478415479611,margin_only_elo,60.0,80.0,away_win,-20.0,13.297712535049783,-14.769221520529653,-7.068688647510235,1495.2547238523862,1596.2672954973143,1494.2861666917297,1614.424627759049,True
13,2,2025-03-21T19:40:00,M.C.G.,2025,Western Bulldogs,Collingwood,1562.6849769742823,1541.5998114035206,1552.1128825576525,1543.81204715703,21.085165570761774,8.300835400622418,90.08516557076177,77.30083540062242,0.6268137677949909,0.3731862322050091,Western Bulldogs,0.6268137677949909,14.002087704351188,2.6480375272985097,margin_only_elo,70.0,76.0,away_win,-6.0,20.00208770435119,-10.67707248804366,-10.63254525239457,1552.0079044862387,1552.2768838915642,1541.480337305258,1554.4445924094246,False
14,2,2025-03-22T13:20:00,M.C.G.,2025,Essendon,Adelaide,1459.0107231908382,1493.1671432541802,1464.8766140726284,1532.973660399477,-34.15642006334201,-68.09704632684861,34.84357993665799,0.9029536731513872,0.5499765056811291,0.4500234943188709,Essendon,0.5499765056811291,0.1635588601197702,1.0435748801409277,margin_only_elo,100.0,161.0,away_win,-61.0,61.16355886011977,-23.68029108561568,-32.51282151093922,1435.3304321052226,1516.8474343397959,1432.3637925616893,1565.4864819104162,False
15,2,2025-03-22T16:15:00,Adelaide Oval,2025,Port Adelaide,Richmond,1520.8682335944586,1365.1315980568243,1478.1721696479565,1375.3996630109352,155.73663553763436,102.77250663702125,224.73663553763436,171.77250663702125,0.7847707785970343,0.21522922140296574,Port Adelaide,0.7847707785970343,31.11445938019516,5.946386748968973,margin_only_elo,140.0,68.0,home_win,72.0,-40.88554061980484,9.705903726383891,21.73359937393557,1530.5741373208425,1355.4256943304404,1499.905769021892,1353.6660636369998,True
16,2,2025-03-22T19:35:00,Docklands,2025,St Kilda,Geelong,1477.7188775148202,1576.2796096433447,1482.0249851455173,1591.7927900176062,-98.56073212852448,-109.76780487208885,-29.560732128524478,-40.767804872088846,0.457561043358503,0.542438956641497,Geelong,0.542438956641497,-7.3845822800547305,-0.886180986182459,margin_only_elo,98.0,91.0,home_win,7.0,-14.38458228005473,10.039173976312025,7.646437926387247,1487.7580514911322,1566.2404356670327,1489.6714230719047,1584.146352091219,False
17,2,2025-03-23T13:10:00,Gabba,2025,Brisbane Lions,West Coast,1632.9842239686636,1331.8213620467143,1603.86562747125,1313.2672969780356,301.16286192194934,290.59833049321446,370.16286192194934,359.59833049321446,0.8938636557971777,0.10613634420282225,Brisbane Lions,0.8938636557971777,65.13677809313444,8.224388876103616,margin_only_elo,94.0,75.0,home_win,19.0,46.13677809313444,3.0952792709942782,-24.525008995347292,1636.079503239658,1328.72608277572,1579.3406184759028,1337.7923059733828,True
18,2,2025-03-23T15:20:00,Docklands,2025,North Melbourne,Melbourne,1320.1426986483805,1509.3765738675693,1389.5531847151037,1484.779679447685,-189.2338752191888,-95.22649473258139,-120.2338752191888,-26.226494732581386,0.33356122974338676,0.6664387702566132,Melbourne,0.6664387702566132,-4.750604278984961,-3.475459465485071,margin_only_elo,125.0,66.0,home_win,59.0,-63.75060427898496,28.422474322916347,33.88802183465845,1348.5651729712968,1480.954099544653,1423.4412065497622,1450.8916576130266,False
19,2,2025-03-23T18:10:00,Perth Stadium,2025,Fremantle,Sydney,1500.636057817021,1567.9577774146853,1491.2818100798877,1527.7035728148342,-67.32171959766424,-36.42176273494647,1.6782804023357585,32.57823726505353,0.5024152208624961,0.4975847791375039,Fremantle,0.5024152208624961,5.901143669073061,0.050432974209418925,margin_only_elo,65.0,68.0,away_win,-3.0,8.901143669073061,-5.618480343033209,-4.731596734219733,1495.0175774739878,1573.5762577577186,1486.550213345668,1532.4351695490539,False
20,3,2025-03-27T19:30:00,Docklands,2025,Essendon,Port Adelaide,1435.3304321052226,1530.5741373208425,1432.3637925616893,1499.905769021892,-95.24370521561991,-67.5419764602027,-26.24370521561991,1.4580235397972956,0.46230393793293345,0.5376960620670665,Port Adelaide,0.5376960620670665,0.2641028828918184,-0.7871431369055889,margin_only_elo,72.0,60.0,home_win,12.0,-11.735897117108182,12.933760362826487,6.238471654534089,1448.264192468049,1517.640376958016,1438.6022642162234,1493.6672973673578,False
21,3,2025-03-28T19:40:00,Docklands,2025,Carlton,Western Bulldogs,1495.2547238523862,1552.0079044862387,1494.2861666917297,1541.480337305258,-56.75318063385248,-47.194170613528286,12.24681936614752,21.805829386471714,0.5176172938992173,0.4823827061007827,Carlton,0.5176172938992173,3.9498555733983305,0.36787216550486557,margin_only_elo,75.0,83.0,away_win,-8.0,11.949855573398331,-10.263120415326576,-6.352205930788792,1484.9916034370597,1562.2710249015652,1487.9339607609409,1547.8325432360468,False
22,3,2025-03-29T13:20:00,M.C.G.,2025,Melbourne,Gold Coast,1480.954099544653,1483.8567001974109,1450.8916576130266,1497.9173734601522,-2.902600652757883,-47.02571584712564,66.09739934724212,21.97428415287436,0.59399060814611,0.40600939185388996,Melbourne,0.59399060814611,3.9803690652792585,1.9626469736856091,margin_only_elo,62.0,120.0,away_win,-58.0,61.980369065279255,-25.208329902732768,-32.94701476103114,1455.7457696419203,1509.0650301001435,1417.9446428519955,1530.8643882211834,False
23,3,2025-03-29T16:15:00,Docklands,2025,St Kilda,Richmond,1487.7580514911322,1355.4256943304404,1489.6714230719047,1353.6660636369998,132.3323571606918,136.0053594349049,201.3323571606918,205.0053594349049,0.7611440920040811,0.23885590799591894,St Kilda,0.7611440920040811,37.13417853497693,5.453030595045661,margin_only_elo,135.0,53.0,home_win,82.0,-44.86582146502307,11.155000542222915,23.8494043253765,1498.9130520333551,1344.2706937882174,1513.5208273972812,1329.8166593116232,True
24,3,2025-03-29T19:35:00,Gabba,2025,Brisbane Lions,Geelong,1636.079503239658,1566.2404356670327,1579.3406184759028,1584.146352091219,69.83906757262525,-4.805733615316058,138.83906757262525,64.19426638468394,0.6898080173086227,0.31019198269137727,Brisbane Lions,0.6898080173086227,11.627995265204992,3.963439944690386,margin_only_elo,70.0,61.0,home_win,9.0,2.6279952652049925,6.521257928742457,-1.3969681061988484,1642.6007611684004,1559.7191777382902,1577.943650369704,1585.5433201974176,True
25,3,2025-03-29T19:35:00,York Park,2025,Hawthorn,Greater Western Sydney,1596.2672954973143,1565.2425284876365,1614.424627759049,1561.8565097033108,31.024767009677817,52.56811805573807,100.02476700967782,121.56811805573807,0.6400978447644039,0.3599021552355961,Hawthorn,0.6400978447644039,22.02055698683507,2.9254264491969177,margin_only_elo,76.0,64.0,home_win,12.0,10.020556986835071,8.657099350862227,-5.326645257812025,1604.9243948481765,1556.5854291367743,1609.0979825012369,1567.183154961123,True
26,3,2025-03-30T15:20:00,Adelaide Oval,2025,Adelaide,North Melbourne,1516.8474343397959,1348.5651729712968,1565.4864819104162,1423.4412065497622,168.28226136849912,142.04527536065393,237.28226136849912,211.04527536065393,0.7967179810394021,0.20328201896059794,Adelaide,0.7967179810394021,38.228234402302846,6.195859980178116,margin_only_elo,114.0,78.0,home_win,36.0,2.2282344023028458,7.451718925925757,-1.184466514976511,1524.2991532657215,1341.113454045371,1564.3020153954396,1424.6256730647387,True
27,3,2025-03-30T18:10:00,Perth Stadium,2025,West Coast,Fremantle,1328.72608277572,1495.0175774739878,1337.7923059733828,1486.550213345668,-166.2914946982678,-148.75790737228522,-97.2914946982678,-79.75790737228522,0.3635347654770933,0.6364652345229067,Fremantle,0.6364652345229067,-14.447155821206865,-2.849572790648706,margin_only_elo,68.0,106.0,away_win,-38.0,23.552844178793137,-13.562023818711703,-12.52002717192061,1315.1640589570084,1508.5796012926994,1325.272278801462,1499.0702405175887,True
28,4,2025-04-03T19:30:00,M.C.G.,2025,Collingwood,Carlton,1552.2768838915642,1484.9916034370597,1554.4445924094246,1487.9339607609409,67.28528045450457,66.5106316484837,136.28528045450457,135.5106316484837,0.6866537037005378,0.3133462962994622,Collingwood,0.6866537037005378,24.546070419296125,3.8975737461512776,margin_only_elo,63.0,46.0,home_win,17.0,7.546070419296125,8.742605919641388,-4.011278042414957,1561.0194898112056,1476.2489975174183,1550.4333143670096,1491.9452388033558,True
29,4,2025-04-04T19:40:00,Kardinia Park,2025,Geelong,Melbourne,1559.7191777382902,1455.7457696419203,1585.5433201974176,1417.9446428519955,103.9734080963699,167.59867734542217,172.9734080963699,236.59867734542217,0.7302152583825144,0.26978474161748556,Geelong,0.7302152583825144,42.856916277225835,4.807196049400095,margin_only_elo,85.0,46.0,home_win,39.0,3.856916277225835,10.148877028001698,-2.0502278291370537,1569.8680547662918,1445.5968926139187,1583.4930923682805,1419.9948706811326,True
30,4,2025-04-05T13:20:00,Carrara,2025,Gold Coast,Adelaide,1509.0650301001435,1524.2991532657215,1530.8643882211834,1564.3020153954396,-15.234123165578012,-33.43762717425625,53.76587683442199,35.56237282574375,0.5767635212218964,0.42323647877810355,Gold Coast,0.5767635212218964,6.441682818823585,1.6029228407736544,margin_only_elo,91.0,90.0,home_win,1.0,5.441682818823585,2.0738853080966186,-2.892644991639216,1511.13891540824,1522.225267957625,1527.9717432295442,1567.1946603870788,True
31,4,2025-04-05T16:15:00,M.C.G.,2025,Richmond,Brisbane Lions,1344.2706937882174,1642.6007611684004,1329.8166593116232,1577.943650369704,-298.330067380183,-248.12699105808088,-229.33006738018298,-179.12699105808088,0.2107966679556667,0.7892033320443332,Brisbane Lions,0.7892033320443332,-32.44663302812875,-6.038944269136494,margin_only_elo,90.0,118.0,away_win,-28.0,-4.446633028128751,-7.0970668854760035,2.3637046087987263,1337.1736269027415,1649.6978280538763,1332.180363920422,1575.5799457609053,True
32,4,2025-04-05T19:35:00,Docklands,2025,North Melbourne,Sydney,1341.113454045371,1573.5762577577186,1424.6256730647387,1532.4351695490539,-232.46280371234752,-107.8094964843151,-163.46280371234752,-38.809496484315105,0.2807049459100922,0.7192950540899078,Sydney,0.7192950540899078,-7.029859001119071,-4.579167884356244,margin_only_elo,52.0,117.0,away_win,-65.0,57.97014099888093,-12.305175767050057,-30.815290712089624,1328.808278278321,1585.8814335247687,1393.8103823526492,1563.2504602611434,True
33,4,2025-04-06T13:10:00,Sydney Showground,2025,Greater Western Sydney,West Coast,1556.5854291367743,1315.1640589570084,1567.183154961123,1325.272278801462,241.42137017976597,241.9108761596608,310.421370179766,310.9108761596608,0.8565503560900597,0.1434496439099403,Greater Western Sydney,0.8565503560900597,56.31764952684054,7.445238318480267,margin_only_elo,132.0,51.0,home_win,81.0,-24.68235047315946,6.677585045999877,13.120440836995277,1563.2630141827742,1308.4864739110085,1580.3035957981183,1312.1518379644667,True
34,4,2025-04-06T15:20:00,Adelaide Oval,2025,Port Adelaide,St Kilda,1517.640376958016,1498.9130520333551,1493.6672973673578,1513.5208273972812,18.727324924660934,-19.853530029923377,87.72732492466093,49.14646997007662,0.6236334115507521,0.37636658844924786,Port Adelaide,0.6236334115507521,8.902273556473542,2.581627524415093,margin_only_elo,72.0,89.0,away_win,-17.0,25.902273556473542,-17.399858303412525,-13.768917515005045,1500.2405186546036,1516.3129103367676,1479.8983798523527,1527.2897449122863,False
35,4,2025-04-06T17:10:00,Perth Stadium,2025,Fremantle,Western Bulldogs,1508.5796012926994,1562.2710249015652,1499.0702405175887,1547.8325432360468,-53.69142360886576,-48.76230271845816,15.308576391134238,20.23769728154184,0.5220165663640012,0.4779834336359988,Fremantle,0.5220165663640012,3.6658078894187067,0.4597347351778321,margin_only_elo,97.0,81.0,home_win,16.0,-12.334192110581293,13.010280843567637,6.5565083858199,1521.589882136267,1549.2607440579975,1505.6267489034085,1541.276034850227,True
36,5,2025-04-10T19:40:00,Adelaide Oval,2025,Adelaide,Geelong,1522.225267957625,1569.8680547662918,1567.1946603870788,1583.4930923682805,-47.64278680866687,-16.298431981201702,21.35721319133313,52.7015680187983,0.530696845628667,0.46930315437133296,Adelaide,0.530696845628667,9.546235480271429,0.6409903325781503,margin_only_elo,100.0,119.0,away_win,-19.0,28.546235480271427,-15.476837437677489,-15.174373046243108,1506.7484305199475,1585.3448922039693,1552.0202873408357,1598.6674654145236,False
37,5,2025-04-11T19:40:00,Adelaide Oval,2025,Collingwood,Sydney,1561.0194898112056,1585.8814335247687,1550.4333143670096,1563.2504602611434,-24.86194371356305,-12.817145894133773,44.13805628643695,56.18285410586623,0.563180244575475,0.436819755424525,Collingwood,0.563180244575475,10.17682728257775,1.3192862378335892,margin_only_elo,109.0,78.0,home_win,31.0,-20.82317271742225,15.23310745950159,11.0690108697132,1576.2525972707072,1570.6483260652672,1561.5023252367228,1552.1814493914303,True
38,5,2025-04-12T12:35:00,Barossa Park,2025,North Melbourne,Gold Coast,1328.808278278321,1511.13891540824,1393.8103823526492,1527.9717432295442,-182.33063712991907,-134.16136087689506,-113.33063712991907,-65.16136087689506,0.3424526021744864,0.6575473978255135,Gold Coast,0.6575473978255135,-11.803172439269867,-3.2897959663545824,margin_only_elo,89.0,141.0,away_win,-52.0,40.196827560730135,-14.076394883343045,-21.367498951081508,1314.731883394978,1525.2153102915831,1372.4428834015678,1549.3392421806257,True
39,5,2025-04-12T13:20:00,Adelaide Oval,2025,Carlton,West Coast,1476.2489975174183,1308.4864739110085,1491.9452388033558,1312.1518379644667,167.7625236064098,179.79340083888906,236.7625236064098,248.79340083888906,0.7962329953326204,0.20376700466737963,Carlton,0.7962329953326204,45.065839208018126,6.185732843558081,margin_only_elo,121.0,50.0,home_win,71.0,-25.934160791981874,9.153881058220307,13.785867869364422,1485.4028785756386,1299.3325928527881,1505.7311066727202,1298.3659700951023,True
40,5,2025-04-12T16:15:00,Norwood Oval,2025,Western Bulldogs,Brisbane Lions,1549.2607440579975,1649.6978280538763,1541.276034850227,1575.5799457609053,-100.43708399587877,-34.30391091067827,-31.437083995878766,34.69608908932173,0.45488146387423933,0.5451185361257607,Brisbane Lions,0.5451185361257607,6.284766262988582,-0.9421341145776368,margin_only_elo,97.0,118.0,away_win,-21.0,27.284766262988583,-13.788091254667483,-14.503811616080753,1535.47265280333,1663.4859193085438,1526.7722232341462,1590.0837573769861,True
41,5,2025-04-12T19:35:00,Adelaide Oval,2025,Melbourne,Essendon,1445.5968926139187,1448.264192468049,1419.9948706811326,1438.6022642162234,-2.667299854130306,-18.60739353509075,66.3327001458697,50.39260646490925,0.5943172256109812,0.4056827743890188,Melbourne,0.5943172256109812,9.127995728838302,1.9694671740399443,margin_only_elo,57.0,96.0,away_win,-39.0,48.1279957288383,-22.357277888239402,-25.583484087143923,1423.2396147256793,1470.6214703562885,1394.4113865939887,1464.1857483033673,False
42,5,2025-04-13T12:35:00,Barossa Park,2025,Richmond,Fremantle,1337.1736269027415,1521.589882136267,1332.180363920422,1505.6267489034085,-184.4162552335256,-173.4463849829865,-115.41625523352559,-104.4463849829865,0.3397542903946799,0.66024570960532,Fremantle,0.66024570960532,-18.919167371927657,-3.3461402496096175,margin_only_elo,47.0,108.0,away_win,-61.0,42.08083262807234,-14.628771249362256,-22.368982867677826,1322.5448556533793,1536.2186533856293,1309.811381052744,1527.9957317710864,True
43,5,2025-04-13T15:20:00,Norwood Oval,2025,St Kilda,Greater Western Sydney,1516.3129103367676,1563.2630141827742,1527.2897449122863,1580.3035957981183,-46.95010384600664,-53.01385088583197,22.04989615399336,15.986149114168029,0.5316898163718572,0.4683101836281428,St Kilda,0.5316898163718572,2.895692663492411,0.6617248619372006,margin_only_elo,82.0,110.0,away_win,-28.0,30.89569266349241,-17.900843622021235,-16.423278169968086,1498.4120667147463,1581.1638578047955,1510.8664667423182,1596.7268739680865,False
44,5,2025-04-13T19:20:00,Adelaide Oval,2025,Port Adelaide,Hawthorn,1500.2405186546036,1604.9243948481765,1479.8983798523527,1609.0979825012369,-104.68387619357281,-129.19960264888414,-35.683876193572814,-60.19960264888414,0.4488265839489834,0.5511734160510167,Hawthorn,0.5511734160510167,-10.90441146836533,-1.0685679359532796,margin_only_elo,121.0,91.0,home_win,30.0,-40.90441146836533,19.006491261466486,21.743630584389006,1519.24700991607,1585.91790358671,1501.6420104367417,1587.354351916848,False
45,6,2025-04-17T19:30:00,Gabba,2025,Brisbane Lions,Collingwood,1663.4859193085438,1576.2525972707072,1590.0837573769861,1561.5023252367228,87.23332203783661,28.58143214026336,156.23332203783661,97.58143214026336,0.7108161754892998,0.28918382451070024,Brisbane Lions,0.7108161754892998,17.675666298596816,4.402117796544681,margin_only_elo,53.0,105.0,away_win,-52.0,69.67566629859681,-29.21785120662314,-37.0376175657612,1634.2680681019206,1605.4704484773304,1553.046139811225,1598.539942802484,False
46,6,2025-04-18T15:20:00,Docklands,2025,North Melbourne,Carlton,1314.731883394978,1485.4028785756386,1372.4428834015678,1505.7311066727202,-170.6709951806606,-133.28822327115245,-101.67099518066061,-64.28822327115245,0.3577219514317743,0.6422780485682257,Carlton,0.6422780485682257,-11.645014390004116,-2.9709519594791463,margin_only_elo,71.0,153.0,away_win,-82.0,70.35498560999588,-16.706258579355136,-37.3987245374952,1298.025624815623,1502.1091371549937,1335.0441588640726,1543.1298312102153,True
47,6,2025-04-18T18:10:00,Perth Stadium,2025,West Coast,Essendon,1299.3325928527881,1470.6214703562885,1298.3659700951023,1464.1857483033673,-171.28887750350032,-165.819778208265,-102.28887750350032,-96.819778208265,0.35690516228457764,0.6430948377154224,Essendon,0.6430948377154224,-17.537702134290786,-2.988007586413625,margin_only_elo,75.0,77.0,away_win,-2.0,-15.537702134290786,-3.007423958816546,8.2594038933814,1296.3251688939715,1473.628894315105,1306.6253739884837,1455.9263444099859,True
48,6,2025-04-19T13:20:00,M.C.G.,2025,Melbourne,Fremantle,1423.2396147256793,1536.2186533856293,1394.4113865939887,1527.9957317710864,-112.97903865994999,-133.5843451770977,-43.97903865994999,-64.5843451770977,0.4370449592352214,0.5629550407647785,Fremantle,0.5629550407647785,-11.698653200978619,-1.3145836873740937,margin_only_elo,107.0,97.0,home_win,10.0,-21.69865320097862,12.450289591323244,11.53439158379618,1435.6899043170026,1523.768363794306,1405.9457781777849,1516.4613401872903,False
49,6,2025-04-19T16:15:00,Adelaide Oval,2025,Adelaide,Greater Western Sydney,1506.7484305199475,1581.1638578047955,1552.0202873408357,1596.7268739680865,-74.41542728484796,-44.70658662725077,-5.415427284847965,24.293413372749228,0.49220720473982565,0.5077927952601744,Greater Western Sydney,0.5077927952601744,4.400450563313754,-0.16272376927444882,margin_only_elo,52.0,34.0,home_win,18.0,-13.599549436686246,14.496315998123837,7.229136624887823,1521.2447465180715,1566.6675418066716,1559.2494239657235,1589.4977373431987,False
50,6,2025-04-19T19:35:00,Docklands,2025,Richmond,Gold Coast,1322.5448556533793,1525.2153102915831,1309.811381052744,1549.3392421806257,-202.67045463820386,-239.52786112788158,-133.67045463820386,-170.52786112788158,0.31659398546166756,0.6834060145383325,Gold Coast,0.6834060145383325,-30.889007281398563,-3.8297577437719195,margin_only_elo,80.0,69.0,home_win,11.0,-41.88900728139856,15.801684019033742,22.267013927774542,1338.346539672413,1509.4136262725494,1332.0783949805186,1527.0722282528511,False
51,6,2025-04-20T15:20:00,S.C.G.,2025,Sydney,Port Adelaide,1570.6483260652672,1519.24700991607,1552.1814493914303,1501.6420104367417,51.4013161491971,50.53943895468865,120.4013161491971,119.53943895468865,0.6666530018144187,0.33334699818558133,Sydney,0.6666530018144187,21.653086925875684,3.479932900936634,margin_only_elo,77.0,85.0,away_win,-8.0,29.653086925875684,-13.218144203258529,-15.762744033162914,1557.4301818620086,1532.4651541193286,1536.4187053582673,1517.4047544699047,False
52,6,2025-04-20T19:20:00,Docklands,2025,Western Bulldogs,St Kilda,1535.47265280333,1498.4120667147463,1526.7722232341462,1510.8664667423182,37.060586088583705,15.905756491828015,106.0605860885837,84.90575649182801,0.6480625620144516,0.35193743798554844,Western Bulldogs,0.6480625620144516,15.379624849349153,3.0917401747424265,margin_only_elo,127.0,56.0,home_win,71.0,-55.620375150650844,15.810182087690226,29.566221510758066,1551.2828348910202,1482.601884627056,1556.3384447449043,1481.30024523156,True
53,6,2025-04-21T15:20:00,M.C.G.,2025,Geelong,Hawthorn,1585.3448922039693,1585.91790358671,1598.6674654145236,1587.354351916848,-0.5730113827407877,11.313113497675658,68.42698861725921,80.31311349767566,0.5972205682537055,0.4027794317462945,Geelong,0.5972205682537055,14.547724525560705,2.0300927701894786,margin_only_elo,86.0,79.0,home_win,7.0,7.547724525560705,7.454429184837438,-4.01215731861704,1592.7993213888067,1578.4634744018726,1594.6553080959065,1591.366509235465,True
54,7,2025-04-24T19:30:00,M.C.G.,2025,Melbourne,Richmond,1435.6899043170026,1338.346539672413,1405.9457781777849,1332.0783949805186,97.34336464458966,73.86738319726624,166.34336464458966,142.86738319726624,0.7226308818625667,0.27736911813743326,Melbourne,0.7226308818625667,25.878654729301463,4.648824336334595,margin_only_elo,83.0,63.0,home_win,20.0,5.878654729301463,8.251813009894036,-3.124926925448087,1443.9417173268967,1330.094726662519,1402.8208512523368,1335.2033219059667,True
55,7,2025-04-25T15:20:00,M.C.G.,2025,Collingwood,Essendon,1605.4704484773304,1473.628894315105,1598.539942802484,1455.9263444099859,131.8415541622253,142.61359839249803,200.8415541622253,211.61359839249803,0.7606300648897018,0.23936993511029825,Collingwood,0.7606300648897018,38.33117907159448,5.442297035806842,margin_only_elo,107.0,66.0,home_win,41.0,-2.6688209284055233,9.148988920593851,1.418669876426775,1614.6194373979242,1464.4799053945112,1599.9586126789106,1454.507674533559,True
56,7,2025-04-25T20:10:00,Perth Stadium,2025,Fremantle,Adelaide,1523.768363794306,1521.2447465180715,1516.4613401872903,1559.2494239657235,2.5236172762345177,-42.78808377843325,71.52361727623452,26.211916221566753,0.6015009588286528,0.39849904117134716,Fremantle,0.6015009588286528,4.747963562506701,2.1194729303332824,margin_only_elo,85.0,67.0,home_win,18.0,-13.252036437493299,11.376230776983366,7.04440852328518,1535.1445945712894,1509.868515741088,1523.5057487105755,1552.2050154424383,True
57,7,2025-04-26T13:20:00,Docklands,2025,St Kilda,Brisbane Lions,1482.601884627056,1634.2680681019206,1481.30024523156,1553.046139811225,-151.6661834748645,-71.74589457966499,-82.66618347486451,-2.7458945796649914,0.383229065743057,0.616770934256943,Brisbane Lions,0.616770934256943,-0.4973847505283516,-2.4383300124791822,margin_only_elo,73.0,118.0,away_win,-45.0,44.502615249471646,-15.078882408270813,-23.656334152908382,1467.5230022187852,1649.3469505101914,1457.6439110786516,1576.7024739641333,True
58,7,2025-04-26T16:15:00,Adelaide Oval,2025,Port Adelaide,North Melbourne,1532.4651541193286,1298.025624815623,1517.4047544699047,1335.0441588640726,234.43952930370574,182.36059560583203,303.43952930370574,251.36059560583203,0.8515409391392278,0.1484590608607722,Port Adelaide,0.8515409391392278,45.530854703576374,7.340635132987562,margin_only_elo,97.0,88.0,home_win,9.0,36.530854703576374,3.121098808976026,-19.418771254559193,1535.5862529283047,1294.9045260066468,1497.9859832153454,1354.462930118632,True
59,7,2025-04-26T19:35:00,Manuka Oval,2025,Greater Western Sydney,Western Bulldogs,1566.6675418066716,1551.2828348910202,1589.4977373431987,1556.3384447449043,15.38470691565135,33.159292598294314,84.38470691565135,102.15929259829431,0.6191064810081531,0.38089351899184687,Greater Western Sydney,0.6191064810081531,18.504888949289086,2.4870992869160293,margin_only_elo,81.0,113.0,away_win,-32.0,50.50488894928908,-21.823655858114222,-26.846973433861223,1544.8438859485573,1573.1064907491345,1562.6507639093375,1583.1854181787655,False
60,7,2025-04-27T13:15:00,Carrara,2025,Gold Coast,Sydney,1509.4136262725494,1557.4301818620086,1527.0722282528511,1536.4187053582673,-48.01655558945913,-9.34647710541617,20.98344441054087,59.65352289458383,0.5301609413579373,0.46983905864206266,Gold Coast,0.5301609413579373,10.805495892955884,0.6297999496677876,margin_only_elo,117.0,79.0,home_win,38.0,-27.194504107044118,17.527810568274916,14.455830801685591,1526.9414368408243,1539.9023712937337,1541.5280590545367,1521.9628745565817,True
61,7,2025-04-27T15:20:00,M.C.G.,2025,Carlton,Geelong,1502.1091371549937,1592.7993213888067,1543.1298312102153,1594.6553080959065,-90.69018423381294,-51.525476885691205,-21.690184233812943,17.474523114308795,0.46882580488711206,0.5311741951128879,Geelong,0.5311741951128879,3.165293155891219,-0.6509580148718977,margin_only_elo,94.0,76.0,home_win,18.0,-14.83470684410878,15.163801169058091,7.885711439595468,1517.272938324052,1577.6355202197485,1551.0155426498109,1586.769596656311,False
62,7,2025-04-27T16:45:00,Docklands,2025,Hawthorn,West Coast,1578.4634744018726,1296.3251688939715,1591.366509235465,1306.6253739884837,282.1383055079011,284.74113524698123,351.1383055079011,353.74113524698123,0.8830168700234962,0.11698312997650384,Hawthorn,0.8830168700234962,64.07581981093448,7.997893785872483,margin_only_elo,124.0,74.0,home_win,50.0,14.075819810934476,4.752648305480442,-7.482308512813683,1583.2161227073532,1291.572520588491,1583.8842007226513,1314.1076825012974,True
63,8,2025-05-01T19:30:00,Docklands,2025,Essendon,North Melbourne,1464.4799053945112,1294.9045260066468,1454.507674533559,1354.462930118632,169.57537938786436,100.04474441492721,238.57537938786436,169.0447444149272,0.7979209025017664,0.2020790974982336,Essendon,0.7979209025017664,30.620359081376538,6.220978555472583,margin_only_elo,65.0,62.0,home_win,3.0,27.620359081376538,2.2598388541704897,-14.682203286021902,1466.7397442486817,1292.6446871524763,1439.8254712475373,1369.1451334046537,True
64,8,2025-05-02T19:40:00,Docklands,2025,St Kilda,Fremantle,1467.5230022187852,1535.1445945712894,1457.6439110786516,1523.5057487105755,-67.6215923525042,-65.86183763192389,1.3784076474958056,3.1381623680761095,0.5019836776555126,0.49801632234448745,St Kilda,0.5019836776555126,0.568439195780571,0.041421786965218185,margin_only_elo,94.0,33.0,home_win,61.0,-60.43156080421943,21.44304594229855,32.123712005518335,1488.9660481610838,1513.7015486289908,1489.76762308417,1491.382036705057,True
65,8,2025-05-03T13:20:00,Eureka Stadium,2025,Western Bulldogs,Port Adelaide,1573.1064907491345,1535.5862529283047,1583.1854181787655,1497.9859832153454,37.520237820829834,85.19943496342012,106.52023782082983,154.19943496342012,0.6486658110511238,0.35133418894887625,Western Bulldogs,0.6486658110511238,27.93131537491535,3.104336804549981,margin_only_elo,131.0,41.0,home_win,90.0,-62.06868462508465,16.512706880597182,32.99396081986265,1589.6191976297316,1519.0735460477076,1616.1793789986282,1464.9920223954828,True
66,8,2025-05-03T16:15:00,Adelaide Oval,2025,Adelaide,Carlton,1509.868515741088,1517.272938324052,1552.2050154424383,1551.0155426498109,-7.404422582963889,1.1894727926273845,61.59557741703611,70.18947279262738,0.5877259926908549,0.4122740073091451,Adelaide,0.5877259926908549,12.713952557835187,1.8318335998063016,margin_only_elo,110.0,50.0,home_win,60.0,-47.286047442164815,17.667692047905412,25.135928142456983,1527.5362077889934,1499.6052462761465,1577.3409435848953,1525.8796145073538,True
67,8,2025-05-03T19:35:00,M.C.G.,2025,Collingwood,Geelong,1614.6194373979242,1577.6355202197485,1599.9586126789106,1586.769596656311,36.983917178175716,13.189016022599617,105.98391717817572,82.18901602259962,0.6479618953303319,0.3520381046696681,Collingwood,0.6479618953303319,14.887521004378417,3.089638122560454,margin_only_elo,87.0,90.0,away_win,-3.0,17.887521004378417,-7.246120381660134,-9.508501279635855,1607.373317016264,1584.8816406014087,1590.4501113992749,1596.2780979359468,False
68,8,2025-05-03T19:35:00,Perth Stadium,2025,West Coast,Melbourne,1291.572520588491,1443.9417173268967,1314.1076825012974,1402.8208512523368,-152.36919673840566,-88.71316875103935,-83.36919673840566,-19.713168751039348,0.38227298233174556,0.6177270176682544,Melbourne,0.6177270176682544,-3.5707960509377057,-2.4582942860466477,margin_only_elo,76.0,108.0,away_win,-32.0,28.429203949062295,-13.475216729564698,-15.112162387539344,1278.0973038589264,1457.4169340564613,1298.995520113758,1417.9330136398762,True
69,8,2025-05-04T13:10:00,S.C.G.,2025,Sydney,Greater Western Sydney,1539.9023712937337,1544.8438859485573,1521.9628745565817,1562.6507639093375,-4.94151465482355,-40.68788935275575,64.05848534517645,28.312110647244253,0.5911569684090181,0.4088430315909819,Sydney,0.5911569684090181,5.12838773764167,1.9034768654778462,margin_only_elo,87.0,73.0,home_win,14.0,-8.87161226235833,10.521568426190713,4.715898671952315,1550.4239397199244,1534.3223175223666,1526.678773228534,1557.934865237385,True
70,8,2025-05-04T15:20:00,M.C.G.,2025,Hawthorn,Richmond,1583.2161227073532,1330.094726662519,1583.8842007226513,1335.2033219059667,253.12139604483423,248.68087881668453,322.1213960448342,317.6808788166845,0.8646288192587093,0.13537118074129073,Hawthorn,0.8646288192587093,57.54395155153475,7.613927207750284,margin_only_elo,109.0,44.0,home_win,65.0,-7.456048448465253,5.934224519678457,3.9634249036468083,1589.1503472270317,1324.1605021428404,1587.8476256262982,1331.2398970023198,True
71,8,2025-05-04T19:20:00,Gabba,2025,Brisbane Lions,Gold Coast,1649.3469505101914,1526.9414368408243,1576.7024739641333,1541.5280590545367,122.40551366936711,35.174414909596635,191.4055136693671,104.17441490959663,0.7506007212373774,0.24939927876262258,Brisbane Lions,0.7506007212373774,18.869903365907184,5.232871207465694,margin_only_elo,66.0,49.0,home_win,17.0,1.8699033659071844,6.958434283775956,-0.9939878501426643,1656.3053847939673,1519.9830025570484,1575.7084861139906,1542.5220469046794,True
72,9,2025-05-08T20:10:00,Perth Stadium,2025,Fremantle,Collingwood,1513.7015486289908,1607.373317016264,1491.382036705057,1590.4501113992749,-93.67176838727323,-99.06807469421778,-24.671768387273232,-30.068074694217785,0.4645540307615175,0.5354459692384825,Collingwood,0.5354459692384825,-5.446458848568019,-0.7401582522704426,margin_only_elo,83.0,97.0,away_win,-14.0,8.55354115143198,-11.955290037106323,-4.546821047136775,1501.7462585918845,1619.3286070533704,1486.8352156579203,1594.9969324464116,True
73,9,2025-05-09T19:40:00,M.C.G.,2025,St Kilda,Carlton,1488.9660481610838,1499.6052462761465,1489.76762308417,1525.8796145073538,-10.639198115062754,-36.11199142318378,58.360801884937246,32.88800857681622,0.5832068282408752,0.4167931717591248,St Kilda,0.5832068282408752,5.957254900641435,1.737467528490406,margin_only_elo,62.0,77.0,away_win,-15.0,20.957254900641434,-15.454237662560363,-11.140285173760358,1473.5118104985233,1515.059483938707,1478.6273379104098,1537.019899681114,False
74,9,2025-05-10T13:20:00,M.C.G.,2025,Melbourne,Hawthorn,1457.4169340564613,1589.1503472270317,1417.9330136398762,1587.8476256262982,-131.73341317057043,-169.91461198642196,-62.73341317057043,-100.91461198642196,0.4106878542180132,0.5893121457819868,Hawthorn,0.5893121457819868,-18.27943049206778,-1.8649545533304326,margin_only_elo,56.0,91.0,away_win,-35.0,16.72056950793222,-14.916058069451662,-8.888182802049405,1442.5008759870095,1604.0664052964835,1409.0448308378268,1596.7358084283476,True
75,9,2025-05-10T16:15:00,Docklands,2025,Essendon,Sydney,1466.7397442486817,1550.4239397199244,1439.8254712475373,1526.678773228534,-83.68419547124267,-86.85330198099678,-14.684195471242674,-17.853301980996775,0.4788803177911863,0.5211196822088138,Sydney,0.5211196822088138,-3.233904250253042,-0.44100661959644466,margin_only_elo,71.0,63.0,home_win,8.0,-11.233904250253042,10.332564449338351,5.971626415571585,1477.0723086980202,1540.091375270586,1445.7970976631088,1520.7071468129625,False
76,9,2025-05-10T19:35:00,Marrara Oval,2025,Gold Coast,Western Bulldogs,1519.9830025570484,1589.6191976297316,1542.5220469046794,1616.1793789986282,-69.63619507268322,-73.65733209394875,-0.636195072683222,-4.657332093948753,0.4990844427166611,0.5009155572833389,Western Bulldogs,0.5009155572833389,-0.8436179519896227,-0.019118034948636682,margin_only_elo,106.0,96.0,home_win,10.0,-10.843617951989623,11.07822702946979,5.764161235485775,1531.0612295865183,1578.5409706002617,1548.2862081401652,1610.4152177631424,False
77,9,2025-05-10T20:10:00,Adelaide Oval,2025,Port Adelaide,Adelaide,1519.0735460477076,1527.5362077889934,1464.9920223954828,1577.3409435848953,-8.462661741285729,-112.34892118941252,60.53733825871427,-43.34892118941252,0.5862491603849892,0.4137508396150108,Port Adelaide,0.5862491603849892,-7.852119491819548,1.8009954074281578,margin_only_elo,84.0,89.0,away_win,-5.0,-2.852119491819548,-9.008561694875869,1.5161062190228813,1510.0649843528317,1536.5447694838692,1466.5081286145057,1575.8248373658723,False
78,9,2025-05-11T13:10:00,M.C.G.,2025,Richmond,West Coast,1324.1605021428404,1278.0973038589264,1331.2398970023198,1298.995520113758,46.06319828391406,32.244376888561874,115.06319828391406,101.24437688856187,0.6597896597601837,0.34021034023981633,Richmond,0.6597896597601837,18.339163314587093,3.3366173316706744,margin_only_elo,81.0,79.0,home_win,2.0,16.339163314587093,2.8667467898896355,-8.685438035091734,1327.0272489327301,1275.2305570690366,1322.5544589672281,1307.6809581488496,True
79,9,2025-05-11T15:20:00,Kardinia Park,2025,Geelong,Greater Western Sydney,1584.8816406014087,1534.3223175223666,1596.2780979359468,1557.934865237385,50.55932307904209,38.34323269856168,119.55932307904209,107.34323269856168,0.6655750218359934,0.3344249781640066,Geelong,0.6655750218359934,19.443895411015657,3.457423267430899,margin_only_elo,101.0,105.0,away_win,-4.0,23.443895411015657,-8.949518443201667,-12.46211308211614,1575.932122158207,1543.2718359655682,1583.8159848538307,1570.3969783195012,False
80,9,2025-05-11T16:40:00,Bellerive Oval,2025,North Melbourne,Brisbane Lions,1292.6446871524763,1656.3053847939673,1369.1451334046537,1575.7084861139906,-363.66069764149097,-206.56335270933687,-294.66069764149097,-137.56335270933687,0.15496178347460887,0.8450382165253911,Brisbane Lions,0.8450382165253911,-24.917895383123145,-7.204849769848685,margin_only_elo,71.0,71.0,draw,0.0,-24.917895383123145,0.0,13.24564986273189,1292.6446871524763,1656.3053847939673,1382.3907832673856,1562.4628362512588,False
81,10,2025-05-15T19:30:00,Marrara Oval,2025,Gold Coast,Hawthorn,1531.0612295865183,1604.0664052964835,1548.2862081401652,1596.7358084283476,-73.00517570996521,-48.44960028818241,-4.005175709965215,20.55039971181759,0.49423634413193585,0.5057636558680642,Hawthorn,0.5057636558680642,3.7224500567561316,-0.12035268171939775,margin_only_elo,104.0,96.0,home_win,8.0,-4.277549943243868,10.028090952618735,2.2738248133480794,1541.089320539137,1594.0383143438648,1550.5600329535132,1594.4619836149996,False
82,10,2025-05-16T19:40:00,S.C.G.,2025,Sydney,Carlton,1540.091375270586,1515.059483938707,1520.7071468129625,1537.019899681114,25.031891331879024,-16.31275286815162,94.03189133187902,52.68724713184838,0.6321127042667176,0.3678872957332824,Sydney,0.6321127042667176,9.543641429197628,2.758686259497581,margin_only_elo,78.0,62.0,home_win,16.0,-6.456358570802372,10.013562603752444,3.432017981543416,1550.1049378743385,1505.0459213349545,1524.1391647945059,1533.5878816995707,True
83,10,2025-05-17T13:20:00,M.C.G.,2025,Collingwood,Adelaide,1619.3286070533704,1536.5447694838692,1594.9969324464116,1575.8248373658723,82.7838375695012,19.172095080539293,151.7838375695012,88.1720950805393,0.7055229032207874,0.29447709677921263,Collingwood,0.7055229032207874,15.971281577949963,4.291587340325692,margin_only_elo,78.0,68.0,home_win,10.0,5.971281577949963,6.512642870969925,-3.174164743739807,1625.8412499243404,1530.0321266128992,1591.8227677026719,1578.999002109612,True
84,10,2025-05-17T16:15:00,Sydney Showground,2025,Greater Western Sydney,Fremantle,1543.2718359655682,1501.7462585918845,1570.3969783195012,1486.8352156579203,41.525577373683745,83.56176266158081,110.52557737368375,152.56176266158081,0.6539021914508423,0.3460978085491577,Greater Western Sydney,0.6539021914508423,27.634671346652286,3.213679284051743,margin_only_elo,61.0,95.0,away_win,-34.0,61.63467134665228,-23.522908815133924,-32.76325161133996,1519.7489271504344,1525.2691674070184,1537.6337267081612,1519.5984672692603,False
85,10,2025-05-17T16:15:00,Adelaide Oval,2025,Port Adelaide,Geelong,1510.0649843528317,1575.932122158207,1466.5081286145057,1583.8159848538307,-65.86713780537525,-117.30785623932502,3.1328621946247495,-48.30785623932502,0.5045084289273587,0.4954915710726413,Port Adelaide,0.5045084289273587,-8.750369079022544,0.09414189954598581,margin_only_elo,39.0,115.0,away_win,-76.0,67.24963092097745,-23.08766707006389,-35.74800563536073,1486.977317282768,1599.0197892282708,1430.760122979145,1619.5639904891914,False
86,10,2025-05-17T19:35:00,Docklands,2025,Western Bulldogs,Essendon,1578.5409706002617,1477.0723086980202,1610.4152177631424,1445.7970976631088,101.46866190224159,164.6181201000336,170.4686619022416,233.6181201000336,0.7273653943796218,0.2726346056203782,Western Bulldogs,0.7273653943796218,42.317025294916554,4.747687157277618,margin_only_elo,127.0,36.0,home_win,91.0,-48.682974705083446,12.813826464157776,25.878495246292598,1591.3547970644195,1464.2584822338624,1636.2937130094351,1419.9186024168162,True
87,10,2025-05-18T13:10:00,M.C.G.,2025,Richmond,North Melbourne,1327.0272489327301,1292.6446871524763,1322.5544589672281,1382.3907832673856,34.38256178025381,-59.83632430015746,103.38256178025381,9.163675699842543,0.6445385578405698,0.3554614421594302,Richmond,0.6445385578405698,1.65988621181698,3.0181543530997694,margin_only_elo,74.0,78.0,away_win,-4.0,5.65988621181698,-8.666655931343188,-3.0086357564294137,1318.3605930013869,1301.3113430838196,1319.5458232107987,1385.399419023815,False
88,10,2025-05-18T15:20:00,Gabba,2025,Brisbane Lions,Melbourne,1656.3053847939673,1442.5008759870095,1562.4628362512588,1409.0448308378268,213.80450880695776,153.41800541343196,282.80450880695776,222.41800541343196,0.8358891117351029,0.16411088826489706,Brisbane Lions,0.8358891117351029,40.28826341507631,7.0138044815718175,margin_only_elo,88.0,99.0,away_win,-11.0,51.28826341507631,-19.327391532413884,-27.26339318864718,1636.9779932615534,1461.8282675194234,1535.1994430626116,1436.308224026474,False
89,10,2025-05-18T16:40:00,Perth Stadium,2025,West Coast,St Kilda,1275.2305570690366,1473.5118104985233,1307.6809581488496,1478.6273379104098,-198.2812534294867,-170.94637976156014,-129.2812534294867,-101.94637976156014,0.3220858096523124,0.6779141903476875,St Kilda,0.6779141903476875,-18.4663224293041,-3.7150812634258497,margin_only_elo,108.0,80.0,home_win,28.0,-46.4663224293041,22.823901336631696,24.700185462863328,1298.0544584056684,1450.6879091618916,1332.381143611713,1453.9271524475464,False
90,11,2025-05-22T19:30:00,Kardinia Park,2025,Geelong,Western Bulldogs,1599.0197892282708,1591.3547970644195,1619.5639904891914,1636.2937130094351,7.664992163851366,-16.72972252024374,76.66499216385137,52.27027747975626,0.6085733176872774,0.3914266823127226,Geelong,0.6085733176872774,9.468112547674057,2.267153044171045,margin_only_elo,127.0,113.0,home_win,14.0,-4.531887452325943,10.073358975359303,2.409023454343349,1609.09314820363,1581.2814380890602,1621.9730139435346,1633.8846895550919,True
91,11,2025-05-23T19:40:00,M.C.G.,2025,Essendon,Richmond,1464.2584822338624,1318.3605930013869,1419.9186024168162,1319.5458232107987,145.89788923247556,100.37277920601741,214.89788923247556,169.3727792060174,0.7750504014422402,0.22494959855775976,Essendon,0.7750504014422402,30.679778515734768,5.7434125456711005,margin_only_elo,81.0,58.0,home_win,23.0,7.6797785157347676,7.05537365988545,-4.082353492488408,1471.3138558937478,1311.3052193415015,1415.8362489243277,1323.6281767032872,True
92,11,2025-05-24T12:35:00,Docklands,2025,Carlton,Greater Western Sydney,1505.0459213349545,1519.7489271504344,1533.5878816995707,1537.6337267081612,-14.703005815479855,-4.045845008590504,54.296994184520145,64.9541549914095,0.5775096689327747,0.42249033106722533,Carlton,0.5775096689327747,11.765639662730129,1.6185033820166808,margin_only_elo,82.0,110.0,away_win,-28.0,39.76563966273013,-19.443498738258043,-21.13829163504856,1485.6024225966964,1539.1924258886925,1512.4495900645222,1558.7720183432098,False
93,11,2025-05-24T16:15:00,M.C.G.,2025,Hawthorn,Brisbane Lions,1594.0383143438648,1636.9779932615534,1594.4619836149996,1535.1994430626116,-42.939678917688525,59.26254055238792,26.060321082311475,128.26254055238792,0.5374336407291963,0.4625663592708037,Hawthorn,0.5374336407291963,23.233168602767467,0.7816634357443736,margin_only_elo,60.0,93.0,away_win,-33.0,56.23316860276746,-19.141685035015996,-29.891965213430844,1574.8966293088488,1656.1196782965694,1564.5700184015686,1565.0914082760426,False
94,11,2025-05-24T19:35:00,Docklands,2025,North Melbourne,Collingwood,1301.3113430838196,1625.8412499243404,1385.399419023815,1591.8227677026719,-324.5299068405209,-206.42334867885688,-255.52990684052088,-137.42334867885688,0.18679850680084067,0.8132014931991594,Collingwood,0.8132014931991594,-24.892535389229373,-6.540057298337468,margin_only_elo,63.0,108.0,away_win,-45.0,20.107464610770627,-7.349945423969928,-10.68856064151909,1293.9613976598496,1633.1911953483104,1374.7108583822958,1602.511328344191,True
95,11,2025-05-24T20:10:00,Perth Stadium,2025,Fremantle,Port Adelaide,1525.2691674070184,1486.977317282768,1519.5984672692603,1430.760122979145,38.29185012425046,88.83834429011517,107.29185012425046,157.83834429011517,0.6496774111511165,0.35032258884888345,Fremantle,0.6496774111511165,28.590458672351893,3.1254603392732005,margin_only_elo,100.0,51.0,home_win,49.0,-20.409541327648107,14.146351303969533,10.849136097909868,1539.415518710988,1472.8309659787983,1530.4476033671701,1419.9109868812352,True
96,11,2025-05-25T13:10:00,Adelaide Oval,2025,Adelaide,West Coast,1530.0321266128992,1298.0544584056684,1578.999002109612,1332.381143611713,231.97766820723086,246.61785849789908,300.97766820723086,315.6178584978991,0.8497404388354223,0.15025956116457773,Adelaide,0.8497404388354223,57.17026100485717,7.303038328986777,margin_only_elo,128.0,62.0,home_win,66.0,-8.829738995142833,6.615082756559359,4.693640024999301,1536.6472093694586,1291.439375649109,1583.6926421346113,1327.6875035867138,True
97,11,2025-05-25T15:20:00,M.C.G.,2025,Melbourne,Sydney,1461.8282675194234,1550.1049378743385,1436.308224026474,1524.1391647945059,-88.27667035491504,-87.83094076803195,-19.27667035491504,-18.83094076803195,0.47228707206994425,0.5277129279300558,Sydney,0.5277129279300558,-3.410991392562656,-0.5786822237530375,margin_only_elo,131.0,78.0,home_win,53.0,-56.41099139256266,21.81407093625808,29.986490789328258,1483.6423384556815,1528.2908669380804,1466.294714815802,1494.1526740051777,False
98,11,2025-05-25T16:40:00,Docklands,2025,St Kilda,Gold Coast,1450.6879091618916,1541.089320539137,1453.9271524475464,1550.5600329535132,-90.40141137724527,-96.6328805059668,-21.401411377245267,-27.632880505966796,0.4692397883079975,0.5307602116920025,Gold Coast,0.5307602116920025,-5.005353620865111,-0.6423134989550119,margin_only_elo,61.0,80.0,away_win,-19.0,13.994646379134888,-13.68455076142397,-7.439159007639103,1437.0033584004677,1554.7738713005608,1446.4879934399073,1557.9991919611523,True
99,12,2025-05-29T19:30:00,Gabba,2025,Brisbane Lions,Essendon,1656.1196782965694,1471.3138558937478,1565.0914082760426,1415.8362489243277,184.8058224028216,149.25515935171484,253.8058224028216,218.25515935171484,0.8116892059583687,0.1883107940416313,Brisbane Lions,0.8116892059583687,39.53421547557103,6.50847876049178,margin_only_elo,90.0,72.0,home_win,18.0,21.53421547557103,5.375839912983497,-11.446981130325534,1661.495518209553,1465.9380159807642,1553.644427145717,1427.2832300546534,True
100,12,2025-05-30T19:40:00,M.C.G.,2025,Collingwood,Hawthorn,1633.1911953483104,1574.8966293088488,1602.511328344191,1564.5700184015686,58.29456603946164,37.94130994262241,127.29456603946164,106.94130994262241,0.6754120517892406,0.3245879482107594,Collingwood,0.6754120517892406,19.371092088129565,3.6628333339109758,margin_only_elo,107.0,56.0,home_win,51.0,-31.628907911870435,13.265249431117473,16.8130347005541,1646.456444779428,1561.6313798777312,1619.324363044745,1547.7569837010146,True
101,12,2025-05-31T13:20:00,Carrara,2025,Gold Coast,Fremantle,1554.7738713005608,1539.415518710988,1557.9991919611523,1530.4476033671701,15.35835258957286,27.55158859398216,84.35835258957286,96.55158859398216,0.6190707056168565,0.3809292943831435,Gold Coast,0.6190707056168565,17.48912291155506,2.4863522498998245,margin_only_elo,64.0,75.0,away_win,-11.0,28.48912291155506,-14.314125816124388,-15.144013616750897,1540.4597454844363,1553.7296445271124,1542.8551783444013,1545.591616983921,False
102,12,2025-05-31T16:15:00,Sydney Showground,2025,Greater Western Sydney,Richmond,1539.1924258886925,1311.3052193415015,1558.7720183432098,1323.6281767032872,227.887206547191,235.14384163992258,296.887206547191,304.1438416399226,0.8467091487277066,0.15329085127229336,Greater Western Sydney,0.8467091487277066,55.091885143406934,7.239741022227969,margin_only_elo,80.0,77.0,home_win,3.0,52.091885143406934,1.7142427197203136,-27.690575816709753,1540.9066686084127,1309.5909766217812,1531.0814425265,1351.318752519997,True
103,12,2025-05-31T19:35:00,S.C.G.,2025,Sydney,Adelaide,1528.2908669380804,1536.6472093694586,1494.1526740051777,1583.6926421346113,-8.356342431378152,-89.53996812943365,60.64365756862185,-20.539968129433646,0.5863976055409769,0.41360239445902314,Sydney,0.5863976055409769,-3.7205605049721417,1.804095136666047,margin_only_elo,41.0,131.0,away_win,-90.0,86.27943949502786,-27.560687460425914,-45.86371474526438,1500.7301794776545,1564.2078968298845,1448.2889592599133,1629.5563568798757,False
104,12,2025-06-01T15:20:00,Traeger Park,2025,Melbourne,St Kilda,1483.6423384556815,1437.0033584004677,1466.294714815802,1446.4879934399073,46.63898005521378,19.806721375894767,115.63898005521378,88.80672137589477,0.6605332544447228,0.3394667455552772,Melbourne,0.6605332544447228,16.08623626118206,3.3521445623806905,margin_only_elo,63.0,91.0,away_win,-28.0,44.08623626118206,-22.238722899838496,-23.4349988352869,1461.403615555843,1459.2420813003062,1442.8597159805151,1469.9229922751942,False
105,12,2025-06-01T19:20:00,Perth Stadium,2025,West Coast,Geelong,1291.439375649109,1609.09314820363,1327.6875035867138,1621.9730139435346,-317.6537725545211,-294.28551035682085,-248.65377255452108,-225.28551035682085,0.19288590759063465,0.8071140924093654,Geelong,0.8071140924093654,-40.80767637487038,-6.4129443987259656,margin_only_elo,73.0,116.0,away_win,-43.0,2.1923236251296174,-7.483298443990373,-1.1653773594350147,1283.9560772051186,1616.5764466476205,1326.5221262272787,1623.1383913029697,True
106,13,2025-06-05T19:30:00,Docklands,2025,Western Bulldogs,Hawthorn,1581.2814380890602,1561.6313798777312,1633.8846895550919,1547.7569837010146,19.650058211328997,86.12770585407725,88.650058211329,155.12770585407725,0.6248793201796898,0.37512067982031017,Western Bulldogs,0.6248793201796898,28.099460135020653,2.607643728036971,margin_only_elo,59.0,81.0,away_win,-22.0,50.09946013502065,-19.276735174344125,-26.631458919673985,1562.004702914716,1580.9081150520753,1607.2532306354178,1574.3884426206887,False
107,13,2025-06-06T19:40:00,Adelaide Oval,2025,Adelaide,Brisbane Lions,1564.2078968298845,1661.495518209553,1629.5563568798757,1553.644427145717,-97.28762137966851,75.91192973415878,-28.287621379668508,144.91192973415878,0.4593805554507902,0.5406194445492098,Brisbane Lions,0.5406194445492098,26.24899897948749,-0.848187191143272,margin_only_elo,68.0,63.0,home_win,5.0,21.24899897948749,8.307395470678069,-11.2953680914187,1572.5152923005626,1653.1881227388749,1618.260988788457,1564.9397952371355,False
108,13,2025-06-07T13:20:00,M.C.G.,2025,Richmond,Sydney,1309.5909766217812,1500.7301794776545,1351.318752519997,1448.2889592599133,-191.13920285587324,-96.97020673991642,-122.13920285587324,-27.97020673991642,0.33112754252621407,0.6688724574737859,Sydney,0.6688724574737859,-5.066456084871639,-3.5262780413608246,margin_only_elo,36.0,80.0,away_win,-44.0,38.93354391512836,-12.938707159980934,-20.695973022038167,1296.6522694618004,1513.6688866376353,1330.6227794979588,1468.9849322819514,True
109,13,2025-06-07T16:15:00,Kardinia Park,2025,Geelong,Gold Coast,1616.5764466476205,1540.4597454844363,1623.1383913029697,1542.8551783444013,76.11670116318419,80.28321295856836,145.1167011631842,149.28321295856836,0.6974868435088877,0.3025131564911123,Geelong,0.6974868435088877,27.040802726129133,4.123783890757634,margin_only_elo,61.0,37.0,home_win,24.0,3.040802726129133,9.637956146218587,-1.616404900681417,1626.214402793839,1530.8217893382177,1621.5219864022883,1544.4715832450827,True
110,13,2025-06-07T19:35:00,Manuka Oval,2025,Greater Western Sydney,Port Adelaide,1540.9066686084127,1472.8309659787983,1531.0814425265,1419.9109868812352,68.0757026296144,111.17045564526484,137.0757026296144,180.17045564526484,0.6876318587826441,0.3123681412173559,Greater Western Sydney,0.6876318587826441,32.63564369781185,3.9179989051065935,margin_only_elo,50.0,66.0,away_win,-16.0,48.63564369781185,-18.716723154383526,-25.85333541877384,1522.1899454540292,1491.5476891331818,1505.2281071077261,1445.764322300009,False
111,13,2025-06-08T15:20:00,Hands Oval,2025,North Melbourne,West Coast,1293.9613976598496,1283.9560772051186,1374.7108583822958,1326.5221262272787,10.005320454730963,48.18873215501708,79.00532045473096,117.18873215501708,0.6117777748937817,0.3882222251062183,North Melbourne,0.6117777748937817,21.227285540863083,2.334066306705468,margin_only_elo,62.0,52.0,home_win,10.0,11.227285540863083,8.585906117465406,-5.968108096477029,1302.547303777315,1275.3701710876533,1368.7427502858188,1332.4902343237557,True
112,13,2025-06-08T19:20:00,M.C.G.,2025,Carlton,Essendon,1485.6024225966964,1465.9380159807642,1512.4495900645222,1427.2832300546534,19.664406615932194,85.16636000986887,88.6644066159322,154.16636000986887,0.6248986809214095,0.37510131907859046,Carlton,0.6248986809214095,27.925324257250946,2.6080480056759177,margin_only_elo,78.0,70.0,home_win,8.0,19.925324257250946,7.437367435410626,-10.591739970611629,1493.039790032107,1458.5006485453537,1501.8578500939107,1437.874970025265,True
113,13,2025-06-09T15:20:00,M.C.G.,2025,Melbourne,Collingwood,1461.403615555843,1646.456444779428,1442.8597159805151,1619.324363044745,-185.05282922358492,-176.4646470642299,-116.05282922358492,-107.4646470642299,0.33893276745850887,0.6610672325414911,Collingwood,0.6610672325414911,-19.465888117664218,-3.3632947242565203,margin_only_elo,71.0,72.0,away_win,-1.0,-18.465888117664218,-1.6607918317769887,9.815944912290776,1459.742823724066,1648.117236611205,1452.675660892806,1609.5084181324542,True
114,14,2025-06-12T19:30:00,Docklands,2025,St Kilda,Western Bulldogs,1459.2420813003062,1562.004702914716,1469.9229922751942,1607.2532306354178,-102.76262161440991,-137.33023836022358,-33.76262161440991,-68.33023836022358,0.4515640508777367,0.5484359491222632,Western Bulldogs,0.5484359491222632,-12.377175297271997,-1.0114060419166946,margin_only_elo,60.0,132.0,away_win,-72.0,59.622824702728,-20.363578772184496,-31.69381072103981,1438.8785025281218,1582.3682816869004,1438.2291815541544,1638.9470413564577,True
115,14,2025-06-13T19:40:00,York Park,2025,Hawthorn,Adelaide,1580.9081150520753,1572.5152923005626,1574.3884426206887,1618.260988788457,8.392822751512767,-43.872546167768405,77.39282275151277,25.127453832231595,0.6095709056199551,0.3904290943800449,Hawthorn,0.6095709056199551,4.551526649388697,2.287983986492554,margin_only_elo,47.0,44.0,home_win,3.0,1.5515266493886974,4.3661459705714245,-0.8247477740202496,1585.2742610226467,1568.1491463299913,1573.5636948466683,1619.0857365624775,True
116,14,2025-06-14T13:20:00,Gabba,2025,Brisbane Lions,Greater Western Sydney,1653.1881227388749,1522.1899454540292,1564.9397952371355,1505.2281071077261,130.99817728484572,59.71168812940937,199.99817728484572,128.71168812940937,0.7597450114503561,0.2402549885496439,Brisbane Lions,0.7597450114503561,23.314526116344876,5.423815961063911,margin_only_elo,96.0,107.0,away_win,-11.0,34.31452611634488,-17.56679097137551,-18.240633534825655,1635.6213317674994,1539.7567364254046,1546.6991617023098,1523.468740642552,False
117,14,2025-06-14T16:15:00,M.C.G.,2025,Essendon,Geelong,1458.5006485453537,1626.214402793839,1437.874970025265,1621.5219864022883,-167.71375424848543,-183.64701637702342,-98.71375424848543,-114.64701637702342,0.3616425620833577,0.6383574379166423,Geelong,0.6383574379166423,-20.766885248181204,-2.889084475247445,margin_only_elo,56.0,151.0,away_win,-95.0,74.23311475181879,-16.997200417917814,-39.460228526705905,1441.5034481274358,1643.211603211757,1398.4147414985591,1660.9822149289942,True
118,14,2025-06-14T19:35:00,Perth Stadium,2025,North Melbourne,Fremantle,1302.547303777315,1553.7296445271124,1368.7427502858188,1545.591616983921,-251.1823407497975,-176.84886669810226,-182.1823407497975,-107.84886669810226,0.25946984667274403,0.7405301533272559,Fremantle,0.7405301533272559,-19.535484739529075,-5.022584562640817,margin_only_elo,67.0,73.0,away_win,-6.0,-13.535484739529075,-4.4197790535650086,7.195081640144586,1298.12752472375,1558.1494235806774,1375.9378319259633,1538.3965353437766,True
119,14,2025-06-15T15:20:00,Adelaide Oval,2025,Port Adelaide,Melbourne,1491.5476891331818,1459.742823724066,1445.764322300009,1452.675660892806,31.80486540911579,-6.9113385927969375,100.80486540911579,62.08866140720306,0.6411317054666372,0.3588682945333628,Port Adelaide,0.6411317054666372,11.24659103570855,2.947014814443969,margin_only_elo,93.0,68.0,home_win,25.0,-13.75340896429145,11.604508095830662,7.3109240069828685,1503.1521972290125,1448.1383156282354,1453.0752463069919,1445.3647368858233,True
120,14,2025-06-15T18:10:00,Perth Stadium,2025,West Coast,Carlton,1275.3701710876533,1493.039790032107,1332.4902343237557,1501.8578500939107,-217.66961894445376,-169.367615770155,-148.66961894445376,-100.367615770155,0.29821526485313166,0.7017847351468683,Carlton,0.7017847351468683,-18.180348910938367,-4.2135294960142655,margin_only_elo,52.0,86.0,away_win,-34.0,15.819651089061633,-10.727736615864483,-8.40927999955477,1264.6424344717889,1503.7675266479714,1324.0809543242008,1510.2671300934653,True
121,15,2025-06-19T20:10:00,Perth Stadium,2025,Fremantle,Essendon,1558.1494235806774,1441.5034481274358,1538.3965353437766,1398.4147414985591,116.64597545324159,139.98179384521745,185.6459754532416,208.98179384521745,0.7443427890311727,0.2556572109688273,Fremantle,0.7443427890311727,37.85446031557135,5.102197388577911,margin_only_elo,104.0,63.0,home_win,41.0,-3.1455396844286483,9.771506975368256,1.6720801114483166,1567.9209305560457,1431.7319411520675,1540.068615455225,1396.7426613871107,True
122,15,2025-06-20T19:40:00,Kardinia Park,2025,Geelong,Brisbane Lions,1643.211603211757,1635.6213317674994,1660.9822149289942,1546.6991617023098,7.590271444257496,114.28305322668439,76.5902714442575,183.2830532266844,0.6084708515528605,0.3915291484471395,Geelong,0.6084708515528605,33.199452149525385,2.2650134171105845,margin_only_elo,51.0,92.0,away_win,-41.0,74.19945214952538,-23.25644227958821,-39.4423344374744,1619.9551609321688,1658.8777740470875,1621.5398804915199,1586.141496139784,False
123,15,2025-06-21T13:20:00,M.C.G.,2025,Carlton,North Melbourne,1503.7675266479714,1298.12752472375,1510.2671300934653,1375.9378319259633,205.64000192422145,134.32929816750197,274.64000192422145,203.32929816750197,0.8293397176783481,0.17066028232165187,Carlton,0.8293397176783481,36.83058082167392,6.87704455759109,margin_only_elo,73.0,84.0,away_win,-11.0,47.83058082167392,-19.175956729091453,-25.42538671721418,1484.59156991888,1317.3034814528414,1484.841743376251,1401.3632186431776,False
124,15,2025-06-21T16:15:00,Adelaide Oval,2025,Port Adelaide,Sydney,1503.1521972290125,1513.6688866376353,1453.0752463069919,1468.9849322819514,-10.516689408622824,-15.90968597495953,58.483310591377176,53.09031402504047,0.5833782398950121,0.41662176010498786,Port Adelaide,0.5833782398950121,9.616651998358314,1.7410468282830331,margin_only_elo,52.0,71.0,away_win,-19.0,28.616651998358314,-17.013197379829695,-15.211804479708526,1486.1389998491827,1530.682084017465,1437.8634418272834,1484.1967367616598,False
125,15,2025-06-21T19:35:00,Docklands,2025,Collingwood,St Kilda,1648.117236611205,1438.8785025281218,1609.5084181324542,1438.2291815541544,209.23873408308327,171.2792365782998,278.2387340830833,240.2792365782998,0.8322517874016402,0.1677482125983598,Collingwood,0.8322517874016402,43.52360393865565,6.937852386610517,margin_only_elo,108.0,74.0,home_win,34.0,9.523603938655647,6.0344283295609,-5.0624790442055465,1654.1516649407658,1432.844074198561,1604.4459390882487,1443.2916605983598,True
126,15,2025-06-22T13:10:00,Sydney Showground,2025,Greater Western Sydney,Gold Coast,1539.7567364254046,1530.8217893382177,1523.468740642552,1544.4715832450827,8.934947087186856,-21.00284260253079,77.93494708718686,47.99715739746921,0.6103133641041943,0.38968663589580566,Greater Western Sydney,0.6103133641041943,8.694089836880352,2.3034874918525166,margin_only_elo,106.0,99.0,home_win,7.0,1.6940898368803516,7.212114628019455,-0.9005303405570857,1546.968851053424,1523.6096747101983,1522.568210301995,1545.3721135856397,True
127,15,2025-06-22T15:20:00,Docklands,2025,Western Bulldogs,Richmond,1582.3682816869004,1296.6522694618004,1638.9470413564577,1330.6227794979588,285.71601222510003,308.32426185849886,354.71601222510003,377.32426185849886,0.8851275630614824,0.11487243693851756,Western Bulldogs,0.8851275630614824,68.34761073590848,8.041967820343494,margin_only_elo,135.0,56.0,home_win,79.0,-10.652389264091525,5.311808640645348,5.6625094625465815,1587.6800903275457,1291.3404608211551,1644.6095508190042,1324.9602700354123,True
133,16,2025-06-26T19:30:00,Adelaide Oval,2025,Port Adelaide,Carlton,1486.1389998491827,1484.59156991888,1437.8634418272834,1484.841743376251,1.5474299303027692,-46.97830154896769,70.54742993030277,22.021698451032307,0.6001532405676964,0.39984675943230363,Port Adelaide,0.6001532405676964,3.988957577393094,2.09133080828067,margin_only_elo,110.0,60.0,home_win,50.0,-46.011042422606906,16.244487765453588,24.458171461861554,1502.3834876146364,1468.3470821534263,1462.321613289145,1460.3835719143894,True
132,16,2025-06-27T19:40:00,S.C.G.,2025,Sydney,Western Bulldogs,1530.682084017465,1587.6800903275457,1484.1967367616598,1644.6095508190042,-56.998006310080655,-160.41281405734435,12.001993689919345,-91.41281405734435,0.5172653901622716,0.4827346098377284,Sydney,0.5172653901622716,-16.558297631569665,0.3605239546786146,margin_only_elo,96.0,105.0,away_win,-9.0,-7.5582976315696655,-10.874623507648584,4.017777683338977,1519.8074605098166,1598.5547138351942,1488.2145144449987,1640.5917731356653,False
129,16,2025-06-28T13:20:00,Carrara,2025,Gold Coast,Melbourne,1523.6096747101983,1448.1383156282354,1545.3721135856397,1445.3647368858233,75.47135908196287,100.0073766998164,144.47135908196287,169.0073766998164,0.6967024315548929,0.30329756844510714,Gold Coast,0.6967024315548929,30.613590383191312,4.107404342013386,margin_only_elo,104.0,85.0,home_win,19.0,11.613590383191312,8.845138614884997,-6.173456846966737,1532.4548133250833,1439.2931770133505,1539.198656738673,1451.53819373279,True
130,16,2025-06-28T16:15:00,York Park,2025,Hawthorn,North Melbourne,1585.2742610226467,1317.3034814528414,1573.5636948466683,1401.3632186431776,267.97077956980525,172.20047620349078,336.97077956980525,241.20047620349078,0.8743257454323421,0.1256742545676579,Hawthorn,0.8743257454323421,43.690475072218376,7.816411723853725,margin_only_elo,150.0,65.0,home_win,85.0,-41.309524927781624,5.906689964679922,21.95897746483793,1591.1809509873267,1311.3967914881614,1595.5226723115063,1379.4042411783396,True
128,16,2025-06-28T19:35:00,Docklands,2025,Collingwood,West Coast,1654.1516649407658,1264.6424344717889,1604.4459390882487,1324.0809543242008,389.50923046897697,280.3649847640479,458.50923046897697,349.3649847640479,0.9333541105623486,0.06664588943765137,Collingwood,0.9333541105623486,63.28313442077143,9.049001282205372,margin_only_elo,88.0,59.0,home_win,29.0,34.28313442077143,2.2714461444476046,-18.223946595508743,1656.4231110852133,1262.3709883273414,1586.22199249274,1342.3049009197096,True
131,16,2025-06-29T15:20:00,M.C.G.,2025,Richmond,Adelaide,1291.3404608211551,1568.1491463299913,1324.9602700354123,1619.0857365624775,-276.8086855088361,-294.1254665270651,-207.8086855088361,-225.1254665270651,0.23214424833806568,0.7678557516619343,Adelaide,0.7678557516619343,-40.778686419856754,-5.593178837255312,margin_only_elo,54.0,122.0,away_win,-68.0,27.221313580143246,-10.305256370116616,-14.470081960871203,1281.0352044510385,1578.454402700108,1310.490188074541,1633.5558185233488,True
134,16,2025-06-29T17:10:00,Perth Stadium,2025,Fremantle,St Kilda,1567.9209305560457,1432.844074198561,1540.068615455225,1443.2916605983598,135.07685635748476,96.77695485686513,204.07685635748476,165.77695485686513,0.764004477648053,0.23599552235194698,Fremantle,0.764004477648053,30.02843952767169,5.512759192811391,margin_only_elo,81.0,69.0,home_win,12.0,18.02843952767169,5.676644759245849,-9.58340958910649,1573.5975753152916,1427.1674294393151,1530.4852058661186,1452.8750701874662,True
139,17,2025-07-03T19:30:00,Docklands,2025,North Melbourne,Western Bulldogs,1311.3967914881614,1598.5547138351942,1379.4042411783396,1640.5917731356653,-287.1579223470328,-261.18753195732575,-218.1579223470328,-192.18753195732575,0.2216946488765737,0.7783053511234264,Western Bulldogs,0.7783053511234264,-34.81238804474297,-5.81138015719403,margin_only_elo,85.0,134.0,away_win,-49.0,14.187611955257033,-8.952235696599676,-7.541734061333462,1302.4445557915617,1607.506949531794,1371.862507117006,1648.1335071969988,True
136,17,2025-07-04T19:20:00,M.C.G.,2025,Carlton,Collingwood,1468.3470821534263,1656.4231110852133,1460.3835719143894,1586.22199249274,-188.07602893178705,-125.83842057835045,-119.07602893178705,-56.83842057835045,0.3350445087826684,0.6649554912173317,Collingwood,0.6649554912173317,-10.295575019211944,-3.4444866568715553,margin_only_elo,59.0,115.0,away_win,-56.0,45.704424980788055,-14.075077433725879,-24.2951822842567,1454.2720047197004,1670.4981885189393,1436.0883896301327,1610.5171747769966,True
143,17,2025-07-04T20:20:00,Perth Stadium,2025,West Coast,Greater Western Sydney,1262.3709883273414,1546.968851053424,1342.3049009197096,1522.568210301995,-284.59786272608267,-180.26330938228534,-215.59786272608267,-111.26330938228534,0.2242478673040406,0.7757521326959594,Greater Western Sydney,0.7757521326959594,-20.15396868834584,-5.758065613127709,margin_only_elo,52.0,111.0,away_win,-59.0,38.84603131165416,-9.563788205124457,-20.649453792128384,1252.807200122217,1556.5326392585484,1321.6554471275813,1543.2176640941234,True
137,17,2025-07-05T12:35:00,Docklands,2025,Essendon,Gold Coast,1431.7319411520675,1532.4548133250833,1396.7426613871107,1539.198656738673,-100.72287217301573,-142.45599535156225,-31.72287217301573,-73.45599535156225,0.4544735609553654,0.5455264390446346,Gold Coast,0.5455264390446346,-13.305642610360538,-0.9506516616504354,margin_only_elo,74.0,115.0,away_win,-41.0,27.694357389639464,-17.370492129546417,-14.72153869804667,1414.3614490225211,1549.8253054546296,1382.021122689064,1553.9201954367197,True
138,17,2025-07-05T16:15:00,Kardinia Park,2025,Geelong,Richmond,1619.9551609321688,1281.0352044510385,1621.5398804915199,1310.490188074541,338.9199564811304,311.0496924169788,407.9199564811304,380.0496924169788,0.9127891392633796,0.08721086073662043,Geelong,0.9127891392633796,68.841288682779,8.619577752770283,margin_only_elo,124.0,52.0,home_win,72.0,-3.1587113172210053,3.932831298125242,1.6790817796632895,1623.887992230294,1277.1023731529133,1623.218962271183,1308.8111062948778,True
135,17,2025-07-05T19:35:00,Gabba,2025,Brisbane Lions,Port Adelaide,1658.8777740470875,1502.3834876146364,1586.141496139784,1462.321613289145,156.4942864324512,123.81988285063903,225.4942864324512,192.81988285063903,0.7855065266999521,0.21449347330004787,Brisbane Lions,0.7855065266999521,34.926930567113,5.9617501327800655,margin_only_elo,120.0,92.0,home_win,28.0,6.926930567112997,7.2215303081956455,-3.6821607725978693,1666.0993043552833,1495.1619573064406,1582.4593353671862,1466.003774061743,True
140,17,2025-07-05T19:40:00,Docklands,2025,St Kilda,Hawthorn,1427.1674294393151,1591.1809509873267,1452.8750701874662,1595.5226723115063,-164.01352154801157,-142.64760212404008,-95.01352154801157,-73.64760212404008,0.3665742263449425,0.6334257736550575,Hawthorn,0.6334257736550575,-13.340349801027724,-2.7861048677191422,margin_only_elo,74.0,94.0,away_win,-20.0,6.659650198972276,-10.905691269300691,-3.540082073047188,1416.2617381700145,1602.0866422566273,1449.334988114419,1599.0627543845535,True
141,17,2025-07-06T13:10:00,S.C.G.,2025,Sydney,Fremantle,1519.8074605098166,1573.5975753152916,1488.2145144449987,1530.4852058661186,-53.790114805475014,-42.270691421119864,15.209885194524986,26.729308578880136,0.5218748119265068,0.47812518807349325,Sydney,0.5218748119265068,4.841682771712099,0.4567747169032142,margin_only_elo,94.0,83.0,home_win,11.0,-6.158317228287901,11.055189715563511,3.2735876162630864,1530.86265022538,1562.542385599728,1491.4881020612618,1527.2116182498555,True
142,17,2025-07-06T15:20:00,Adelaide Oval,2025,Adelaide,Melbourne,1578.454402700108,1439.2931770133505,1633.5558185233488,1451.53819373279,139.16122568675746,182.01762479055878,208.16122568675746,251.01762479055878,0.7682172994649047,0.2317827005350953,Adelaide,0.7682172994649047,45.468729793663044,5.600728428808539,margin_only_elo,90.0,77.0,home_win,13.0,32.468729793663044,5.776562461456783,-17.25946030842545,1584.2309651615647,1433.5166145518938,1616.2963582149232,1468.7976540412155,True
144,18,2025-07-10T19:30:00,Docklands,2025,Carlton,Brisbane Lions,1454.2720047197004,1666.0993043552833,1436.0883896301327,1582.4593353671862,-211.8272996355829,-146.3709457370535,-142.8272996355829,-77.37094573705349,0.30530109660626614,0.6946989033937339,Brisbane Lions,0.6946989033937339,-14.01478732233852,-4.065568050497111,margin_only_elo,,,,,,,,,,,,
145,18,2025-07-11T19:40:00,Carrara,2025,Gold Coast,Collingwood,1549.8253054546296,1670.4981885189393,1553.9201954367197,1610.5171747769966,-120.67288306430964,-56.5969793402769,-51.672883064309644,12.403020659723097,0.4261802299784872,0.5738197700215129,Collingwood,0.5738197700215129,2.246653379310364,-1.5414534610273818,margin_only_elo,,,,,,,,,,,,
150,18,2025-07-12T13:20:00,Docklands,2025,Western Bulldogs,Adelaide,1607.506949531794,1584.2309651615647,1648.1335071969988,1616.2963582149232,23.275984370229253,31.837148982075632,92.27598437022925,100.83714898207563,0.6297590474641946,0.37024095253580536,Western Bulldogs,0.6297590474641946,18.265399029470018,2.7095388234751936,margin_only_elo,,,,,,,,,,,,
146,18,2025-07-12T16:15:00,Sydney Showground,2025,Greater Western Sydney,Geelong,1556.5326392585484,1623.887992230294,1543.2176640941234,1623.218962271183,-67.35535297174556,-80.00129817705965,1.6446470282544396,-11.001298177059653,0.502366819653277,0.497633180346723,Greater Western Sydney,0.502366819653277,-1.9927487347137751,0.04942229358216992,margin_only_elo,,,,,,,,,,,,
148,18,2025-07-12T19:35:00,M.C.G.,2025,Richmond,Essendon,1277.1023731529133,1414.3614490225211,1308.8111062948778,1382.021122689064,-137.25907586960784,-73.21001639418614,-68.25907586960784,-4.210016394186141,0.4030119634568804,0.5969880365431196,Essendon,0.5969880365431196,-0.7625922602600494,-2.0252372035848034,margin_only_elo,,,,,,,,,,,,
152,18,2025-07-12T20:10:00,Perth Stadium,2025,Fremantle,Hawthorn,1562.542385599728,1602.0866422566273,1527.2116182498555,1599.0627543845535,-39.54425665689928,-71.85113613469798,29.45574334310072,-2.851136134697981,0.5422889502898854,0.45771104971011456,Fremantle,0.5422889502898854,-0.5164479530937195,0.8830486571356422,margin_only_elo,,,,,,,,,,,,
147,18,2025-07-13T13:10:00,M.C.G.,2025,Melbourne,North Melbourne,1433.5166145518938,1302.4445557915617,1468.7976540412155,1371.862507117006,131.07205876033208,96.93514692420945,200.07205876033208,165.93514692420945,0.7598226332216359,0.2401773667783641,Melbourne,0.7598226332216359,30.057094058888698,5.425436805289726,margin_only_elo,,,,,,,,,,,,
149,18,2025-07-13T15:20:00,Docklands,2025,St Kilda,Sydney,1416.2617381700145,1530.86265022538,1449.334988114419,1491.4881020612618,-114.6009120553656,-42.15311394684272,-45.6009120553656,26.846886053157277,0.43474926451997226,0.5652507354800278,Sydney,0.5652507354800278,4.8629804730674895,-1.3625207991159998,margin_only_elo,,,,,,,,,,,,
151,18,2025-07-13T16:40:00,Adelaide Oval,2025,Port Adelaide,West Coast,1495.1619573064406,1252.807200122217,1466.003774061743,1321.6554471275813,242.35475718422367,144.3483269341616,311.3547571842237,213.3483269341616,0.8572092835039374,0.14279071649606256,Port Adelaide,0.8572092835039374,38.64540363408114,7.458997585711683,margin_only_elo,,,,,,,,,,,,
156,19,2025-07-17T19:30:00,Docklands,2025,Essendon,Greater Western Sydney,1414.3614490225211,1556.5326392585484,1382.021122689064,1543.2176640941234,-142.17119023602731,-161.1965414050594,-73.17119023602731,-92.1965414050594,0.39622790679440584,0.6037720932055941,Greater Western Sydney,0.6037720932055941,-16.700260121394408,-2.1668971900508924,margin_only_elo,,,,,,,,,,,,
153,19,2025-07-18T19:40:00,Gabba,2025,Brisbane Lions,Western Bulldogs,1666.0993043552833,1607.506949531794,1582.4593353671862,1648.1335071969988,58.59235482348936,-65.67417182981262,127.59235482348936,3.3258281701873784,0.6757877460443186,0.32421225395568143,Brisbane Lions,0.6757877460443186,0.6024325285388901,3.6706783219082197,margin_only_elo,,,,,,,,,,,,
158,19,2025-07-19T13:20:00,York Park,2025,Hawthorn,Port Adelaide,1602.0866422566273,1495.1619573064406,1599.0627543845535,1466.003774061743,106.9246849501867,133.0589803228106,175.9246849501867,202.0589803228106,0.7335489718689431,0.2664510281310569,Hawthorn,0.7335489718689431,36.600478497661676,4.876808352313414,margin_only_elo,,,,,,,,,,,,
159,19,2025-07-19T16:15:00,S.C.G.,2025,Sydney,North Melbourne,1530.86265022538,1302.4445557915617,1491.4881020612618,1371.862507117006,228.4180944338184,119.62559494425568,297.4180944338184,188.62559494425568,0.8471053799996302,0.1528946200003698,Sydney,0.8471053799996302,34.16718732736521,7.248014850029056,margin_only_elo,,,,,,,,,,,,
154,19,2025-07-19T19:35:00,M.C.G.,2025,Carlton,Melbourne,1454.2720047197004,1433.5166145518938,1436.0883896301327,1468.7976540412155,20.75539016780658,-32.70926441108281,89.75539016780658,36.29073558891719,0.6263696046398015,0.3736303953601985,Carlton,0.6263696046398015,6.57361670074973,2.6387628190106356,margin_only_elo,,,,,,,,,,,,
161,19,2025-07-19T20:10:00,Perth Stadium,2025,West Coast,Richmond,1252.807200122217,1277.1023731529133,1321.6554471275813,1308.8111062948778,-24.295173030696333,12.844340832703438,44.70482696930367,81.84434083270344,0.5639827035910122,0.4360172964089878,West Coast,0.5639827035910122,14.82508736813855,1.3360426328544894,margin_only_elo,,,,,,,,,,,,
157,19,2025-07-20T13:10:00,Kardinia Park,2025,Geelong,St Kilda,1623.887992230294,1416.2617381700145,1623.218962271183,1449.334988114419,207.6262540602795,173.883974156764,276.6262540602795,242.883974156764,0.8309519141913401,0.16904808580865993,Geelong,0.8309519141913401,43.995419848942454,6.910709331866105,margin_only_elo,,,,,,,,,,,,
155,19,2025-07-20T15:20:00,M.C.G.,2025,Collingwood,Fremantle,1670.4981885189393,1562.542385599728,1610.5171747769966,1527.2116182498555,107.95580291921124,83.3055565271411,176.95580291921124,152.3055565271411,0.734707502892494,0.265292497107506,Collingwood,0.734707502892494,27.588262782679784,4.900999997118588,margin_only_elo,,,,,,,,,,,,
160,19,2025-07-20T16:40:00,Adelaide Oval,2025,Adelaide,Gold Coast,1584.2309651615647,1549.8253054546296,1616.2963582149232,1553.9201954367197,34.40565970693501,62.37616277820348,103.40565970693501,131.37616277820348,0.6445690200746095,0.3554309799253905,Adelaide,0.6445690200746095,23.79716265610645,3.0187904444351585,margin_only_elo,,,,,,,,,,,,
165,20,2025-07-24T19:30:00,M.C.G.,2025,Hawthorn,Carlton,1602.0866422566273,1454.2720047197004,1599.0627543845535,1436.0883896301327,147.81463753692697,162.97436475442078,216.81463753692697,231.97436475442078,0.7769682554765821,0.2230317445234179,Hawthorn,0.7769682554765821,42.01927939871138,5.783459849233819,margin_only_elo,,,,,,,,,,,,
162,20,2025-07-25T19:20:00,Docklands,2025,Essendon,Western Bulldogs,1414.3614490225211,1607.506949531794,1382.021122689064,1648.1335071969988,-193.14550050927278,-266.11238450793485,-124.14550050927278,-197.11238450793485,0.32857461393191445,0.6714253860680856,Western Bulldogs,0.6714253860680856,-35.70446400986341,-3.5795865333310934,margin_only_elo,,,,,,,,,,,,
164,20,2025-07-25T19:50:00,Sydney Showground,2025,Greater Western Sydney,Sydney,1556.5326392585484,1530.86265022538,1543.2176640941234,1491.4881020612618,25.66998903316835,51.72956203286162,94.66998903316835,120.72956203286162,0.632966474478267,0.36703352552173296,Greater Western Sydney,0.632966474478267,21.868662962450006,2.7765140994804396,margin_only_elo,,,,,,,,,,,,
163,20,2025-07-26T13:20:00,Carrara,2025,Gold Coast,Brisbane Lions,1549.8253054546296,1666.0993043552833,1553.9201954367197,1582.4593353671862,-116.27399890065362,-28.53913993046649,-47.27399890065362,40.46086006953351,0.43238400946410105,0.567615990535899,Brisbane Lions,0.567615990535899,7.328983035576967,-1.4119104218555814,margin_only_elo,,,,,,,,,,,,
170,20,2025-07-26T16:15:00,Perth Stadium,2025,Fremantle,West Coast,1562.542385599728,1252.807200122217,1527.2116182498555,1321.6554471275813,309.7351854775111,205.55617112227424,378.7351854775111,274.55617112227424,0.8984550373300754,0.10154496266992463,Fremantle,0.8984550373300754,49.73244555380294,8.320262934675185,margin_only_elo,,,,,,,,,,,,
166,20,2025-07-26T19:35:00,Docklands,2025,North Melbourne,Geelong,1302.4445557915617,1623.887992230294,1371.862507117006,1623.218962271183,-321.4434364387323,-251.35645515417696,-252.4434364387323,-182.35645515417696,0.18951245379025555,0.8104875462097445,Geelong,0.8104875462097445,-33.03161039968283,-6.483386531432351,margin_only_elo,,,,,,,,,,,,
169,20,2025-07-26T20:10:00,Adelaide Oval,2025,Adelaide,Port Adelaide,1584.2309651615647,1495.1619573064406,1616.2963582149232,1466.003774061743,89.06900785512403,150.29258415318031,158.06900785512403,219.29258415318031,0.7129834549353545,0.28701654506464547,Adelaide,0.7129834549353545,39.72213211297223,4.44737342931299,margin_only_elo,,,,,,,,,,,,
167,20,2025-07-27T14:10:00,M.C.G.,2025,Richmond,Collingwood,1277.1023731529133,1670.4981885189393,1308.8111062948778,1610.5171747769966,-393.395815366026,-301.7060684821188,-324.395815366026,-232.70606848211878,0.1338460480885536,0.8661539519114464,Collingwood,0.8661539519114464,-42.15181845492895,-7.645773974617783,margin_only_elo,,,,,,,,,,,,
168,20,2025-07-27T15:20:00,Docklands,2025,St Kilda,Melbourne,1416.2617381700145,1433.5166145518938,1449.334988114419,1468.7976540412155,-17.254876381879285,-19.46266592679649,51.745123618120715,49.53733407320351,0.5739214632962049,0.42607853670379514,St Kilda,0.5739214632962049,8.973073741544003,1.5435769497647702,margin_only_elo,,,,,,,,,,,,
177,21,2025-07-31T19:30:00,Docklands,2025,Western Bulldogs,Greater Western Sydney,1607.506949531794,1556.5326392585484,1648.1335071969988,1543.2176640941234,50.974310273245464,104.91584310287544,119.97431027324546,173.91584310287544,0.6661065351697735,0.3338934648302265,Western Bulldogs,0.6661065351697735,31.50269820089208,3.4685219618280607,margin_only_elo,,,,,,,,,,,,
178,21,2025-08-01T19:40:00,Adelaide Oval,2025,Adelaide,Hawthorn,1584.2309651615647,1602.0866422566273,1616.2963582149232,1599.0627543845535,-17.855677095062674,17.233603830369702,51.144322904937326,86.2336038303697,0.5730755246371779,0.4269244753628221,Adelaide,0.5730755246371779,15.620147927733637,1.5259126428535739,margin_only_elo,,,,,,,,,,,,
174,21,2025-08-02T13:20:00,Docklands,2025,Melbourne,West Coast,1433.5166145518938,1252.807200122217,1468.7976540412155,1321.6554471275813,180.70941442967683,147.14220691363425,249.70941442967683,216.14220691363425,0.8080583634074388,0.19194163659256125,Melbourne,0.8080583634074388,39.15148034470479,6.432662013637307,margin_only_elo,,,,,,,,,,,,
173,21,2025-08-02T16:10:00,Carrara,2025,Gold Coast,Richmond,1549.8253054546296,1277.1023731529133,1553.9201954367197,1308.8111062948778,272.72293230171636,245.10908914184188,341.72293230171636,314.1090891418419,0.8773009329765672,0.1226990670234328,Gold Coast,0.8773009329765672,56.89696614666239,7.878537535623591,margin_only_elo,,,,,,,,,,,,
176,21,2025-08-02T16:15:00,S.C.G.,2025,Sydney,Essendon,1530.86265022538,1414.3614490225211,1491.4881020612618,1382.021122689064,116.50120120285897,109.46697937219778,185.50120120285897,178.46697937219778,0.7441841659159892,0.25581583408401076,Sydney,0.7441841659159892,32.32708009621364,5.098885130224529,margin_only_elo,,,,,,,,,,,,
171,21,2025-08-02T19:35:00,M.C.G.,2025,Collingwood,Brisbane Lions,1670.4981885189393,1666.0993043552833,1610.5171747769966,1582.4593353671862,4.398884163656021,28.057839409810413,73.39888416365602,97.05783940981041,0.6040856138282495,0.39591438617175045,Collingwood,0.6040856138282495,17.580823968689685,2.1734439111901582,margin_only_elo,,,,,,,,,,,,
175,21,2025-08-03T13:40:00,Docklands,2025,St Kilda,North Melbourne,1416.2617381700145,1302.4445557915617,1449.334988114419,1371.862507117006,113.8171823784528,77.47248099741296,182.8171823784528,146.47248099741296,0.7412317195558416,0.25876828044415845,St Kilda,0.7412317195558416,26.53167348800962,5.037234184156544,margin_only_elo,,,,,,,,,,,,
172,21,2025-08-03T15:20:00,Kardinia Park,2025,Geelong,Port Adelaide,1623.887992230294,1495.1619573064406,1623.218962271183,1466.003774061743,128.72603492385338,157.21518820944016,197.72603492385338,226.21518820944016,0.7573494724224274,0.24265052757757255,Geelong,0.7573494724224274,40.97607598868702,5.373793969332554,margin_only_elo,,,,,,,,,,,,
179,21,2025-08-03T17:10:00,Perth Stadium,2025,Fremantle,Carlton,1562.542385599728,1454.2720047197004,1527.2116182498555,1436.0883896301327,108.27038088002769,91.1232286197228,177.2703808800277,160.1232286197228,0.7350603111724104,0.26493968882758956,Fremantle,0.7350603111724104,29.004337133194582,4.908367095986518,margin_only_elo,,,,,,,,,,,,
184,22,2025-08-07T19:30:00,M.C.G.,2025,Hawthorn,Collingwood,1602.0866422566273,1670.4981885189393,1599.0627543845535,1610.5171747769966,-68.41154626231196,-11.454420392443126,0.5884537376880417,57.545579607556874,0.500846852192927,0.499153147807073,Hawthorn,0.500846852192927,10.423668107683177,0.017683382695253033,margin_only_elo,,,,,,,,,,,,
182,22,2025-08-08T19:40:00,Kardinia Park,2025,Geelong,Essendon,1623.887992230294,1414.3614490225211,1623.218962271183,1382.021122689064,209.52654320777287,241.19783958211906,278.5265432077729,310.19783958211906,0.8324829586390472,0.1675170413609528,Geelong,0.8324829586390472,56.18849179337742,6.942679544753752,margin_only_elo,,,,,,,,,,,,
186,22,2025-08-09T13:20:00,M.C.G.,2025,Richmond,St Kilda,1277.1023731529133,1416.2617381700145,1308.8111062948778,1449.334988114419,-139.1593650171012,-140.5238818195412,-70.15936501710121,-71.5238818195412,0.4003829421435748,0.5996170578564253,St Kilda,0.5996170578564253,-12.955664204695019,-2.080134611167199,margin_only_elo,,,,,,,,,,,,
180,22,2025-08-09T16:15:00,Gabba,2025,Brisbane Lions,Sydney,1666.0993043552833,1530.86265022538,1582.4593353671862,1491.4881020612618,135.23665412990317,90.97123330592444,204.23665412990317,159.97123330592444,0.7641702914201051,0.23582970857989494,Brisbane Lions,0.7641702914201051,28.976805067034817,5.516221601495963,margin_only_elo,,,,,,,,,,,,
181,22,2025-08-09T19:35:00,Docklands,2025,Carlton,Gold Coast,1454.2720047197004,1549.8253054546296,1436.0883896301327,1553.9201954367197,-95.55330073492928,-117.831805806587,-26.55330073492928,-48.831805806587,0.46186095650131453,0.5381390434986855,Gold Coast,0.5381390434986855,-8.845276045492406,-0.7963931692579093,margin_only_elo,,,,,,,,,,,,
187,22,2025-08-09T20:10:00,Adelaide Oval,2025,Port Adelaide,Fremantle,1495.1619573064406,1562.542385599728,1466.003774061743,1527.2116182498555,-67.38042829328742,-61.20784418811263,1.619571706712577,7.792155811887369,0.5023307341611191,0.49766926583888094,Port Adelaide,0.5023307341611191,1.411452392701286,0.0486687812539206,margin_only_elo,,,,,,,,,,,,
183,22,2025-08-10T13:40:00,Manuka Oval,2025,Greater Western Sydney,North Melbourne,1556.5326392585484,1302.4445557915617,1543.2176640941234,1371.862507117006,254.08808346698675,171.3551569771173,323.08808346698675,240.3551569771173,0.8652788236017788,0.13472117639822123,Greater Western Sydney,0.8652788236017788,43.53735597739214,7.627500149578947,margin_only_elo,,,,,,,,,,,,
185,22,2025-08-10T15:20:00,M.C.G.,2025,Melbourne,Western Bulldogs,1433.5166145518938,1607.506949531794,1468.7976540412155,1648.1335071969988,-173.99033497990013,-179.3358531557833,-104.99033497990013,-110.3358531557833,0.35334387002537904,0.646656129974621,Western Bulldogs,0.646656129974621,-19.98597149454936,-3.0623720321044194,margin_only_elo,,,,,,,,,,,,
188,22,2025-08-10T17:10:00,Perth Stadium,2025,West Coast,Adelaide,1252.807200122217,1584.2309651615647,1321.6554471275813,1616.2963582149232,-331.4237650393477,-294.6409110873419,-262.4237650393477,-225.64091108734192,0.18084505729672948,0.8191549427032705,Adelaide,0.8191549427032705,-40.87205280978413,-6.664373119701981,margin_only_elo,,,,,,,,,,,,
190,23,2025-08-15T19:20:00,Docklands,2025,Essendon,St Kilda,1414.3614490225211,1416.2617381700145,1382.021122689064,1449.334988114419,-1.9002891474933676,-67.31386542535506,67.09971085250663,1.6861345746449388,0.5953813208151001,0.4046186791848999,Essendon,0.5953813208151001,0.3054223679881113,1.9916868752768035,margin_only_elo,,,,,,,,,,,,
197,23,2025-08-15T20:20:00,Perth Stadium,2025,Fremantle,Brisbane Lions,1562.542385599728,1666.0993043552833,1527.2116182498555,1582.4593353671862,-103.55691875555522,-55.247717117330694,-34.556918755555216,13.752282882669306,0.4504319450021526,0.5495680549978474,Brisbane Lions,0.5495680549978474,2.49105549843298,-1.035045895030027,margin_only_elo,,,,,,,,,,,,
191,23,2025-08-16T12:35:00,Carrara,2025,Gold Coast,Greater Western Sydney,1549.8253054546296,1556.5326392585484,1553.9201954367197,1543.2176640941234,-6.7073338039188,10.70253134259633,62.2926661960812,79.70253134259633,0.5886979589846124,0.4113020410153876,Gold Coast,0.5886979589846124,14.437125140161777,1.8521295287570128,margin_only_elo,,,,,,,,,,,,
189,23,2025-08-16T13:20:00,Docklands,2025,Carlton,Port Adelaide,1454.2720047197004,1495.1619573064406,1436.0883896301327,1466.003774061743,-40.889952586740264,-29.915384431610164,28.110047413259736,39.084615568389836,0.5403655711147307,0.4596344288852693,Carlton,0.5403655711147307,7.079693411373376,0.8428859813978794,margin_only_elo,,,,,,,,,,,,
192,23,2025-08-16T16:15:00,M.C.G.,2025,Hawthorn,Melbourne,1602.0866422566273,1433.5166145518938,1599.0627543845535,1468.7976540412155,168.57002770473355,130.26510034333796,237.57002770473355,199.26510034333796,0.7969861359526272,0.20301386404737276,Hawthorn,0.7969861359526272,36.09440178703803,6.201459405900548,margin_only_elo,,,,,,,,,,,,
196,23,2025-08-16T19:35:00,Adelaide Oval,2025,Adelaide,Collingwood,1584.2309651615647,1670.4981885189393,1616.2963582149232,1610.5171747769966,-86.26722335737463,5.7791834379265765,-17.267223357374633,74.77918343792658,0.475170907291447,0.524829092708553,Collingwood,0.524829092708553,13.545321722993734,-0.5184639681025168,margin_only_elo,,,,,,,,,,,,
193,23,2025-08-17T13:10:00,Bellerive Oval,2025,North Melbourne,Richmond,1302.4445557915617,1277.1023731529133,1371.862507117006,1308.8111062948778,25.34218263864841,63.051400822128244,94.34218263864841,132.05140082212824,0.6325279756727944,0.3674720243272056,North Melbourne,0.6325279756727944,23.919473653954643,2.767357670231809,margin_only_elo,,,,,,,,,,,,
194,23,2025-08-17T15:20:00,S.C.G.,2025,Sydney,Geelong,1530.86265022538,1623.887992230294,1491.4881020612618,1623.218962271183,-93.02534200491391,-131.73086020992127,-24.02534200491391,-62.730860209921275,0.46547975885157433,0.5345202411484257,Geelong,0.5345202411484257,-11.362917384740701,-0.7208278375594175,margin_only_elo,,,,,,,,,,,,
195,23,2025-08-17T16:40:00,Docklands,2025,Western Bulldogs,West Coast,1607.506949531794,1252.807200122217,1648.1335071969988,1321.6554471275813,354.69974940957695,326.47806006941755,423.69974940957695,395.47806006941755,0.9197541838362987,0.0802458161637013,Western Bulldogs,0.9197541838362987,71.63594615167723,8.765017003800288,margin_only_elo,,,,,,,,,,,,
198,24,2025-08-23T00:00:00,Gabba,2025,Brisbane Lions,Hawthorn,1666.0993043552833,1602.0866422566273,1582.4593353671862,1599.0627543845535,64.01266209865594,-16.603419017367287,133.01266209865594,52.39658098263271,0.6825861779605445,0.31741382203945545,Brisbane Lions,0.6825861779605445,9.490990860896382,3.8126384824962516,margin_only_elo,,,,,,,,,,,,
199,24,2025-08-23T00:00:00,M.C.G.,2025,Collingwood,Melbourne,1670.4981885189393,1433.5166145518938,1610.5171747769966,1468.7976540412155,236.9815739670455,141.7195207357811,305.9815739670455,210.7195207357811,0.8533813511126693,0.14661864888733067,Collingwood,0.8533813511126693,38.16922799177793,7.379065344912511,margin_only_elo,,,,,,,,,,,,
200,24,2025-08-23T00:00:00,M.C.G.,2025,Essendon,Carlton,1414.3614490225211,1454.2720047197004,1382.021122689064,1436.0883896301327,-39.910555697179234,-54.06726694106874,29.089444302820766,14.932733058931262,0.541765528019086,0.45823447198091405,Essendon,0.541765528019086,2.704879408782384,0.8721189147283229,margin_only_elo,,,,,,,,,,,,
201,24,2025-08-23T00:00:00,Carrara,2025,Gold Coast,Essendon,1549.8253054546296,1414.3614490225211,1553.9201954367197,1382.021122689064,135.4638564321085,171.89907274765574,204.4638564321085,240.89907274765574,0.764405908626707,0.235594091373293,Gold Coast,0.764405908626707,43.63587957397927,5.521141597297742,margin_only_elo,,,,,,,,,,,,
202,24,2025-08-23T00:00:00,Sydney Showground,2025,Greater Western Sydney,St Kilda,1556.5326392585484,1416.2617381700145,1543.2176640941234,1449.334988114419,140.27090108853395,93.88267597970435,209.27090108853395,162.88267597970435,0.7693527594531964,0.23064724054680363,Greater Western Sydney,0.7693527594531964,29.5041768018056,5.624438320187234,margin_only_elo,,,,,,,,,,,,
203,24,2025-08-23T00:00:00,Docklands,2025,North Melbourne,Adelaide,1302.4445557915617,1584.2309651615647,1371.862507117006,1616.2963582149232,-281.78640937000296,-244.4338510979171,-212.78640937000296,-175.4338510979171,0.22707581163752133,0.7729241883624787,Adelaide,0.7729241883624787,-31.77766652396804,-5.699014432405169,margin_only_elo,,,,,,,,,,,,
204,24,2025-08-23T00:00:00,M.C.G.,2025,Richmond,Geelong,1277.1023731529133,1623.887992230294,1308.8111062948778,1623.218962271183,-346.7856190773807,-314.4078559763052,-277.7856190773807,-245.4078559763052,0.1681126752810347,0.8318873247189653,Geelong,0.8318873247189653,-44.452589741214396,-6.930241928552185,margin_only_elo,,,,,,,,,,,,
205,24,2025-08-23T00:00:00,Docklands,2025,Western Bulldogs,Fremantle,1607.506949531794,1562.542385599728,1648.1335071969988,1527.2116182498555,44.96456393206586,120.92188894714332,113.96456393206586,189.92188894714332,0.658368641904953,0.34163135809504697,Western Bulldogs,0.658368641904953,34.401994910297375,3.3069446181077815,margin_only_elo,,,,,,,,,,,,
206,24,2025-08-23T00:30:00,Adelaide Oval,2025,Port Adelaide,Gold Coast,1495.1619573064406,1549.8253054546296,1466.003774061743,1553.9201954367197,-54.663348148189016,-87.91642137497684,14.336651851810984,-18.916421374976835,0.5206203981653971,0.47937960183460293,Port Adelaide,0.5206203981653971,-3.426475144442701,0.43058091498457646,margin_only_elo,,,,,,,,,,,,
207,24,2025-08-23T02:00:00,Perth Stadium,2025,West Coast,Sydney,1252.807200122217,1530.86265022538,1321.6554471275813,1491.4881020612618,-278.05545010316314,-169.8326549336805,-209.05545010316314,-100.83265493368049,0.23086739273694692,0.7691326072630531,Sydney,0.7691326072630531,-18.26458498833514,-5.61984125417971,margin_only_elo,,,,,,,,,,,,
