match_id,round_number,match_date,venue,year,home_team,away_team,pre_match_home_rating,pre_match_away_rating,rating_difference,adjusted_rating_difference,home_win_probability,away_win_probability,predicted_winner,confidence,predicted_margin,hscore,ascore,actual_result,margin,rating_change,post_match_home_rating,post_match_away_rating,correct
1,OR,2025-03-07T19:40:00,S.C.G.,2025,Sydney,Hawthorn,1646.886953590286,1582.778113909188,64.10883968109806,133.10883968109806,0.6827061193201034,0.3172938806798966,Sydney,0.6827061193201034,16.425148259228777,76.0,96.0,away_win,-20.0,-20.3107082546534,1626.5762453356326,1603.0888221638415,False
2,OR,2025-03-09T15:20:00,Sydney Showground,2025,Greater Western Sydney,Collingwood,1566.9025243187716,1558.5130861742437,8.389438144527958,77.38943814452796,0.6095662686821101,0.39043373131788994,Greater Western Sydney,0.6095662686821101,8.842371668316437,104.0,52.0,home_win,52.0,16.04864247755784,1582.9511667963295,1542.4644436966857,True
3,1,2025-03-13T19:30:00,M.C.G.,2025,Richmond,Carlton,1265.0799501863132,1540.8128788554907,-275.73292866917745,-206.73292866917745,0.23324992198901048,0.7667500780109895,Carlton,0.7667500780109895,-29.8234497981177,82.0,69.0,home_win,13.0,19.10919023607933,1284.1891404223925,1521.7036886194114,False
4,1,2025-03-14T19:40:00,M.C.G.,2025,Hawthorn,Essendon,1603.0888221638415,1449.9756868140084,153.1131353498331,222.1131353498331,0.7822089838336723,0.21779101616632768,Hawthorn,0.7822089838336723,28.537620236239704,111.0,85.0,home_win,26.0,7.142653641914024,1610.2314758057555,1442.8330331720945,True
5,1,2025-03-15T13:20:00,Kardinia Park,2025,Geelong,Fremantle,1594.0357369488966,1525.552132815195,68.48360413370165,137.48360413370165,0.6881359884218831,0.31186401157811694,Geelong,0.6881359884218831,17.020503926503594,147.0,69.0,home_win,78.0,14.371789926729374,1608.407526875626,1511.1803428884655,True
6,1,2025-03-15T16:15:00,S.C.G.,2025,Sydney,Brisbane Lions,1626.5762453356326,1695.765032373975,-69.1887870383423,-0.18878703834229782,0.4997283136390903,0.5002716863609097,Brisbane Lions,0.5002716863609097,-1.7151421178843302,82.0,86.0,away_win,-4.0,-6.719494591558076,1619.8567507440746,1702.484526965533,True
7,1,2025-03-15T19:35:00,M.C.G.,2025,Collingwood,Port Adelaide,1542.4644436966857,1563.8266327735764,-21.362189076890672,47.63781092310933,0.5681299103200265,0.43187008967997353,Collingwood,0.5681299103200265,4.793513708346129,136.0,45.0,home_win,91.0,20.297894214958756,1562.7623379116444,1543.5287385586178,True
8,1,2025-03-15T19:35:00,Docklands,2025,Western Bulldogs,North Melbourne,1591.179980900644,1226.641418428519,364.538562472125,433.538562472125,0.923836205556035,0.07616379444396504,Western Bulldogs,0.923836205556035,57.3102153340952,113.0,97.0,home_win,16.0,2.073110250474405,1593.2530911511185,1224.5683081780446,True
9,1,2025-03-16T12:35:00,Adelaide Oval,2025,Adelaide,St Kilda,1460.1206575737242,1494.613158415257,-34.492500841532774,34.507499158467226,0.5494976324582447,0.4505023675417553,Adelaide,0.5494976324582447,3.0066276698275267,135.0,72.0,home_win,63.0,19.575584808572227,1479.6962423822965,1475.0375736066846,True
10,1,2025-03-16T15:20:00,M.C.G.,2025,Melbourne,Greater Western Sydney,1523.8997662264835,1582.9511667963295,-59.05140056984601,9.94859943015399,0.5143132737313659,0.4856867262686341,Melbourne,0.5143132737313659,-0.33555915958759197,74.0,77.0,away_win,-3.0,-5.75153557979406,1518.1482306466894,1588.7027023761236,False
11,1,2025-03-16T18:10:00,Perth Stadium,2025,West Coast,Gold Coast,1270.6964577068793,1442.7212552919318,-172.0247975850525,-103.02479758505251,0.35593342163777925,0.6440665783622208,Gold Coast,0.6440665783622208,-15.709953116789576,49.0,136.0,away_win,-87.0,-16.728870816975626,1253.9675868899037,1459.4501261089074,True
12,2,2025-03-20T19:30:00,M.C.G.,2025,Carlton,Hawthorn,1521.7036886194114,1610.2314758057555,-88.52778718634409,-19.527787186344085,0.471926810581977,0.5280731894180231,Hawthorn,0.5280731894180231,-4.346960004831168,60.0,80.0,away_win,-20.0,-14.039961699516232,1507.6637269198952,1624.2714375052717,True
13,2,2025-03-21T19:40:00,M.C.G.,2025,Western Bulldogs,Collingwood,1593.2530911511185,1562.7623379116444,30.49075323947409,99.49075323947409,0.639389367856775,0.360610632143225,Western Bulldogs,0.639389367856775,11.85010919077245,70.0,76.0,away_win,-6.0,-10.89128379025014,1582.3618073608684,1573.6536217018945,False
14,2,2025-03-22T13:20:00,M.C.G.,2025,Essendon,Adelaide,1442.8330331720945,1479.6962423822965,-36.86320921020206,32.13679078979794,0.5461171129303852,0.45388288706961477,Essendon,0.5461171129303852,2.6840012340423725,100.0,161.0,away_win,-61.0,-23.51411754400567,1419.3189156280887,1503.2103599263023,False
15,2,2025-03-22T16:15:00,Adelaide Oval,2025,Port Adelaide,Richmond,1543.5287385586178,1284.1891404223925,259.3395981362253,328.3395981362253,0.868764043043253,0.13123595695674695,Port Adelaide,0.868764043043253,42.993833209442776,140.0,68.0,home_win,72.0,5.918172055630055,1549.4469106142478,1278.2709683667624,True
16,2,2025-03-22T19:35:00,Docklands,2025,St Kilda,Geelong,1475.0375736066846,1608.407526875626,-133.36995326894134,-64.36995326894134,0.4084097628603189,0.5915902371396811,Geelong,0.5915902371396811,-10.44946860829764,98.0,91.0,home_win,7.0,10.948839939713507,1485.9864135463981,1597.4586869359125,False
17,2,2025-03-23T13:10:00,Gabba,2025,Brisbane Lions,West Coast,1702.484526965533,1253.9675868899037,448.51694007562924,517.5169400756292,0.9516194331929695,0.04838056680703051,Brisbane Lions,0.9516194331929695,68.7387170457783,94.0,75.0,home_win,19.0,1.4109338952789496,1703.895460860812,1252.5566529946248,True
18,2,2025-03-23T15:20:00,Docklands,2025,North Melbourne,Melbourne,1224.5683081780446,1518.1482306466894,-293.5799224686448,-224.57992246864478,0.21538163247725692,0.784618367522743,Melbourne,0.784618367522743,-32.25222259661838,125.0,66.0,home_win,59.0,33.462632126904545,1258.0309403049491,1484.685598519785,False
19,2,2025-03-23T18:10:00,Perth Stadium,2025,Fremantle,Sydney,1511.1803428884655,1619.8567507440746,-108.67640785560911,-39.67640785560911,0.4431479832826566,0.5568520167173434,Sydney,0.5568520167173434,-7.08895803310863,65.0,68.0,away_win,-3.0,-4.955698254631188,1506.2246446338343,1624.8124489987058,True
20,3,2025-03-27T19:30:00,Docklands,2025,Essendon,Port Adelaide,1419.3189156280887,1549.4469106142478,-130.12799498615914,-61.12799498615914,0.4129263518499868,0.5870736481500132,Port Adelaide,0.5870736481500132,-10.008274972015297,72.0,60.0,home_win,12.0,14.121490589521008,1433.4404062176097,1535.3254200247268,False
21,3,2025-03-28T19:40:00,Docklands,2025,Carlton,Western Bulldogs,1507.6637269198952,1582.3618073608684,-74.69808044097317,-5.698080440973172,0.4918005382049167,0.5081994617950834,Western Bulldogs,0.5081994617950834,-2.4648942669363745,75.0,83.0,away_win,-8.0,-9.751235523638115,1497.912491396257,1592.1130428845065,True
22,3,2025-03-29T13:20:00,M.C.G.,2025,Melbourne,Gold Coast,1484.685598519785,1459.4501261089074,25.23547241087749,94.23547241087749,0.6323851845832279,0.3676148154167721,Melbourne,0.6323851845832279,11.134925262969523,62.0,120.0,away_win,-58.0,-26.837754907150483,1457.8478436126345,1486.2878810160578,False
23,3,2025-03-29T16:15:00,Docklands,2025,St Kilda,Richmond,1485.9864135463981,1278.2709683667624,207.7154451796357,276.7154451796357,0.8310240232230169,0.16897597677698306,St Kilda,0.8310240232230169,35.96837335578689,135.0,53.0,home_win,82.0,7.891482058723448,1493.8778956051215,1270.379486308039,True
24,3,2025-03-29T19:35:00,Gabba,2025,Brisbane Lions,Geelong,1703.895460860812,1597.4586869359125,106.4367739248994,175.4367739248994,0.7329996491917411,0.2670003508082589,Brisbane Lions,0.7329996491917411,22.185498515591767,70.0,61.0,home_win,9.0,5.613227458614704,1709.5086883194267,1591.8454594772977,True
25,3,2025-03-29T19:35:00,York Park,2025,Hawthorn,Greater Western Sydney,1624.2714375052717,1588.7027023761236,35.56873512914808,104.56873512914808,0.6461014001758079,0.35389859982419214,Hawthorn,0.6461014001758079,12.541164750240812,76.0,64.0,home_win,12.0,8.512689613663214,1632.784127118935,1580.1900127624604,True
26,3,2025-03-30T15:20:00,Adelaide Oval,2025,Adelaide,North Melbourne,1503.2103599263023,1258.0309403049491,245.1794196213532,314.1794196213532,0.859188003696367,0.14081199630363295,Adelaide,0.859188003696367,41.06679402372503,114.0,78.0,home_win,36.0,5.1617522455665545,1508.3721121718688,1252.8691880593826,True
27,3,2025-03-30T18:10:00,Perth Stadium,2025,West Coast,Fremantle,1252.5566529946248,1506.2246446338343,-253.6679916392095,-184.6679916392095,0.2567300018358142,0.7432699981641858,Fremantle,0.7432699981641858,-26.820662916406782,68.0,106.0,away_win,-38.0,-9.577566523261725,1242.979086471363,1515.802211157096,True
28,4,2025-04-03T19:30:00,M.C.G.,2025,Collingwood,Carlton,1573.6536217018945,1497.912491396257,75.7411303056374,144.7411303056374,0.6970304776295654,0.3029695223704346,Collingwood,0.6970304776295654,18.008170664603227,63.0,46.0,home_win,17.0,8.453085838344506,1582.106707540239,1489.4594055579125,True
29,4,2025-04-04T19:40:00,Kardinia Park,2025,Geelong,Melbourne,1591.8454594772977,1457.8478436126345,133.9976158646632,202.9976158646632,0.762882497707843,0.237117502292157,Geelong,0.762882497707843,25.936215524810038,85.0,46.0,home_win,39.0,8.919986940410574,1600.7654464177083,1448.927856672224,True
30,4,2025-04-05T13:20:00,Carrara,2025,Gold Coast,Adelaide,1486.2878810160578,1508.3721121718688,-22.08423115581104,46.91576884418896,0.5671098135791366,0.4328901864208634,Gold Coast,0.5671098135791366,4.6952519965777855,91.0,90.0,home_win,1.0,2.121189081407416,1488.4090700974652,1506.2509230904614,True
31,4,2025-04-05T16:15:00,M.C.G.,2025,Richmond,Brisbane Lions,1270.379486308039,1709.5086883194267,-439.12920201138763,-370.12920201138763,0.10615472808391853,0.8938452719160814,Brisbane Lions,0.8938452719160814,-52.05982352744499,90.0,118.0,away_win,-28.0,-3.573999592723804,1266.8054867153153,1713.0826879121505,True
32,4,2025-04-05T19:35:00,Docklands,2025,North Melbourne,Sydney,1252.8691880593826,1624.8124489987058,-371.9432609393232,-302.9432609393232,0.1488205710976286,0.8511794289023714,Sydney,0.8511794289023714,-42.916581368512304,52.0,117.0,away_win,-65.0,-6.523801278854667,1246.3453867805279,1631.3362502775606,True
33,4,2025-04-06T13:10:00,Sydney Showground,2025,Greater Western Sydney,West Coast,1580.1900127624604,1242.979086471363,337.2109262910974,406.2109262910974,0.9120027995399923,0.0879972004600077,Greater Western Sydney,0.9120027995399923,53.59123497529752,132.0,51.0,home_win,81.0,4.096272209992448,1584.286284972453,1238.8828142613704,True
34,4,2025-04-06T15:20:00,Adelaide Oval,2025,Port Adelaide,St Kilda,1535.3254200247268,1493.8778956051215,41.447524419605315,110.44752441960532,0.6538004994694924,0.34619950053050763,Port Adelaide,0.6538004994694924,13.341201085615445,72.0,89.0,away_win,-17.0,-18.24154357153731,1517.0838764531895,1512.1194391766587,False
35,4,2025-04-06T17:10:00,Perth Stadium,2025,Fremantle,Western Bulldogs,1515.802211157096,1592.1130428845065,-76.31083172741046,-7.310831727410459,0.4894804199676917,0.5105195800323084,Western Bulldogs,0.5105195800323084,-2.6843713676323344,97.0,81.0,home_win,16.0,13.895885599706068,1529.6980967568022,1578.2171572848004,False
36,5,2025-04-10T19:40:00,Adelaide Oval,2025,Adelaide,Geelong,1506.2509230904614,1600.7654464177083,-94.51452332724693,-25.514523327246934,0.4633475139862515,0.5366524860137485,Geelong,0.5366524860137485,-5.161686678365383,100.0,119.0,away_win,-19.0,-13.512712973867808,1492.7382101165936,1614.278159391576,True
37,5,2025-04-11T19:40:00,Adelaide Oval,2025,Collingwood,Sydney,1582.106707540239,1631.3362502775606,-49.22954273732148,19.77045726267852,0.528421305103199,0.47157869489680104,Collingwood,0.528421305103199,1.001083941341173,109.0,78.0,home_win,31.0,16.445247372095306,1598.5519549123344,1614.8910029054653,True
38,5,2025-04-12T12:35:00,Barossa Park,2025,North Melbourne,Gold Coast,1246.3453867805279,1488.4090700974652,-242.0636833169374,-173.0636833169374,0.26968237918938937,0.7303176208106106,Gold Coast,0.7303176208106106,-25.24144858399687,89.0,141.0,away_win,-52.0,-11.0852002246287,1235.260186555899,1499.494270322094,True
39,5,2025-04-12T13:20:00,Adelaide Oval,2025,Carlton,West Coast,1489.4594055579125,1238.8828142613704,250.57659129654212,319.5765912965421,0.8629050296027431,0.13709497039725693,Carlton,0.8629050296027431,41.80128768135876,121.0,50.0,home_win,71.0,6.158754969899329,1495.6181605278118,1232.7240592914711,True
40,5,2025-04-12T16:15:00,Norwood Oval,2025,Western Bulldogs,Brisbane Lions,1578.2171572848004,1713.0826879121505,-134.86553062735015,-65.86553062735015,0.4063313266668739,0.5936686733331261,Brisbane Lions,0.5936686733331261,-10.652999670557842,97.0,118.0,away_win,-21.0,-12.316468919168548,1565.9006883656318,1725.399156831319,True
41,5,2025-04-12T19:35:00,Adelaide Oval,2025,Melbourne,Essendon,1448.927856672224,1433.4404062176097,15.48745045461419,84.48745045461419,0.6192459406502933,0.38075405934970674,Melbourne,0.6192459406502933,9.808330384718017,57.0,96.0,away_win,-39.0,-23.295056881533203,1425.6327997906908,1456.7354630991429,False
42,5,2025-04-13T12:35:00,Barossa Park,2025,Richmond,Fremantle,1266.8054867153153,1529.6980967568022,-262.89261004148693,-193.89261004148693,0.2467287964334636,0.7532712035665364,Fremantle,0.7532712035665364,-28.07602852608548,47.0,108.0,away_win,-61.0,-10.623380559706163,1256.182106155609,1540.3214773165084,True
43,5,2025-04-13T15:20:00,Norwood Oval,2025,St Kilda,Greater Western Sydney,1512.1194391766587,1584.286284972453,-72.16684579579419,-3.1668457957941882,0.4954426687587825,0.5045573312412175,Greater Western Sydney,0.5045573312412175,-2.1204220313368567,82.0,110.0,away_win,-28.0,-16.680480731504318,1495.4389584451544,1600.9667657039572,True
44,5,2025-04-13T19:20:00,Adelaide Oval,2025,Port Adelaide,Hawthorn,1517.0838764531895,1632.784127118935,-115.70025066574544,-46.70025066574544,0.43319477990768857,0.5668052200923115,Hawthorn,0.5668052200923115,-8.04482312444479,121.0,91.0,home_win,30.0,19.545533490753407,1536.6294099439428,1613.2385936281817,False
45,6,2025-04-17T19:30:00,Gabba,2025,Brisbane Lions,Collingwood,1725.399156831319,1598.5519549123344,126.84720191898464,195.84720191898464,0.7553563789028593,0.24464362109714066,Brisbane Lions,0.7553563789028593,24.963125542014033,53.0,105.0,away_win,-52.0,-31.048660747717637,1694.3504960836015,1629.600615660052,False
46,6,2025-04-18T15:20:00,Docklands,2025,North Melbourne,Carlton,1235.260186555899,1495.6181605278118,-260.35797397191277,-191.35797397191277,0.2494505113233493,0.7505494886766507,Carlton,0.7505494886766507,-27.73109339532614,71.0,153.0,away_win,-82.0,-11.649787574512448,1223.6103989813867,1507.2679481023242,True
47,6,2025-04-18T18:10:00,Perth Stadium,2025,West Coast,Essendon,1232.7240592914711,1456.7354630991429,-224.01140380767174,-155.01140380767174,0.2906318353932295,0.7093681646067704,Essendon,0.7093681646067704,-22.78473873607031,75.0,77.0,away_win,-2.0,-2.4489787128926435,1230.2750805785786,1459.1844418120354,True
48,6,2025-04-19T13:20:00,M.C.G.,2025,Melbourne,Fremantle,1425.6327997906908,1540.3214773165084,-114.68867752581764,-45.68867752581764,0.4346251149988601,0.56537488500114,Fremantle,0.56537488500114,-7.9071595294687045,107.0,97.0,home_win,10.0,12.503806762903528,1438.1366065535942,1527.817670553605,False
49,6,2025-04-19T16:15:00,Adelaide Oval,2025,Adelaide,Greater Western Sydney,1492.7382101165936,1600.9667657039572,-108.22855558736364,-39.228555587363644,0.44378425477719186,0.5562157452228081,Greater Western Sydney,0.5562157452228081,-7.028010434925799,52.0,34.0,home_win,18.0,15.87867981023744,1508.616889926831,1585.0880858937198,False
50,6,2025-04-19T19:35:00,Docklands,2025,Richmond,Gold Coast,1256.182106155609,1499.494270322094,-243.312164166485,-174.312164166485,0.26826925024171067,0.7317307497582893,Gold Coast,0.7317307497582893,-25.411352622789153,80.0,69.0,home_win,11.0,16.91904643611033,1273.1011525917195,1482.5752238859836,False
51,6,2025-04-20T15:20:00,S.C.G.,2025,Sydney,Port Adelaide,1614.8910029054653,1536.6294099439428,78.26159296152241,147.2615929615224,0.700085675406163,0.29991432459383705,Sydney,0.700085675406163,18.35117695502022,77.0,85.0,away_win,-8.0,-13.881034641662598,1601.0099682638026,1550.5104445856055,False
52,6,2025-04-20T19:20:00,Docklands,2025,Western Bulldogs,St Kilda,1565.9006883656318,1495.4389584451544,70.46172992047741,139.4617299204774,0.6905744451607613,0.3094255548392387,Western Bulldogs,0.6905744451607613,17.28970433957692,127.0,56.0,home_win,71.0,13.900409097124314,1579.8010974627562,1481.53854934803,True
53,6,2025-04-21T15:20:00,M.C.G.,2025,Geelong,Hawthorn,1614.278159391576,1613.2385936281817,1.039565763394421,70.03956576339442,0.5994514849872564,0.4005485150127436,Geelong,0.5994514849872564,7.8421376618317495,86.0,79.0,home_win,7.0,7.41314055513899,1621.6912999467152,1605.8254530730426,True
54,7,2025-04-24T19:30:00,M.C.G.,2025,Melbourne,Richmond,1438.1366065535942,1273.1011525917195,165.03545396187474,234.03545396187474,0.793674165951479,0.206325834048521,Melbourne,0.793674165951479,30.160112150863974,83.0,63.0,home_win,20.0,6.138254370608133,1444.2748609242024,1266.9628982211113,True
55,7,2025-04-25T15:20:00,M.C.G.,2025,Collingwood,Essendon,1629.600615660052,1459.1844418120354,170.41617384801657,239.41617384801657,0.798700194386162,0.20129980561383798,Collingwood,0.798700194386162,30.892366907191786,107.0,66.0,home_win,41.0,7.693905629502198,1637.2945212895543,1451.490536182533,True
56,7,2025-04-25T20:10:00,Perth Stadium,2025,Fremantle,Adelaide,1527.817670553605,1508.616889926831,19.200780626774076,88.20078062677408,0.6242728944046648,0.3757271055953352,Fremantle,0.6242728944046648,10.31367237202027,85.0,67.0,home_win,18.0,10.726144408921266,1538.5438149625263,1497.8907455179096,True
57,7,2025-04-26T13:20:00,Docklands,2025,St Kilda,Brisbane Lions,1481.53854934803,1694.3504960836015,-212.81194673557138,-143.81194673557138,0.30410026776647275,0.6958997322335272,Brisbane Lions,0.6958997322335272,-21.260620052535756,73.0,118.0,away_win,-45.0,-11.965408127599428,1469.5731412204307,1706.3159042112009,True
58,7,2025-04-26T16:15:00,Adelaide Oval,2025,Port Adelaide,North Melbourne,1550.5104445856055,1223.6103989813867,326.9000456042188,395.9000456042188,0.9071214702127621,0.09287852978723787,Port Adelaide,0.9071214702127621,52.18804142784281,97.0,88.0,home_win,9.0,1.9526128416658277,1552.4630574272712,1221.6577861397209,True
59,7,2025-04-26T19:35:00,Manuka Oval,2025,Greater Western Sydney,Western Bulldogs,1585.0880858937198,1579.8010974627562,5.2869884309636745,74.28698843096367,0.6053076595335904,0.39469234046640955,Greater Western Sydney,0.6053076595335904,8.420163561019057,81.0,113.0,away_win,-32.0,-21.337244004343876,1563.750841889376,1601.1383414671,False
60,7,2025-04-27T13:15:00,Carrara,2025,Gold Coast,Sydney,1482.5752238859836,1601.0099682638026,-118.43474437781902,-49.434744377819015,0.42933391800073384,0.5706660819992662,Sydney,0.5706660819992662,-8.416956606429508,117.0,79.0,home_win,38.0,21.289262352798552,1503.864486238782,1579.7207059110042,False
61,7,2025-04-27T15:20:00,M.C.G.,2025,Carlton,Geelong,1507.2679481023242,1621.6912999467152,-114.42335184439094,-45.423351844390936,0.4350004591030765,0.5649995408969235,Geelong,0.5649995408969235,-7.871051723020536,94.0,76.0,home_win,18.0,16.12943696737609,1523.3973850697002,1605.5618629793391,False
62,7,2025-04-27T16:45:00,Docklands,2025,Hawthorn,West Coast,1605.8254530730426,1230.2750805785786,375.550372494464,444.550372494464,0.9281783308537755,0.07182166914622445,Hawthorn,0.9281783308537755,58.80879738914765,124.0,74.0,home_win,50.0,2.9178834096261537,1608.7433364826688,1227.3571971689523,True
63,8,2025-05-01T19:30:00,Docklands,2025,Essendon,North Melbourne,1451.490536182533,1221.6577861397209,229.83275004281222,298.8327500428122,0.848157118613647,0.15184288138635305,Essendon,0.848157118613647,38.978286903772386,65.0,62.0,home_win,3.0,1.6980501562715118,1453.1885863388047,1219.9597359834493,True
64,8,2025-05-02T19:40:00,Docklands,2025,St Kilda,Fremantle,1469.5731412204307,1538.5438149625263,-68.97067374209564,0.0293262579043585,0.5000422038775771,0.49995779612242286,St Kilda,0.5000422038775771,-1.6854593798911668,94.0,33.0,home_win,61.0,21.52663981171241,1491.099781032143,1517.017175150814,True
65,8,2025-05-03T13:20:00,Eureka Stadium,2025,Western Bulldogs,Port Adelaide,1601.1383414671,1552.4630574272712,48.67528403982874,117.67528403982874,0.6631566803371418,0.3368433196628582,Western Bulldogs,0.6631566803371418,14.324816934701706,131.0,41.0,home_win,90.0,15.831636024154335,1616.9699774912542,1536.631421403117,True
66,8,2025-05-03T16:15:00,Adelaide Oval,2025,Adelaide,Carlton,1497.8907455179096,1523.3973850697002,-25.506639551790613,43.49336044820939,0.5622670536420836,0.4377329463579164,Adelaide,0.5622670536420836,4.229501152995174,110.0,50.0,home_win,60.0,18.75871570451639,1516.649461222426,1504.638669365184,True
67,8,2025-05-03T19:35:00,M.C.G.,2025,Collingwood,Geelong,1637.2945212895543,1605.5618629793391,31.73265831021513,100.73265831021513,0.641036064620385,0.358963935379615,Collingwood,0.641036064620385,12.019118340886344,87.0,90.0,away_win,-3.0,-7.16866921758869,1630.1258520719655,1612.730532196928,False
68,8,2025-05-03T19:35:00,Perth Stadium,2025,West Coast,Melbourne,1227.3571971689523,1444.2748609242024,-216.91766375525003,-147.91766375525003,0.29912195785841794,0.7008780421415821,Melbourne,0.7008780421415821,-21.819361425328438,76.0,108.0,away_win,-32.0,-10.544122647977078,1216.8130745209753,1454.8189835721794,True
69,8,2025-05-04T13:10:00,S.C.G.,2025,Sydney,Greater Western Sydney,1579.7207059110042,1563.750841889376,15.969864021628155,84.96986402162815,0.6199004846577305,0.3800995153422695,Sydney,0.6199004846577305,9.873981382435414,87.0,73.0,home_win,14.0,9.781854527085521,1589.5025604380896,1553.9689873622906,True
70,8,2025-05-04T15:20:00,M.C.G.,2025,Hawthorn,Richmond,1608.7433364826688,1266.9628982211113,341.7804382615575,410.7804382615575,0.9140910590314495,0.0859089409685505,Hawthorn,0.9140910590314495,54.213093563975235,109.0,44.0,home_win,65.0,3.765963635417137,1612.509300118086,1263.1969345856942,True
71,8,2025-05-04T19:20:00,Gabba,2025,Brisbane Lions,Gold Coast,1706.3159042112009,1503.864486238782,202.45141797241877,271.45141797241877,0.8267261154229022,0.1732738845770978,Brisbane Lions,0.8267261154229022,35.251999145367336,66.0,49.0,home_win,17.0,4.834476446389048,1711.15038065759,1499.030009792393,True
72,9,2025-05-08T20:10:00,Perth Stadium,2025,Fremantle,Collingwood,1517.017175150814,1630.1258520719655,-113.10867692115153,-44.10867692115153,0.43686136108582674,0.5631386389141733,Collingwood,0.5631386389141733,-7.692139423934616,83.0,97.0,away_win,-14.0,-11.242619656586857,1505.7745554942271,1641.3684717285523,True
73,9,2025-05-09T19:40:00,M.C.G.,2025,St Kilda,Carlton,1491.099781032143,1504.638669365184,-13.538888333040859,55.46111166695914,0.5791438546151815,0.4208561453848185,St Kilda,0.5791438546151815,5.858175928474187,62.0,77.0,away_win,-15.0,-15.346574039660783,1475.7532069924823,1519.9852434048446,False
74,9,2025-05-10T13:20:00,M.C.G.,2025,Melbourne,Hawthorn,1454.8189835721794,1612.509300118086,-157.69031654590663,-88.69031654590663,0.375066359028605,0.624933640971395,Hawthorn,0.624933640971395,-13.759193340678685,56.0,91.0,away_win,-35.0,-13.622296188478556,1441.196687383701,1626.1315963065645,True
75,9,2025-05-10T16:15:00,Docklands,2025,Essendon,Sydney,1453.1885863388047,1589.5025604380896,-136.3139740992849,-67.3139740992849,0.4043215855355957,0.5956784144644043,Sydney,0.5956784144644043,-10.85011634714379,71.0,63.0,home_win,8.0,11.810886862774192,1464.999473201579,1577.6916735753155,False
76,9,2025-05-10T19:35:00,Marrara Oval,2025,Gold Coast,Western Bulldogs,1499.030009792393,1616.9699774912542,-117.93996769886121,-48.93996769886121,0.43003187602393783,0.5699681239760621,Western Bulldogs,0.5699681239760621,-8.349623129840243,106.0,96.0,home_win,10.0,12.605390639516914,1511.6354004319098,1604.3645868517374,False
77,9,2025-05-10T20:10:00,Adelaide Oval,2025,Port Adelaide,Adelaide,1536.631421403117,1516.649461222426,19.981960180690976,88.98196018069098,0.6253270633261232,0.3746729366738768,Port Adelaide,0.6253270633261232,10.419982021287638,84.0,89.0,away_win,-5.0,-9.60904988887242,1527.0223715142445,1526.2585111112985,False
78,9,2025-05-11T13:10:00,M.C.G.,2025,Richmond,West Coast,1263.1969345856942,1216.8130745209753,46.383860064718874,115.38386006471887,0.6602038765621202,0.3397961234378798,Richmond,0.6602038765621202,14.012980202806542,81.0,79.0,home_win,2.0,2.863256435403547,1266.0601910210978,1213.9498180855717,True
79,9,2025-05-11T15:20:00,Kardinia Park,2025,Geelong,Greater Western Sydney,1612.730532196928,1553.9689873622906,58.761544834637334,127.76154483463733,0.6760010975796967,0.32399890242030327,Geelong,0.6760010975796967,15.69744227050174,101.0,105.0,away_win,-4.0,-9.089710538904265,1603.6408216580237,1563.0586979011948,False
80,9,2025-05-11T16:40:00,Bellerive Oval,2025,North Melbourne,Brisbane Lions,1219.9597359834493,1711.15038065759,-491.1906446741407,-422.1906446741407,0.08088932280824383,0.9191106771917562,Brisbane Lions,0.9191106771917562,-59.14479353476194,71.0,71.0,draw,0.0,0.0,1219.9597359834493,1711.15038065759,False
81,10,2025-05-15T19:30:00,Marrara Oval,2025,Gold Coast,Hawthorn,1511.6354004319098,1626.1315963065645,-114.49619587465463,-45.49619587465463,0.43489740254575104,0.565102597454249,Hawthorn,0.565102597454249,-7.880964966742451,104.0,96.0,home_win,8.0,11.204641098826988,1522.840041530737,1614.9269552077374,False
82,10,2025-05-16T19:40:00,S.C.G.,2025,Sydney,Carlton,1577.6916735753155,1519.9852434048446,57.70643017047087,126.70643017047087,0.6746693881910651,0.32533061180893486,Sydney,0.6746693881910651,15.553853169478847,78.0,62.0,home_win,16.0,8.85520779338815,1586.5468813687037,1511.1300356114564,True
83,10,2025-05-17T13:20:00,M.C.G.,2025,Collingwood,Adelaide,1641.3684717285523,1526.2585111112985,115.10996061725382,184.10996061725382,0.742656552068705,0.25734344793129504,Collingwood,0.742656552068705,23.36582054357035,78.0,68.0,home_win,10.0,5.6913966820895325,1647.059868410642,1520.567114429209,True
84,10,2025-05-17T16:15:00,Sydney Showground,2025,Greater Western Sydney,Fremantle,1563.0586979011948,1505.7745554942271,57.2841424069677,126.2841424069677,0.6741356056597279,0.32586439434027215,Greater Western Sydney,0.6741356056597279,15.496384609526368,61.0,95.0,away_win,-34.0,-24.250768063316656,1538.8079298378782,1530.0253235575437,False
85,10,2025-05-17T16:15:00,Adelaide Oval,2025,Port Adelaide,Geelong,1527.0223715142445,1603.6408216580237,-76.61845014377923,-7.618450143779228,0.48903792579751965,0.5109620742024803,Geelong,0.5109620742024803,-2.7262347341123867,39.0,115.0,away_win,-76.0,-22.379695101334836,1504.6426764129096,1626.0205167593585,True
86,10,2025-05-17T19:35:00,Docklands,2025,Western Bulldogs,Essendon,1604.3645868517374,1464.999473201579,139.3651136501585,208.3651136501585,0.7684262173604796,0.23157378263952044,Western Bulldogs,0.7684262173604796,26.666670903676852,127.0,36.0,home_win,91.0,10.883967784057461,1615.2485546357948,1454.1155054175215,True
87,10,2025-05-18T13:10:00,M.C.G.,2025,Richmond,North Melbourne,1266.0601910210978,1219.9597359834493,46.100455037648544,115.10045503764854,0.6598377989568113,0.3401622010431887,Richmond,0.6598377989568113,13.97441200311751,74.0,78.0,away_win,-4.0,-8.872374048827668,1257.1878169722702,1228.832110032277,False
88,10,2025-05-18T15:20:00,Gabba,2025,Brisbane Lions,Melbourne,1711.15038065759,1441.196687383701,269.95369327388903,338.95369327388903,0.8755746311958807,0.12442536880411925,Brisbane Lions,0.8755746311958807,44.43829079376857,88.0,99.0,away_win,-11.0,-20.24499838004172,1690.9053822775481,1461.4416857637427,False
89,10,2025-05-18T16:40:00,Perth Stadium,2025,West Coast,St Kilda,1213.9498180855717,1475.7532069924823,-261.80338890691064,-192.80338890691064,0.24789596009138318,0.7521040399086169,St Kilda,0.7521040399086169,-27.927797922492736,108.0,80.0,home_win,28.0,25.321712756820055,1239.2715308423917,1450.4314942356623,False
90,11,2025-05-22T19:30:00,Kardinia Park,2025,Geelong,Western Bulldogs,1626.0205167593585,1615.2485546357948,10.771962123563753,79.77196212356375,0.6128254034368867,0.38717459656311326,Geelong,0.6128254034368867,9.166606074238091,127.0,113.0,home_win,14.0,9.963931621309882,1635.9844483806685,1605.2846230144849,True
91,11,2025-05-23T19:40:00,M.C.G.,2025,Essendon,Richmond,1454.1155054175215,1257.1878169722702,196.9276884452513,265.9276884452513,0.8221237471766024,0.17787625282339758,Essendon,0.8221237471766024,34.50028240401564,81.0,58.0,home_win,23.0,5.578953849820208,1459.6944592673417,1251.60886312245,True
92,11,2025-05-24T12:35:00,Docklands,2025,Carlton,Greater Western Sydney,1511.1300356114564,1538.8079298378782,-27.677894226421813,41.32210577357819,0.5591884710923134,0.4408115289076866,Carlton,0.5591884710923134,3.934018095645812,82.0,110.0,away_win,-28.0,-18.826663720148844,1492.3033718913075,1557.634593558027,False
93,11,2025-05-24T16:15:00,M.C.G.,2025,Hawthorn,Brisbane Lions,1614.9269552077374,1690.9053822775481,-75.97842706981078,-6.9784270698107775,0.4899585864545421,0.5100414135454578,Brisbane Lions,0.5100414135454578,-2.639134875730985,60.0,93.0,away_win,-33.0,-17.450773884175653,1597.4761813235616,1708.356156161724,True
94,11,2025-05-24T19:35:00,Docklands,2025,North Melbourne,Collingwood,1228.832110032277,1647.059868410642,-418.227758378365,-349.227758378365,0.1181239958467143,0.8818760041532857,Collingwood,0.8818760041532857,-49.21537485918828,63.0,108.0,away_win,-45.0,-4.647815111607162,1224.1842949206698,1651.707683522249,True
95,11,2025-05-24T20:10:00,Perth Stadium,2025,Fremantle,Port Adelaide,1530.0253235575437,1504.6426764129096,25.38264714463412,94.38264714463412,0.6325821159595594,0.3674178840404406,Fremantle,0.6325821159595594,11.15495406972494,100.0,51.0,home_win,49.0,14.836675191502655,1544.8619987490465,1489.8060012214069,True
96,11,2025-05-25T13:10:00,Adelaide Oval,2025,Adelaide,West Coast,1520.567114429209,1239.2715308423917,281.2955835868172,350.2955835868172,0.8825148291628224,0.11748517083717758,Adelaide,0.8825148291628224,45.98179302081818,128.0,62.0,home_win,66.0,5.172210817953961,1525.739325247163,1234.0993200244377,True
97,11,2025-05-25T15:20:00,M.C.G.,2025,Melbourne,Sydney,1461.4416857637427,1586.5468813687037,-125.10519560496095,-56.105195604960954,0.419952723982382,0.5800472760176181,Sydney,0.5800472760176181,-9.32472912410088,131.0,78.0,home_win,53.0,23.977416045241693,1485.4191018089844,1562.569465323462,False
98,11,2025-05-25T16:40:00,Docklands,2025,St Kilda,Gold Coast,1450.4314942356623,1522.840041530737,-72.40854729507464,-3.4085472950746407,0.4950948634992449,0.5049051365007551,Gold Coast,0.5049051365007551,-2.1533148553836,61.0,80.0,away_win,-19.0,-14.438568425123927,1435.9929258105383,1537.278609955861,True
99,12,2025-05-29T19:30:00,Gabba,2025,Brisbane Lions,Essendon,1708.356156161724,1459.6944592673417,248.6616968943822,317.6616968943822,0.8615957830757699,0.1384042169242301,Brisbane Lions,0.8615957830757699,41.5406923403044,90.0,72.0,home_win,18.0,3.951121959063121,1712.307278120787,1455.7433373082786,True
100,12,2025-05-30T19:40:00,M.C.G.,2025,Collingwood,Hawthorn,1651.707683522249,1597.4761813235616,54.231502198687394,123.2315021986874,0.6702636064997318,0.3297363935002682,Collingwood,0.6702636064997318,15.080955009180906,107.0,56.0,home_win,51.0,13.47565592132841,1665.1833394435773,1584.0005254022333,True
101,12,2025-05-31T13:20:00,Carrara,2025,Gold Coast,Fremantle,1537.278609955861,1544.8619987490465,-7.583388793185577,61.41661120681442,0.5874763454301023,0.4125236545698977,Gold Coast,0.5874763454301023,6.66865165600627,64.0,75.0,away_win,-11.0,-13.583602399832992,1523.695007556028,1558.4456011488794,False
102,12,2025-05-31T16:15:00,Sydney Showground,2025,Greater Western Sydney,Richmond,1557.634593558027,1251.60886312245,306.0257304355771,375.0257304355771,0.8964902532277943,0.1035097467722057,Greater Western Sydney,0.8964902532277943,49.34728463492902,80.0,77.0,home_win,3.0,1.1575435086413306,1558.7921370666684,1250.4513196138087,True
103,12,2025-05-31T19:35:00,S.C.G.,2025,Sydney,Adelaide,1562.569465323462,1525.739325247163,36.83014007629913,105.83014007629913,0.6477599455576528,0.3522400544423472,Sydney,0.6477599455576528,12.71282761167051,41.0,131.0,away_win,-90.0,-30.444717441209683,1532.1247478822524,1556.1840426883725,False
104,12,2025-06-01T15:20:00,Traeger Park,2025,Melbourne,St Kilda,1485.4191018089844,1435.9929258105383,49.42617599844607,118.42617599844607,0.6641215538578297,0.33587844614217033,Melbourne,0.6641215538578297,14.427004786851748,63.0,91.0,away_win,-28.0,-22.359533163050486,1463.059568645934,1458.3524589735887,False
105,12,2025-06-01T19:20:00,Perth Stadium,2025,West Coast,Geelong,1234.0993200244377,1635.9844483806685,-401.8851283562308,-332.8851283562308,0.1282813487206278,0.8717186512793722,Geelong,0.8717186512793722,-46.99132885459422,73.0,116.0,away_win,-43.0,-4.976867565210713,1229.122452459227,1640.9613159458793,True
106,13,2025-06-05T19:30:00,Docklands,2025,Western Bulldogs,Hawthorn,1605.2846230144849,1584.0005254022333,21.28409761225157,90.28409761225157,0.6270815991792243,0.37291840082077565,Western Bulldogs,0.6270815991792243,10.597188110403795,59.0,81.0,away_win,-22.0,-19.34467269073023,1585.9399503237546,1603.3451980929635,False
107,13,2025-06-06T19:40:00,Adelaide Oval,2025,Adelaide,Brisbane Lions,1556.1840426883725,1712.307278120787,-156.1232354324145,-87.1232354324145,0.37718314023418387,0.6228168597658161,Brisbane Lions,0.6228168597658161,-13.54593143089938,68.0,63.0,home_win,5.0,9.57047700012854,1565.754519688501,1702.7368011206586,False
108,13,2025-06-07T13:20:00,M.C.G.,2025,Richmond,Sydney,1250.4513196138087,1532.1247478822524,-281.6734282684438,-212.67342826844379,0.2271899801534216,0.7728100198465784,Sydney,0.7728100198465784,-30.631884204400336,36.0,80.0,away_win,-44.0,-8.877378790241497,1241.5739408235672,1541.002126672494,True
109,13,2025-06-07T16:15:00,Kardinia Park,2025,Geelong,Gold Coast,1640.9613159458793,1523.695007556028,117.26630838985125,186.26630838985125,0.7450217305063355,0.25497826949366453,Geelong,0.7450217305063355,23.65927494115906,61.0,37.0,home_win,24.0,8.123512405619431,1649.0848283514988,1515.5714951504085,True
110,13,2025-06-07T19:35:00,Manuka Oval,2025,Greater Western Sydney,Port Adelaide,1558.7921370666684,1489.8060012214069,68.98613584526151,137.98613584526151,0.6887564603007285,0.31124353969927154,Greater Western Sydney,0.6887564603007285,17.088892774795625,50.0,66.0,away_win,-16.0,-18.74733380018788,1540.0448032664806,1508.5533350215946,False
111,13,2025-06-08T15:20:00,Hands Oval,2025,North Melbourne,West Coast,1224.1842949206698,1229.122452459227,-4.938157538557107,64.0618424614429,0.5911616390956236,0.4088383609043764,North Melbourne,0.5911616390956236,7.028637533133498,62.0,52.0,home_win,10.0,9.041851694562322,1233.2261466152322,1220.0806007646645,True
112,13,2025-06-08T19:20:00,M.C.G.,2025,Carlton,Essendon,1492.3033718913075,1455.7433373082786,36.56003458302894,105.56003458302894,0.6474050981438638,0.3525949018561362,Carlton,0.6474050981438638,12.676069327213673,78.0,70.0,home_win,8.0,6.991118686008133,1499.2944905773156,1448.7522186222704,True
113,13,2025-06-09T15:20:00,M.C.G.,2025,Melbourne,Collingwood,1463.059568645934,1665.1833394435773,-202.12377079764337,-133.12377079764337,0.31727526252434235,0.6827247374756577,Collingwood,0.6827247374756577,-19.806080914162557,71.0,72.0,away_win,-1.0,-1.5546686983867162,1461.5048999475473,1666.738008141964,True
114,14,2025-06-12T19:30:00,Docklands,2025,St Kilda,Western Bulldogs,1458.3524589735887,1585.9399503237546,-127.58749135016592,-58.58749135016592,0.4164760083944577,0.5835239916055424,Western Bulldogs,0.5835239916055424,-9.66254133222569,60.0,132.0,away_win,-72.0,-18.781260348737923,1439.5711986248507,1604.7212106724926,True
115,14,2025-06-13T19:40:00,York Park,2025,Hawthorn,Adelaide,1603.3451980929635,1565.754519688501,37.59067840446255,106.59067840446255,0.6487582157124763,0.35124178428752373,Hawthorn,0.6487582157124763,12.81632822496235,47.0,44.0,home_win,3.0,3.927916549350455,1607.2731146423139,1561.8266031391506,True
116,14,2025-06-14T13:20:00,Gabba,2025,Brisbane Lions,Greater Western Sydney,1702.7368011206586,1540.0448032664806,162.691997854178,231.691997854178,0.7914563489370952,0.20854365106290484,Brisbane Lions,0.7914563489370952,29.841194437729335,96.0,107.0,away_win,-11.0,-18.30001913168794,1684.4367819889706,1558.3448223981686,False
117,14,2025-06-14T16:15:00,M.C.G.,2025,Essendon,Geelong,1448.7522186222704,1649.0848283514988,-200.33260972922835,-131.33260972922835,0.31951288765173574,0.6804871123482643,Geelong,0.6804871123482643,-19.562324272031063,56.0,151.0,away_win,-95.0,-15.01710571963158,1433.7351129026388,1664.1019340711305,True
118,14,2025-06-14T19:35:00,Perth Stadium,2025,North Melbourne,Fremantle,1233.2261466152322,1558.4456011488794,-325.2194545336472,-256.2194545336472,0.1861962920037703,0.8138037079962297,Fremantle,0.8138037079962297,-36.558002925799734,67.0,73.0,away_win,-6.0,-3.1716458841079826,1230.0545007311243,1561.6172470329873,True
119,14,2025-06-15T15:20:00,Adelaide Oval,2025,Port Adelaide,Melbourne,1508.5533350215946,1461.5048999475473,47.04843507404735,116.04843507404735,0.6610615650420286,0.3389384349579714,Port Adelaide,0.6610615650420286,14.103421300246074,93.0,68.0,home_win,25.0,10.960048219284236,1519.513383240879,1450.544851728263,True
120,14,2025-06-15T18:10:00,Perth Stadium,2025,West Coast,Carlton,1220.0806007646645,1499.2944905773156,-279.21388981265113,-210.21388981265113,0.2296854059746166,0.7703145940253834,Carlton,0.7703145940253834,-30.297169004439105,52.0,86.0,away_win,-34.0,-8.262503064747854,1211.8180976999167,1507.5569936420634,True
121,15,2025-06-19T20:10:00,Perth Stadium,2025,Fremantle,Essendon,1561.6172470329873,1433.7351129026388,127.8821341303485,196.8821341303485,0.7564556173936048,0.24354438260639522,Fremantle,0.7564556173936048,25.103968040840236,104.0,63.0,home_win,41.0,9.308541012521326,1570.9257880455086,1424.4265718901174,True
122,15,2025-06-20T19:40:00,Kardinia Park,2025,Geelong,Brisbane Lions,1664.1019340711305,1684.4367819889706,-20.33484791784008,48.66515208215992,0.5695803342441734,0.4304196657558266,Geelong,0.5695803342441734,4.9333231513211535,51.0,92.0,away_win,-41.0,-21.770002840945303,1642.331931230185,1706.206784829916,False
123,15,2025-06-21T13:20:00,M.C.G.,2025,Carlton,North Melbourne,1507.5569936420634,1230.0545007311243,277.50249291093905,346.50249291093905,0.8802319700821015,0.11976802991789848,Carlton,0.8802319700821015,45.465596536450356,73.0,84.0,away_win,-11.0,-20.352685166350348,1487.204308475713,1250.4071858974746,False
124,15,2025-06-21T16:15:00,Adelaide Oval,2025,Port Adelaide,Sydney,1519.513383240879,1541.002126672494,-21.48874343161492,47.51125656838508,0.5679511565916738,0.43204884340832617,Port Adelaide,0.5679511565916738,4.776291100564687,52.0,71.0,away_win,-19.0,-16.563293706216495,1502.9500895346625,1557.5654203787103,False
125,15,2025-06-21T19:35:00,Docklands,2025,Collingwood,St Kilda,1666.738008141964,1439.5711986248507,227.16680951711328,296.1668095171133,0.8461701318722589,0.15382986812774113,Collingwood,0.8461701318722589,38.61548273047618,108.0,74.0,home_win,34.0,5.533741908685677,1672.2717500506496,1434.037456716165,True
126,15,2025-06-22T13:10:00,Sydney Showground,2025,Greater Western Sydney,Gold Coast,1558.3448223981686,1515.5714951504085,42.77332724776011,111.77332724776011,0.6555259191367442,0.3444740808632558,Greater Western Sydney,0.6555259191367442,13.52162776595047,106.0,99.0,home_win,7.0,6.375344517156392,1564.720166915325,1509.196150633252,True
127,15,2025-06-22T15:20:00,Docklands,2025,Western Bulldogs,Richmond,1604.7212106724926,1241.5739408235672,363.14726984892536,432.14726984892536,0.9232707582888897,0.07672924171111029,Western Bulldogs,0.9232707582888897,57.12087623777732,135.0,56.0,home_win,79.0,3.548031712162446,1608.269242384655,1238.0259091114049,True
133,16,2025-06-26T19:30:00,Adelaide Oval,2025,Port Adelaide,Carlton,1502.9500895346625,1487.204308475713,15.745781058949433,84.74578105894943,0.6195965005068033,0.38040349949319674,Port Adelaide,0.6195965005068033,9.843486240761875,110.0,60.0,home_win,50.0,15.454570651582792,1518.4046601862453,1471.7497378241303,True
132,16,2025-06-27T19:40:00,S.C.G.,2025,Sydney,Western Bulldogs,1557.5654203787103,1608.269242384655,-50.70382200594463,18.29617799405537,0.5263060044222162,0.4736939955777838,Sydney,0.5263060044222162,0.8004513067776835,96.0,105.0,away_win,-9.0,-11.064687018999951,1546.5007333597105,1619.3339294036548,False
129,16,2025-06-28T13:20:00,Carrara,2025,Gold Coast,Melbourne,1509.196150633252,1450.544851728263,58.65129890498906,127.65129890498906,0.6758620838491678,0.3241379161508322,Gold Coast,0.6758620838491678,15.682439053820895,104.0,85.0,home_win,19.0,9.452910596653789,1518.6490612299058,1441.0919411316092,True
130,16,2025-06-28T16:15:00,York Park,2025,Hawthorn,North Melbourne,1607.2731146423139,1250.4071858974746,356.86592874483927,425.86592874483927,0.9206697114539115,0.07933028854608848,Hawthorn,0.9206697114539115,56.26605718067853,150.0,65.0,home_win,85.0,3.7285235616661585,1611.00163820398,1246.6786623358084,True
128,16,2025-06-28T19:35:00,Docklands,2025,Collingwood,West Coast,1672.2717500506496,1211.8180976999167,460.4536523507329,529.4536523507329,0.9546865954031397,0.045313404596860285,Collingwood,0.9546865954031397,70.36316777417863,88.0,59.0,home_win,29.0,1.5443856932785476,1673.8161357439283,1210.273712006638,True
131,16,2025-06-29T15:20:00,M.C.G.,2025,Richmond,Adelaide,1238.0259091114049,1561.8266031391506,-323.80069402774575,-254.80069402774575,0.18743699411002465,0.8125630058899753,Adelaide,0.8125630058899753,-36.364925763167264,54.0,122.0,away_win,-68.0,-8.320629485228181,1229.7052796261767,1570.1472326243788,True
134,16,2025-06-29T17:10:00,Perth Stadium,2025,Fremantle,St Kilda,1570.9257880455086,1434.037456716165,136.8883313293436,205.8883313293436,0.7658794282350806,0.2341205717649194,Fremantle,0.7658794282350806,26.329609009881487,81.0,69.0,home_win,12.0,5.631544630575517,1576.5573326760841,1428.4059120855895,True
139,17,2025-07-03T19:30:00,Docklands,2025,North Melbourne,Western Bulldogs,1246.6786623358084,1619.3339294036548,-372.65526706784635,-303.65526706784635,0.14830213139514797,0.851697868604852,Western Bulldogs,0.851697868604852,-43.01347730161755,85.0,134.0,away_win,-49.0,-5.988577718430214,1240.6900846173783,1625.322507122085,True
136,17,2025-07-04T19:20:00,M.C.G.,2025,Carlton,Collingwood,1471.7497378241303,1673.8161357439283,-202.06639791979796,-133.06639791979796,0.31734680605832905,0.6826531939416709,Collingwood,0.6826531939416709,-19.798273118258756,59.0,115.0,away_win,-56.0,-13.33160446307732,1458.418133361053,1687.1477402070057,True
143,17,2025-07-04T20:20:00,Perth Stadium,2025,West Coast,Greater Western Sydney,1210.273712006638,1564.720166915325,-354.446454908687,-285.446454908687,0.16203528410806095,0.837964715891939,Greater Western Sydney,0.837964715891939,-40.5354651410208,52.0,111.0,away_win,-59.0,-6.910527879694761,1203.3631841269435,1571.6306947950197,True
137,17,2025-07-05T12:35:00,Docklands,2025,Essendon,Gold Coast,1424.4265718901174,1518.6490612299058,-94.22248933978835,-25.222489339788353,0.46376555196238856,0.5362344480376114,Gold Coast,0.5362344480376114,-5.121944175345169,74.0,115.0,away_win,-41.0,-17.725642506866528,1406.700929383251,1536.3747037367723,True
138,17,2025-07-05T16:15:00,Kardinia Park,2025,Geelong,Richmond,1642.331931230185,1229.7052796261767,412.62665160400843,481.62665160400843,0.9411696687629977,0.05883033123700232,Geelong,0.9411696687629977,63.854457133455305,124.0,52.0,home_win,72.0,2.652992597638749,1644.9849238278239,1227.0522870285379,True
135,17,2025-07-05T19:35:00,Gabba,2025,Brisbane Lions,Port Adelaide,1706.206784829916,1518.4046601862453,187.8021246436706,256.8021246436706,0.8143114134789265,0.18568858652107345,Brisbane Lions,0.8143114134789265,33.258396998478986,120.0,92.0,home_win,28.0,6.251732208057084,1712.458517037973,1512.1529279781882,True
140,17,2025-07-05T19:40:00,Docklands,2025,St Kilda,Hawthorn,1428.4059120855895,1611.00163820398,-182.59572611839053,-113.59572611839053,0.3421090676118734,0.6578909323881266,Hawthorn,0.6578909323881266,-17.14853621740299,74.0,94.0,away_win,-20.0,-10.177845586701547,1418.228066498888,1621.1794837906816,True
141,17,2025-07-06T13:10:00,S.C.G.,2025,Sydney,Fremantle,1546.5007333597105,1576.5573326760841,-30.05659931637365,38.94340068362635,0.5558105244598931,0.4441894755401069,Sydney,0.5558105244598931,3.610303397078339,94.0,83.0,home_win,11.0,10.270529652576524,1556.771263012287,1566.2868030235077,True
142,17,2025-07-06T15:20:00,Adelaide Oval,2025,Adelaide,Melbourne,1570.1472326243788,1441.0919411316092,129.05529149276958,198.05529149276958,0.7576976139250089,0.2423023860749911,Adelaide,0.7576976139250089,25.263621410042063,90.0,77.0,home_win,13.0,6.038737422986713,1576.1859700473656,1435.0532037086225,True
144,18,2025-07-10T19:30:00,Docklands,2025,Carlton,Brisbane Lions,1458.418133361053,1712.458517037973,-254.0403836769201,-185.0403836769201,0.25632116245287745,0.7436788375471226,Brisbane Lions,0.7436788375471226,-26.871341235777116,,,,,,,,
145,18,2025-07-11T19:40:00,Carrara,2025,Gold Coast,Collingwood,1536.3747037367723,1687.1477402070057,-150.77303647023336,-81.77303647023336,0.38444503008100367,0.6155549699189964,Collingwood,0.6155549699189964,-12.81783022506493,,,,,,,,
150,18,2025-07-12T13:20:00,Docklands,2025,Western Bulldogs,Adelaide,1625.322507122085,1576.1859700473656,49.1365370747194,118.1365370747194,0.6637495383119159,0.33625046168808415,Western Bulldogs,0.6637495383119159,14.387588224755147,,,,,,,,
146,18,2025-07-12T16:15:00,Sydney Showground,2025,Greater Western Sydney,Geelong,1571.6306947950197,1644.9849238278239,-73.35422903280414,-4.354229032804142,0.493734088755201,0.506265911244799,Geelong,0.506265911244799,-2.282011380212606,,,,,,,,
148,18,2025-07-12T19:35:00,M.C.G.,2025,Richmond,Essendon,1227.0522870285379,1406.700929383251,-179.64864235471305,-110.64864235471305,0.3459375008196176,0.6540624991803824,Essendon,0.6540624991803824,-16.747471648179207,,,,,,,,
152,18,2025-07-12T20:10:00,Perth Stadium,2025,Fremantle,Hawthorn,1566.2868030235077,1621.1794837906816,-54.89268076717394,14.107319232826057,0.5202909144020379,0.4797090855979621,Fremantle,0.5202909144020379,0.23039528892112604,,,,,,,,
147,18,2025-07-13T13:10:00,M.C.G.,2025,Melbourne,North Melbourne,1435.0532037086225,1240.6900846173783,194.36311909124424,263.36311909124424,0.8199546071744246,0.1800453928255754,Melbourne,0.8199546071744246,34.15127369381669,,,,,,,,
149,18,2025-07-13T15:20:00,Docklands,2025,St Kilda,Sydney,1418.228066498888,1556.771263012287,-138.54319651339893,-69.54319651339893,0.40123478161886117,0.5987652183811388,Sydney,0.5987652183811388,-11.15348815429765,,,,,,,,
151,18,2025-07-13T16:40:00,Adelaide Oval,2025,Port Adelaide,West Coast,1512.1529279781882,1203.3631841269435,308.7897438512448,377.7897438512448,0.8979574298643329,0.10204257013566709,Port Adelaide,0.8979574298643329,49.723435412706785,,,,,,,,
156,19,2025-07-17T19:30:00,Docklands,2025,Essendon,Greater Western Sydney,1406.700929383251,1571.6306947950197,-164.9297654117688,-95.92976541176881,0.36535040532355123,0.6346495946764488,Greater Western Sydney,0.6346495946764488,-14.74439996309974,,,,,,,,
153,19,2025-07-18T19:40:00,Gabba,2025,Brisbane Lions,Western Bulldogs,1712.458517037973,1625.322507122085,87.13600991588805,156.13600991588805,0.7107010145447313,0.28929898545526866,Brisbane Lions,0.7107010145447313,19.5588841321225,,,,,,,,
158,19,2025-07-19T13:20:00,York Park,2025,Hawthorn,Port Adelaide,1621.1794837906816,1512.1529279781882,109.02655581249337,178.02655581249337,0.735907154646108,0.264092845353892,Hawthorn,0.735907154646108,22.537938364751447,,,,,,,,
159,19,2025-07-19T16:15:00,S.C.G.,2025,Sydney,North Melbourne,1556.771263012287,1240.6900846173783,316.08117839490865,385.08117839490865,0.901739667640315,0.09826033235968501,Sydney,0.901739667640315,50.715716694399596,,,,,,,,
154,19,2025-07-19T19:35:00,M.C.G.,2025,Carlton,Melbourne,1458.418133361053,1435.0532037086225,23.36492965243042,92.36492965243042,0.6298784211552948,0.3701215788447052,Carlton,0.6298784211552948,10.880365676005118,,,,,,,,
161,19,2025-07-19T20:10:00,Perth Stadium,2025,West Coast,Richmond,1203.3631841269435,1227.0522870285379,-23.689102901594424,45.310897098405576,0.5648404337985884,0.4351595662014116,West Coast,0.5648404337985884,4.476847211713832,,,,,,,,
157,19,2025-07-20T13:10:00,Kardinia Park,2025,Geelong,St Kilda,1644.9849238278239,1418.228066498888,226.7568573289359,295.7568573289359,0.8458627048830722,0.15413729511692775,Geelong,0.8458627048830722,38.55969290197516,,,,,,,,
155,19,2025-07-20T15:20:00,M.C.G.,2025,Collingwood,Fremantle,1687.1477402070057,1566.2868030235077,120.86093718349798,189.86093718349798,0.7489325709327529,0.2510674290672471,Collingwood,0.7489325709327529,24.148463021393454,,,,,,,,
160,19,2025-07-20T16:40:00,Adelaide Oval,2025,Adelaide,Gold Coast,1576.1859700473656,1536.3747037367723,39.81126631059328,108.81126631059328,0.6516654616216343,0.3483345383783657,Adelaide,0.6516654616216343,13.118524973820461,,,,,,,,
165,20,2025-07-24T19:30:00,M.C.G.,2025,Hawthorn,Carlton,1621.1794837906816,1458.418133361053,162.7613504296287,231.7613504296287,0.7915222347175639,0.2084777652824361,Hawthorn,0.7915222347175639,29.8506325341759,,,,,,,,
162,20,2025-07-25T19:20:00,Docklands,2025,Essendon,Western Bulldogs,1406.700929383251,1625.322507122085,-218.62157773883405,-149.62157773883405,0.29706968177986154,0.7029303182201385,Western Bulldogs,0.7029303182201385,-22.051244731884935,,,,,,,,
164,20,2025-07-25T19:50:00,Sydney Showground,2025,Greater Western Sydney,Sydney,1571.6306947950197,1556.771263012287,14.859431782732827,83.85943178273283,0.6183931886380776,0.3816068113619224,Greater Western Sydney,0.6183931886380776,9.722864188878273,,,,,,,,
163,20,2025-07-26T13:20:00,Carrara,2025,Gold Coast,Brisbane Lions,1536.3747037367723,1712.458517037973,-176.08381330120073,-107.08381330120073,0.35059519749127177,0.6494048025087282,Brisbane Lions,0.6494048025087282,-16.262338973524834,,,,,,,,
170,20,2025-07-26T16:15:00,Perth Stadium,2025,Fremantle,West Coast,1566.2868030235077,1203.3631841269435,362.9236188965642,431.9236188965642,0.9231795040382591,0.0768204959617409,Fremantle,0.9231795040382591,57.09043988779272,,,,,,,,
166,20,2025-07-26T19:35:00,Docklands,2025,North Melbourne,Geelong,1240.6900846173783,1644.9849238278239,-404.2948392104456,-335.2948392104456,0.12673815667440497,0.873261843325595,Geelong,0.873261843325595,-47.31926308490384,,,,,,,,
169,20,2025-07-26T20:10:00,Adelaide Oval,2025,Adelaide,Port Adelaide,1576.1859700473656,1512.1529279781882,64.03304206917733,133.03304206917733,0.6826115954861666,0.31738840451383343,Adelaide,0.6826115954861666,16.414833066648285,,,,,,,,
167,20,2025-07-27T14:10:00,M.C.G.,2025,Richmond,Collingwood,1227.0522870285379,1687.1477402070057,-460.0954531784678,-391.0954531784678,0.09523511366200942,0.9047648863379906,Collingwood,0.9047648863379906,-54.91309176372674,,,,,,,,
168,20,2025-07-27T15:20:00,Docklands,2025,St Kilda,Melbourne,1418.228066498888,1435.0532037086225,-16.82513720973452,52.17486279026548,0.574526279103036,0.425473720896964,St Kilda,0.574526279103036,5.410954846285253,,,,,,,,
177,21,2025-07-31T19:30:00,Docklands,2025,Western Bulldogs,Greater Western Sydney,1625.322507122085,1571.6306947950197,53.691812327065236,122.69181232706524,0.6695766299336768,0.33042337006632316,Western Bulldogs,0.6695766299336768,15.007509358078513,,,,,,,,
178,21,2025-08-01T19:40:00,Adelaide Oval,2025,Adelaide,Hawthorn,1576.1859700473656,1621.1794837906816,-44.99351374331604,24.006486256683957,0.534493234788512,0.46550676521148804,Adelaide,0.534493234788512,1.577559291190159,,,,,,,,
174,21,2025-08-02T13:20:00,Docklands,2025,Melbourne,West Coast,1435.0532037086225,1203.3631841269435,231.69001958167905,300.69001958167905,0.8495288962134916,0.1504711037865084,Melbourne,0.8495288962134916,39.23104015657053,,,,,,,,
173,21,2025-08-02T16:10:00,Carrara,2025,Gold Coast,Richmond,1536.3747037367723,1227.0522870285379,309.3224167082344,378.3224167082344,0.8982380529734115,0.10176194702658847,Gold Coast,0.8982380529734115,49.79592612795513,,,,,,,,
176,21,2025-08-02T16:15:00,S.C.G.,2025,Sydney,Essendon,1556.771263012287,1406.700929383251,150.07033362903599,219.07033362903599,0.779210283684601,0.220789716315399,Sydney,0.779210283684601,28.123529542101423,,,,,,,,
171,21,2025-08-02T19:35:00,M.C.G.,2025,Collingwood,Brisbane Lions,1687.1477402070057,1712.458517037973,-25.31077683096737,43.68922316903263,0.5625445318098262,0.4374554681901738,Collingwood,0.5625445318098262,4.256155840833415,,,,,,,,
175,21,2025-08-03T13:40:00,Docklands,2025,St Kilda,North Melbourne,1418.228066498888,1240.6900846173783,177.53798188150972,246.53798188150972,0.8052108857233773,0.1947891142766227,St Kilda,0.8052108857233773,31.861563950808623,,,,,,,,
172,21,2025-08-03T15:20:00,Kardinia Park,2025,Geelong,Port Adelaide,1644.9849238278239,1512.1529279781882,132.83199584963563,201.83199584963563,0.7616665943625343,0.23833340563746575,Geelong,0.7616665943625343,25.777587902830845,,,,,,,,
179,21,2025-08-03T17:10:00,Perth Stadium,2025,Fremantle,Carlton,1566.2868030235077,1458.418133361053,107.86866966245475,176.86866966245475,0.7346097273559711,0.2653902726440289,Fremantle,0.7346097273559711,22.380363233803713,,,,,,,,
184,22,2025-08-07T19:30:00,M.C.G.,2025,Hawthorn,Collingwood,1621.1794837906816,1687.1477402070057,-65.96825641632404,3.0317435836759614,0.5043629190021652,0.49563708099783477,Hawthorn,0.5043629190021652,-1.2768645424346268,,,,,,,,
182,22,2025-08-08T19:40:00,Kardinia Park,2025,Geelong,Essendon,1644.9849238278239,1406.700929383251,238.28399444457295,307.28399444457295,0.8543169466448445,0.14568305335515552,Geelong,0.8543169466448445,40.1284051111923,,,,,,,,
186,22,2025-08-09T13:20:00,M.C.G.,2025,Richmond,St Kilda,1227.0522870285379,1418.228066498888,-191.1757794703501,-122.17577947035011,0.33108091070491485,0.6689190892950851,St Kilda,0.6689190892950851,-18.31618385739634,,,,,,,,
180,22,2025-08-09T16:15:00,Gabba,2025,Brisbane Lions,Sydney,1712.458517037973,1556.771263012287,155.68725402568612,224.68725402568612,0.7847227611249157,0.21527723887508432,Brisbane Lions,0.7847227611249157,28.88792850049265,,,,,,,,
181,22,2025-08-09T19:35:00,Docklands,2025,Carlton,Gold Coast,1458.418133361053,1536.3747037367723,-77.95657037571937,-8.956570375719366,0.4871133136421639,0.5128866863578361,Gold Coast,0.5128866863578361,-2.9083376729589636,,,,,,,,
187,22,2025-08-09T20:10:00,Adelaide Oval,2025,Port Adelaide,Fremantle,1512.1529279781882,1566.2868030235077,-54.13387504531943,14.866124954680572,0.5213810268518765,0.4786189731481235,Port Adelaide,0.5213810268518765,0.33366011420738406,,,,,,,,
183,22,2025-08-10T13:40:00,Manuka Oval,2025,Greater Western Sydney,North Melbourne,1571.6306947950197,1240.6900846173783,330.9406101776415,399.9406101776415,0.9090626509821095,0.09093734901789052,Greater Western Sydney,0.9090626509821095,52.73791629398455,,,,,,,,
185,22,2025-08-10T15:20:00,M.C.G.,2025,Melbourne,Western Bulldogs,1435.0532037086225,1625.322507122085,-190.26930341346247,-121.26930341346247,0.3322375601424951,0.6677624398575048,Western Bulldogs,0.6677624398575048,-18.192822779659735,,,,,,,,
188,22,2025-08-10T17:10:00,Perth Stadium,2025,West Coast,Adelaide,1203.3631841269435,1576.1859700473656,-372.8227859204221,-303.8227859204221,0.14818037128243985,0.8518196287175601,Adelaide,0.8518196287175601,-43.03627471147512,,,,,,,,
190,23,2025-08-15T19:20:00,Docklands,2025,Essendon,St Kilda,1406.700929383251,1418.228066498888,-11.52713711563706,57.47286288436294,0.5819638434220672,0.4180361565779328,Essendon,0.5819638434220672,6.131952380076183,,,,,,,,
197,23,2025-08-15T20:20:00,Perth Stadium,2025,Fremantle,Brisbane Lions,1566.2868030235077,1712.458517037973,-146.17171401446535,-77.17171401446535,0.3907320566305809,0.609267943369419,Brisbane Lions,0.609267943369419,-12.191642591266723,,,,,,,,
191,23,2025-08-16T12:35:00,Carrara,2025,Gold Coast,Greater Western Sydney,1536.3747037367723,1571.6306947950197,-35.255991058247446,33.744008941752554,0.5484094145577154,0.4515905854422846,Gold Coast,0.5484094145577154,2.9027253380895432,,,,,,,,
189,23,2025-08-16T13:20:00,Docklands,2025,Carlton,Port Adelaide,1458.418133361053,1512.1529279781882,-53.73479461713532,15.265205382864679,0.5219542711429432,0.47804572885705676,Carlton,0.5219542711429432,0.38797041986886116,,,,,,,,
192,23,2025-08-16T16:15:00,M.C.G.,2025,Hawthorn,Melbourne,1621.1794837906816,1435.0532037086225,186.1262800820591,255.1262800820591,0.8128482911813517,0.1871517088186483,Hawthorn,0.8128482911813517,33.0303336208877,,,,,,,,
196,23,2025-08-16T19:35:00,Adelaide Oval,2025,Adelaide,Collingwood,1576.1859700473656,1687.1477402070057,-110.96177015964008,-41.96177015964008,0.4399040764312675,0.5600959235687325,Collingwood,0.5600959235687325,-7.399969840537786,,,,,,,,
193,23,2025-08-17T13:10:00,Bellerive Oval,2025,North Melbourne,Richmond,1240.6900846173783,1227.0522870285379,13.637797588840385,82.63779758884039,0.6167323110103174,0.38326768898968255,North Melbourne,0.6167323110103174,9.55661367446767,,,,,,,,
194,23,2025-08-17T15:20:00,S.C.G.,2025,Sydney,Geelong,1556.771263012287,1644.9849238278239,-88.21366081553697,-19.21366081553697,0.47237747242876765,0.5276225275712323,Geelong,0.5276225275712323,-4.30421097979756,,,,,,,,
195,23,2025-08-17T16:40:00,Docklands,2025,Western Bulldogs,West Coast,1625.322507122085,1203.3631841269435,421.9593229951415,490.9593229951415,0.944074732909088,0.055925267090911945,Western Bulldogs,0.944074732909088,65.12452752552359,,,,,,,,
198,24,2025-08-23T00:00:00,Gabba,2025,Brisbane Lions,Hawthorn,1712.458517037973,1621.1794837906816,91.27903324729141,160.2790332472914,0.7155797757073626,0.28442022429263736,Brisbane Lions,0.7155797757073626,20.12270246948117,,,,,,,,
199,24,2025-08-23T00:00:00,M.C.G.,2025,Collingwood,Melbourne,1687.1477402070057,1435.0532037086225,252.09453649838315,321.09453649838315,0.8639354597660515,0.13606454023394854,Collingwood,0.8639354597660515,42.007862752615644,,,,,,,,
200,24,2025-08-23T00:00:00,M.C.G.,2025,Essendon,Carlton,1406.700929383251,1458.418133361053,-51.717203977802,17.282796022198,0.5248514482612073,0.47514855173879267,Essendon,0.5248514482612073,0.6625415503563179,,,,,,,,
201,24,2025-08-23T00:00:00,Carrara,2025,Gold Coast,Essendon,1536.3747037367723,1406.700929383251,129.67377435352137,198.67377435352137,0.7583506516151983,0.24164934838480168,Gold Coast,0.7583506516151983,25.347789890482602,,,,,,,,
202,24,2025-08-23T00:00:00,Sydney Showground,2025,Greater Western Sydney,St Kilda,1571.6306947950197,1418.228066498888,153.40262829613175,222.40262829613175,0.782492744469299,0.21750725553070105,Greater Western Sydney,0.782492744469299,28.577016932469242,,,,,,,,
203,24,2025-08-23T00:00:00,Docklands,2025,North Melbourne,Adelaide,1240.6900846173783,1576.1859700473656,-335.4958854299873,-266.4958854299873,0.17739844630875734,0.8226015536912427,Adelaide,0.8226015536912427,-37.956508248721285,,,,,,,,
204,24,2025-08-23T00:00:00,M.C.G.,2025,Richmond,Geelong,1227.0522870285379,1644.9849238278239,-417.932636799286,-348.932636799286,0.11830108177612891,0.881698918223871,Geelong,0.881698918223871,-49.17521217007819,,,,,,,,
205,24,2025-08-23T00:00:00,Docklands,2025,Western Bulldogs,Fremantle,1625.322507122085,1566.2868030235077,59.0357040985773,128.0357040985773,0.6763466618711105,0.3236533381288895,Western Bulldogs,0.6763466618711105,15.73475222702418,,,,,,,,
206,24,2025-08-23T00:30:00,Adelaide Oval,2025,Port Adelaide,Gold Coast,1512.1529279781882,1536.3747037367723,-24.221775758584045,44.778224241415955,0.5640865982860557,0.4359134017139443,Port Adelaide,0.5640865982860557,4.4043564964654935,,,,,,,,
207,24,2025-08-23T02:00:00,Perth Stadium,2025,West Coast,Sydney,1203.3631841269435,1556.771263012287,-353.40807888534346,-284.40807888534346,0.16284853135889288,0.8371514686411071,Sydney,0.8371514686411071,-40.3941539785668,,,,,,,,
