home_team,away_team,match_date,home_rating,away_rating,win_probability,predicted_margin_simple,predicted_margin_diminishing_returns,predicted_margin_linear,best_method,predicted_margin_best,actual_margin,actual_result,correct
Sydney,Hawthorn,2025-03-07 19:40:00,1646.886953590286,1582.778113909188,0.6827061193201034,17.036362631926973,18.067522991046634,16.33491635211654,linear,16.33491635211654,-20.0,away_win,False
Greater Western Sydney,Collingwood,2025-03-09 15:20:00,1566.9025243187716,1558.5130861742437,0.6095662686821101,9.904935955192483,10.83483731045126,8.76535334027809,linear,8.76535334027809,52.0,home_win,True
Richmond,Carlton,2025-03-13 19:30:00,1265.0799501863132,1540.8128788554907,0.23324992198901048,-26.45937827424795,-26.37849889900616,-29.83308991933718,linear,-29.83308991933718,13.0,home_win,False
Hawthorn,Essendon,2025-03-14 19:40:00,1614.8653015172329,1449.9756868140084,0.7935366563385,29.935114012504176,29.02738182413606,30.02613352018341,linear,30.02613352018341,26.0,home_win,True
Geelong,Fremantle,2025-03-15 13:20:00,1594.0357369488966,1525.552132815195,0.6881359884218831,17.59628092001646,18.60447427215232,16.929234565749894,linear,16.929234565749894,78.0,home_win,True
Sydney,Brisbane Lions,2025-03-15 16:15:00,1614.7997659822413,1695.765032373975,0.48278740183828506,-1.531413073132881,-1.7021269685969036,-3.373615272791377,linear,-3.373615272791377,-4.0,away_win,True
Collingwood,Port Adelaide,2025-03-15 19:35:00,1540.1627008023029,1563.8266327735764,0.5648760481628939,5.802482367763986,6.415491151107613,4.4108556582795755,linear,4.4108556582795755,91.0,home_win,True
Western Bulldogs,North Melbourne,2025-03-15 19:35:00,1591.179980900644,1226.641418428519,0.923836205556035,55.48782622472425,41.912500888409184,57.148738011763605,linear,57.148738011763605,16.0,home_win,True
Adelaide,St Kilda,2025-03-16 12:35:00,1460.1206575737242,1494.613158415257,0.5494976324582447,4.416553180036803,4.89474362309063,2.9397785804387064,linear,2.9397785804387064,63.0,home_win,True
Melbourne,Greater Western Sydney,2025-03-16 15:20:00,1523.8997662264835,1585.2529096907124,0.5110029345636027,0.9787075092069724,1.0880630267702227,-0.7092794005147569,linear,-0.7092794005147569,-3.0,away_win,False
West Coast,Gold Coast,2025-03-16 18:10:00,1270.6964577068793,1442.7212552919318,0.35593342163777925,-13.18595982013559,-14.246519090258197,-15.744187105726503,linear,-15.744187105726503,-87.0,away_win,True
Carlton,Hawthorn,2025-03-20 19:30:00,1504.7756251889741,1624.5690786693233,0.4274187042126471,-6.500963383741542,-7.177451063149276,-8.648481848840747,linear,-8.648481848840747,-20.0,away_win,True
Western Bulldogs,Collingwood,2025-03-21 19:40:00,1594.7596792395104,1560.613526538647,0.6442267072163845,13.201491844643867,14.262353982734158,12.264441062606842,linear,12.264441062606842,-6.0,away_win,False
Essendon,Adelaide,2025-03-22 13:20:00,1440.271909661918,1481.2942688481867,0.5401762587880994,3.5808082741195424,3.972967528670808,2.0526876778844785,linear,2.0526876778844785,-61.0,away_win,False
Port Adelaide,Richmond,2025-03-22 16:15:00,1543.3758070372323,1301.1172038528298,0.8571415200153973,39.83743265181168,35.31716752535468,40.536824900924536,linear,40.536824900924536,72.0,home_win,True
St Kilda,Geelong,2025-03-22 19:35:00,1473.4395471407945,1608.6933454930681,0.4057922874848149,-8.479705308648876,-9.316053661125155,-10.748792538932728,linear,-10.748792538932728,7.0,home_win,False
Brisbane Lions,West Coast,2025-03-23 13:10:00,1718.4560402603743,1253.9675868899037,0.9556808180300538,68.280234230423,45.06156491623892,70.72707834416727,linear,70.72707834416727,19.0,home_win,True
North Melbourne,Melbourne,2025-03-23 15:20:00,1223.0617200896527,1499.8826283019941,0.23213170675499661,-26.5986268326297,-26.489077458304923,-29.98089354752522,linear,-29.98089354752522,59.0,home_win,False
Fremantle,Sydney,2025-03-23 18:10:00,1510.8945242710233,1592.108758095842,0.48242954240075503,-1.5632779701880868,-1.7375151298648297,-3.407437866370306,linear,-3.407437866370306,-3.0,away_win,True
Essendon,Port Adelaide,2025-03-27 19:30:00,1414.8836254988773,1550.0901555965086,0.4058578987582363,-8.473655529167697,-9.309565464695694,-10.742371076711162,linear,-10.742371076711162,12.0,home_win,False
Carlton,Western Bulldogs,2025-03-28 19:40:00,1484.6869460909797,1564.4810240003403,0.4844710691087113,-1.3815147512494779,-1.5356317399154653,-3.2145075872889812,linear,-3.2145075872889812,-8.0,away_win,True
Melbourne,Gold Coast,2025-03-29 13:20:00,1463.792818519479,1459.4501261089074,0.6040082491589811,9.38700019699599,10.28521343418206,8.215596954148083,linear,8.215596954148083,-58.0,away_win,False
St Kilda,Richmond,2025-03-29 16:15:00,1501.367309629008,1294.4028552935536,0.8304160980296843,35.320197583003015,32.67433225541874,35.742062640494076,linear,35.742062640494076,82.0,home_win,True
Brisbane Lions,Geelong,2025-03-29 19:35:00,1720.5390418129618,1580.7655830048545,0.768844240700805,26.720542081936987,26.58558737905288,26.614066638264962,linear,26.614066638264962,9.0,home_win,True
Hawthorn,Greater Western Sydney,2025-03-29 19:35:00,1644.6577577673177,1609.2700476152017,0.6458630915234337,13.360396565161173,14.424173472961519,12.433108476486096,linear,12.433108476486096,12.0,home_win,True
Adelaide,North Melbourne,2025-03-30 15:20:00,1506.6825530112274,1259.1515298721679,0.860817804421436,40.512240264217745,35.68070955270932,41.25309094059935,linear,41.25309094059935,36.0,home_win,True
West Coast,Fremantle,2025-03-30 18:10:00,1251.8845853373161,1488.2203357781877,0.27622556146510496,-21.41700380400165,-22.128704983078833,-24.480925056402288,linear,-24.480925056402288,-38.0,away_win,True
Collingwood,Carlton,2025-04-03 19:30:00,1590.892181777817,1461.9168058428704,0.7576131459420531,25.338514742524403,25.47496194667281,25.147131128166258,linear,25.147131128166258,17.0,home_win,True
Geelong,Melbourne,2025-04-04 19:40:00,1569.9012623177923,1435.4044308090067,0.7634019394954054,26.045195979002433,26.04740670662293,25.897229024602012,linear,25.897229024602012,39.0,home_win,True
Gold Coast,Adelaide,2025-04-05 13:20:00,1487.8385138193796,1513.22411620342,0.5624385312684532,5.58212884687968,6.174448909636686,4.176964189317857,linear,4.176964189317857,1.0,home_win,True
Richmond,Brisbane Lions,2025-04-05 16:15:00,1286.4324119009486,1731.403362500024,0.10300592317224737,-48.11985040829493,-39.25812467084419,-52.82432521027024,linear,-52.82432521027024,-28.0,away_win,True
North Melbourne,Sydney,2025-04-05 19:35:00,1252.6099666799753,1614.7829465886775,0.15608654312867312,-37.52268603327435,-34.009065006008946,-41.57609857628918,linear,-41.57609857628918,-65.0,away_win,True
Greater Western Sydney,West Coast,2025-04-06 13:10:00,1592.6256129168032,1238.9019839484563,0.9193384860932134,54.10364220319751,41.467728430298834,55.67951331860244,linear,55.67951331860244,81.0,home_win,True
Port Adelaide,St Kilda,2025-04-06 15:20:00,1522.1654768381457,1509.337753021613,0.6156294650414516,10.472984210691584,11.43441733562658,9.368301005405636,linear,9.368301005405636,-17.0,away_win,False
Fremantle,Western Bulldogs,2025-04-06 17:10:00,1501.2029371670476,1587.2511642484496,0.4754853008992309,-2.181972132624989,-2.4242203341078827,-4.064142991433335,linear,-4.064142991433335,16.0,home_win,False
Adelaide,Geelong,2025-04-10 19:40:00,1492.6587271730373,1581.0213711615083,0.4721637278492122,-2.478190218551928,-2.7526855090619384,-4.37855994729789,linear,-4.37855994729789,-19.0,away_win,True
Collingwood,Sydney,2025-04-11 19:40:00,1602.2843639185405,1622.1190141157251,0.5702860944980666,6.292585302170917,6.950482189760819,4.931069244206669,linear,4.931069244206669,31.0,home_win,True
North Melbourne,Gold Coast,2025-04-12 12:35:00,1245.2738991529277,1508.4039028497623,0.24647490639779804,-24.846352418367918,-25.07070083098759,-28.120963943809446,linear,-28.120963943809446,-52.0,away_win,True
Carlton,West Coast,2025-04-12 13:20:00,1450.524623702147,1235.1108927948374,0.8371559041419299,36.40160539934663,33.340821163077315,36.88990934471846,linear,36.88990934471846,71.0,home_win,True
Western Bulldogs,Brisbane Lions,2025-04-12 16:15:00,1562.5989733907136,1736.2446408891196,0.35379734488308295,-13.39341206514973,-14.457752386765902,-15.96438467793248,linear,-15.96438467793248,-21.0,away_win,True
Melbourne,Essendon,2025-04-12 19:35:00,1424.2843219652907,1442.8083042572403,0.5721340361298128,6.460335346248441,7.13322225365103,5.109125415354873,linear,5.109125415354873,-39.0,away_win,False
Richmond,Fremantle,2025-04-13 12:35:00,1281.591133511853,1525.8551280247837,0.26719504989188186,-22.43172560136401,-23.021718178681024,-25.55798872581907,linear,-25.55798872581907,-61.0,away_win,True
St Kilda,Greater Western Sydney,2025-04-13 15:20:00,1538.2723378785613,1596.4167040704222,0.515617431013408,1.3893931807830724,1.544383378870144,-0.2733622678046481,linear,-0.2733622678046481,-28.0,away_win,False
Port Adelaide,Hawthorn,2025-04-13 19:20:00,1493.2308919811974,1661.3021924657162,0.36116754682562213,-12.67995878797027,-13.72892461930518,-15.20709868420121,linear,-15.20709868420121,30.0,home_win,False
Brisbane Lions,Collingwood,2025-04-17 19:30:00,1752.8731160986245,1622.4809174771315,0.7591077076053145,25.519851347448405,25.62275681699789,25.339608583175814,linear,25.339608583175814,-52.0,away_win,False
North Melbourne,Carlton,2025-04-18 15:20:00,1233.6895785522313,1458.1782962074763,0.29006569443839786,-19.900723238925668,-20.760075833575584,-22.871488151103517,linear,-22.871488151103517,-82.0,away_win,True
West Coast,Essendon,2025-04-18 18:10:00,1227.457220289508,1469.6986039553415,0.26948095761629587,-22.172855251829212,-22.795668331418373,-25.283214054280613,linear,-25.283214054280613,-2.0,away_win,True
Melbourne,Fremantle,2025-04-19 13:20:00,1397.3940222671895,1538.4132953697022,0.3978153287540149,-9.217618123647584,-10.104882660414733,-11.532040800966813,linear,-11.532040800966813,10.0,home_win,False
Adelaide,Greater Western Sydney,2025-04-19 16:15:00,1470.4670319641243,1620.6507233280524,0.3852481794881964,-10.39055564745276,-11.347628437825083,-12.777040560181698,linear,-12.777040560181698,18.0,home_win,False
Richmond,Gold Coast,2025-04-19 19:35:00,1269.0329661669346,1519.9882234504587,0.2597210974217466,-23.28812837144639,-23.7608056738928,-26.467006658065408,linear,-26.467006658065408,11.0,home_win,False
Sydney,Port Adelaide,2025-04-20 15:20:00,1601.9224605571342,1523.256017280393,0.70057477344194,18.899564313358486,19.83452630963674,18.312588306225067,linear,18.312588306225067,-8.0,away_win,False
Western Bulldogs,St Kilda,2025-04-20 19:20:00,1545.9704981812088,1514.038318620931,0.6413003102082594,12.918129376976584,13.972967149813705,11.9636695408025,linear,11.9636695408025,71.0,home_win,True
Geelong,Hawthorn,2025-04-21 15:20:00,1603.2130663704213,1631.2770671665205,0.5586405336229708,5.239325418272437,5.798870849990692,3.8130998082982384,linear,3.8130998082982384,7.0,home_win,True
Melbourne,Richmond,2025-04-24 19:30:00,1425.6967018157509,1303.8260745881125,0.7500238799322053,24.429190645970003,24.724471275488124,24.181940520583172,linear,24.181940520583172,20.0,home_win,True
Collingwood,Essendon,2025-04-25 15:20:00,1658.1589797345812,1482.3642089633074,0.8036321533815179,31.33084545887655,30.025709770728813,31.507615081984717,linear,31.507615081984717,41.0,home_win,True
Fremantle,Adelaide,2025-04-25 20:10:00,1510.1106158211408,1499.360367528179,0.6127957454354953,10.207091829214141,11.154195226365458,9.086072886517801,linear,9.086072886517801,18.0,home_win,True
St Kilda,Brisbane Lions,2025-04-26 13:20:00,1497.1794332007191,1717.1950538411747,0.29539669134625357,-19.328219541843534,-20.232901869417706,-22.263811313632612,linear,-22.263811313632612,-45.0,away_win,True
Port Adelaide,North Melbourne,2025-04-26 16:15:00,1556.1830316321643,1220.0564909136267,0.9115005478520444,51.851422310003265,40.69264695026028,53.28892288405893,linear,53.28892288405893,9.0,home_win,True
Greater Western Sydney,Western Bulldogs,2025-04-26 19:35:00,1591.7573877639977,1562.8293836014207,0.6373125860449587,12.533630333879522,13.578627330925874,11.555547875019977,linear,11.555547875019977,-32.0,away_win,False
Gold Coast,Sydney,2025-04-27 13:15:00,1485.1951150292807,1568.995446205363,0.4787134856308811,-1.8942679508921874,-2.104990184206613,-3.7587630119264737,linear,-3.7587630119264737,38.0,home_win,False
Carlton,Geelong,2025-04-27 15:20:00,1471.8113838460808,1623.9569612901416,0.3825770014754664,-10.641653942530276,-11.611777062609907,-13.043565682420603,linear,-13.043565682420603,18.0,home_win,False
Hawthorn,West Coast,2025-04-27 16:45:00,1610.5331722468002,1214.7916152815421,0.9355513621170467,59.48144175514737,43.070994436941916,61.387710909180655,linear,61.387710909180655,50.0,home_win,True
Essendon,North Melbourne,2025-05-01 19:30:00,1473.1349201722387,1215.8970166626727,0.867378510984475,41.754606544420284,36.32948758546663,42.57178497870208,linear,42.57178497870208,3.0,home_win,True
St Kilda,Fremantle,2025-05-02 19:40:00,1483.2957887074451,1528.3092157856724,0.5344647134684907,3.069998623468644,3.4081617259946593,1.5104952088415664,linear,1.5104952088415664,61.0,home_win,True
Western Bulldogs,Port Adelaide,2025-05-03 13:20:00,1592.7830751455338,1560.3425058831183,0.6419732326802726,12.983197266868089,14.039511402844386,12.03273503287128,linear,12.03273503287128,90.0,home_win,True
Adelaide,Carlton,2025-05-03 16:15:00,1481.1617675636473,1500.8302647767339,0.5705204670803328,6.313850925823358,6.973658928637019,4.9536413725506865,linear,4.9536413725506865,60.0,home_win,True
Collingwood,Geelong,2025-05-03 19:35:00,1667.38826852565,1594.9380803594886,0.6930149955670014,18.10395692522312,19.086951674091242,17.468100866310376,linear,17.468100866310376,-3.0,away_win,False
West Coast,Melbourne,2025-05-03 19:35:00,1211.7625293010433,1437.4455794589373,0.2886519614391129,-20.053583722624378,-20.899877683468915,-23.033739985950586,linear,-23.033739985950586,-32.0,away_win,True
Sydney,Greater Western Sydney,2025-05-04 13:10:00,1544.4949800300144,1561.8036962198846,0.5738456734073093,6.6158750839466585,7.302483392678994,5.274221110609305,linear,5.274221110609305,14.0,home_win,True
Hawthorn,Richmond,2025-05-04 15:20:00,1613.562258227299,1292.077196944926,0.9044616962818236,49.97748550956233,39.99658590398128,51.29985627310754,linear,51.29985627310754,65.0,home_win,True
Brisbane Lions,Gold Coast,2025-05-04 19:20:00,1731.0786983344487,1509.6955812046292,0.8417863081469785,37.16561647945485,33.798714588488416,37.70085928149466,linear,37.70085928149466,17.0,home_win,True
Fremantle,Collingwood,2025-05-08 20:10:00,1506.4290573186915,1634.8165637340007,0.4153572539295429,-7.60090086819958,-8.370189057400859,-9.815996635868007,linear,-9.815996635868007,-14.0,away_win,True
St Kilda,Carlton,2025-05-09 19:40:00,1505.175947174426,1480.6447267295096,0.6314422294984723,11.970893839386179,12.998116933879674,10.958238311700036,linear,10.958238311700036,-15.0,away_win,False
Melbourne,Hawthorn,2025-05-10 13:20:00,1451.0122216465757,1618.0525585020532,0.3625379597039966,-12.548007594595331,-13.593406628559192,-15.067040752175155,linear,-15.067040752175155,-35.0,away_win,True
Essendon,Sydney,2025-05-10 16:15:00,1479.3681301559684,1564.5242333798708,0.47676624251191185,-2.0677907936142192,-2.297550017188975,-3.942946647476269,linear,-3.942946647476269,8.0,home_win,False
Gold Coast,Western Bulldogs,2025-05-10 19:35:00,1502.2595376875372,1609.6103332095608,0.44503183688295234,-4.908449816716832,-5.435715862110065,-6.9581283839263435,linear,-6.9581283839263435,10.0,home_win,False
Port Adelaide,Adelaide,2025-05-10 20:10:00,1543.5152478190912,1501.3473056108717,0.6547385673695908,14.228186355179151,15.301855427477632,13.354213017601428,linear,13.354213017601428,-5.0,away_win,False
Richmond,West Coast,2025-05-11 13:10:00,1287.5868966701719,1198.195887113405,0.7133626203402934,20.272182395330997,21.09909653148679,19.76953647854189,linear,19.76953647854189,2.0,home_win,True
Geelong,Greater Western Sydney,2025-05-11 15:20:00,1627.5097851511377,1541.7744428700282,0.7090404310659728,19.8043000704683,20.671681979768216,19.272908678703757,linear,19.272908678703757,-4.0,away_win,False
North Melbourne,Brisbane Lions,2025-05-11 16:40:00,1209.663806678943,1738.5147418515407,0.06616706187151888,-58.85549980752781,-42.90106217064831,-64.21954502871337,linear,-64.21954502871337,0.0,draw,False
Gold Coast,Hawthorn,2025-05-15 19:30:00,1528.3430413540384,1635.091842608141,0.4458878679046424,-4.831401645647081,-5.351064290378429,-6.876346573315841,linear,-6.876346573315841,8.0,home_win,False
Sydney,Carlton,2025-05-16 19:40:00,1539.9322467779307,1510.3225115159378,0.6382191934543386,12.62088387958645,13.66828032270185,11.64816205198258,linear,11.64816205198258,16.0,home_win,True
Collingwood,Adelaide,2025-05-17 13:20:00,1654.3383546686894,1532.1200182772425,0.7503989634828269,24.473693320768145,24.761562702418086,24.229177324149966,linear,24.229177324149966,10.0,home_win,True
Greater Western Sydney,Fremantle,2025-05-17 16:15:00,1575.099343130129,1486.907266384003,0.7119493280809949,20.118733126429486,20.959338265682856,19.606659685058208,linear,19.606659685058208,-34.0,away_win,False
Port Adelaide,Geelong,2025-05-17 16:15:00,1512.7425351527204,1594.184884891037,0.4821016702181109,-1.5924741184963074,-1.769937898298047,-3.438427750209826,linear,-3.438427750209826,-76.0,away_win,True
Western Bulldogs,Essendon,2025-05-17 19:35:00,1583.5268295430596,1503.9601167579085,0.7016607462611214,19.01478819967952,19.941916466853293,18.434891248891702,linear,18.434891248891702,91.0,home_win,True
Richmond,North Melbourne,2025-05-18 13:10:00,1301.058853514178,1206.5539547709816,0.7193439779357197,20.926699937879114,21.690583649023882,20.464265879158862,linear,20.464265879158862,-4.0,away_win,False
Brisbane Lions,Melbourne,2025-05-18 15:20:00,1741.6245937595022,1433.972937540488,0.897355562582421,48.206972704715305,39.293871432954354,49.42056775945304,linear,49.42056775945304,-11.0,away_win,False
West Coast,St Kilda,2025-05-18 16:40:00,1184.7239302693988,1475.4981623879978,0.21812354797894823,-28.384487835980444,-27.874322417205637,-31.876473213141097,linear,-31.876473213141097,28.0,home_win,False
Geelong,Western Bulldogs,2025-05-22 19:30:00,1616.8436633912881,1597.5487744687869,0.624399952214225,11.300705120961618,12.301717124087073,10.246874938857937,linear,10.246874938857937,14.0,home_win,True
Essendon,Richmond,2025-05-23 19:40:00,1489.9381718321813,1267.2496865511991,0.8427845105965573,37.33268821747505,33.897425270837736,37.87819547322291,linear,37.87819547322291,23.0,home_win,True
Carlton,Greater Western Sydney,2025-05-24 12:35:00,1493.3188136082917,1541.6377247103223,0.5297273774479904,2.6469356275138347,2.939693960463804,1.061440321086137,linear,1.061440321086137,-28.0,away_win,False
Hawthorn,Brisbane Lions,2025-05-24 16:15:00,1609.0485723996592,1699.4488823181284,0.4692413674355767,-2.738987441255848,-3.0416731694532007,-4.655379874088998,linear,-4.655379874088998,-33.0,away_win,True
North Melbourne,Collingwood,2025-05-24 19:35:00,1240.3631217339605,1666.0696033849965,0.11371254926827927,-45.65422543780771,-38.19936312598492,-50.207218644685874,linear,-50.207218644685874,-45.0,away_win,True
Fremantle,Port Adelaide,2025-05-24 20:10:00,1520.3688848038096,1490.0837566524692,0.6391164026168817,12.707326209108025,13.757003936515925,11.739915173744086,linear,11.739915173744086,49.0,home_win,True
Adelaide,West Coast,2025-05-25 13:10:00,1520.3887695609353,1221.4721235143882,0.8926306817932054,47.088994355206395,38.82663534580642,48.2339037234773,linear,48.2339037234773,66.0,home_win,True
Melbourne,Sydney,2025-05-25 15:20:00,1476.1486489818617,1556.9359446855767,0.4830432232085296,-1.5086349226644187,-1.6768291925525418,-3.34943769191171,linear,-3.34943769191171,53.0,home_win,False
St Kilda,Gold Coast,2025-05-25 16:40:00,1438.7499691430085,1554.3863115625202,0.4332851116364677,-5.968902164491966,-6.597331188680117,-8.083732170013585,linear,-8.083732170013585,-19.0,away_win,True
Brisbane Lions,Essendon,2025-05-29 19:30:00,1721.5032265876005,1497.327299834143,0.8439156913375557,37.523063194670904,34.00928596888699,38.08026659462455,linear,38.08026659462455,18.0,home_win,True
Collingwood,Hawthorn,2025-05-30 19:40:00,1671.4140932006057,1586.9942281301871,0.7074757399849813,19.635934491975856,20.516952120774434,19.094199156304686,linear,19.094199156304686,51.0,home_win,True
Gold Coast,Fremantle,2025-05-31 13:20:00,1574.750711809434,1537.3304138808162,0.6485346897862719,13.6205438440697,14.688363655623666,12.709238528622889,linear,12.709238528622889,-11.0,away_win,False
Greater Western Sydney,Richmond,2025-05-31 16:15:00,1566.5349114503779,1259.8605585492373,0.8968362177321524,48.081889398718715,39.242514231250176,49.28779965997034,linear,49.28779965997034,3.0,home_win,True
Sydney,Adelaide,2025-05-31 19:35:00,1532.6389761763776,1525.4351275166546,0.607940789244111,9.753194474730876,10.67409618570509,8.604289257321025,linear,8.604289257321025,-90.0,away_win,False
Melbourne,St Kilda,2025-06-01 15:20:00,1500.4456174910608,1418.3855688960946,0.7046565365857788,19.33390579638419,20.238165496543818,18.77361460200743,linear,18.77361460200743,-28.0,away_win,False
West Coast,Geelong,2025-06-01 19:20:00,1216.425765558669,1634.4968656372196,0.11821796911209805,-44.67698658865511,-37.75382918921569,-49.169940778475755,linear,-49.169940778475755,-43.0,away_win,True
Western Bulldogs,Hawthorn,2025-06-05 19:30:00,1579.8955722228554,1573.2455879094812,0.6071806009633243,9.68230636635356,10.598922353040104,8.529045967657444,linear,8.529045967657444,-22.0,away_win,False
Adelaide,Brisbane Lions,2025-06-06 19:40:00,1554.0083446111278,1728.8391890947353,0.35223912924981277,-13.545100750523893,-14.611841898840716,-16.125392722209035,linear,-16.125392722209035,5.0,home_win,False
Richmond,Sydney,2025-06-07 13:20:00,1255.0118607826485,1504.0657590819044,0.2618309966775361,-23.04477683125514,-23.552161029396895,-26.20870423121509,linear,-26.20870423121509,-44.0,away_win,True
Geelong,Gold Coast,2025-06-07 16:15:00,1640.053110185488,1544.2695813894793,0.7208275513466056,21.09034951445103,21.837291908220852,20.637969660726597,linear,20.637969660726597,24.0,home_win,True
Greater Western Sydney,Port Adelaide,2025-06-07 19:35:00,1571.3836092169668,1473.1222275754626,0.7236888421991412,21.407485474208073,22.120240495025904,20.974589630266834,linear,20.974589630266834,-16.0,away_win,False
North Melbourne,West Coast,2025-06-08 15:20:00,1235.0186319183513,1210.8695210104004,0.6309301844435893,11.92198832227357,12.947481597548425,10.906328166620913,linear,10.906328166620913,10.0,home_win,True
Carlton,Essendon,2025-06-08 19:20:00,1468.4216268682362,1489.9913373270083,0.5678367841288318,6.070518038452985,6.708273709973523,4.695358744502121,linear,4.695358744502121,8.0,home_win,True
Melbourne,Collingwood,2025-06-09 15:20:00,1467.3267602715293,1685.1627334213117,0.29801489179593527,-19.04925035279612,-19.97399211316091,-21.967702982077437,linear,-21.967702982077437,-1.0,away_win,True
St Kilda,Western Bulldogs,2025-06-12 19:30:00,1451.504426115626,1551.358083977579,0.45571437022076977,-3.9489045589830827,-4.37933681250917,-5.939631157442583,linear,-5.939631157442583,-72.0,away_win,True
Hawthorn,Adelaide,2025-06-13 19:40:00,1601.7830761547575,1584.4531055363866,0.6217435393260038,11.049218736950792,12.039028599421071,9.979937884509503,linear,9.979937884509503,3.0,home_win,True
Brisbane Lions,Greater Western Sydney,2025-06-14 13:20:00,1698.3944281694764,1537.370233633607,0.7898672971218051,29.44038578969347,28.664524617947517,29.50101048014463,linear,29.50101048014463,-11.0,away_win,False
Essendon,Geelong,2025-06-14 16:15:00,1469.6796661810633,1653.1742152721977,0.3409454970262991,-14.65395282814202,-15.728651563509162,-17.30236979184944,linear,-17.30236979184944,-95.0,away_win,True
North Melbourne,Fremantle,2025-06-14 19:35:00,1252.3649132495025,1567.811544300771,0.19487160634921155,-31.542264105562136,-30.17367063578234,-35.22825505615824,linear,-35.22825505615824,-6.0,away_win,True
Port Adelaide,Melbourne,2025-06-15 15:20:00,1507.1356031588223,1453.3200603571204,0.6697341917396807,15.718941950208139,16.78474931784055,14.93655676498043,linear,14.93655676498043,25.0,home_win,True
West Coast,Carlton,2025-06-15 18:10:00,1193.5232396792492,1488.7332980141812,0.21380007461135048,-28.952221310141205,-28.301863950904313,-32.47908675758234,linear,-32.47908675758234,-34.0,away_win,True
Fremantle,Essendon,2025-06-19 20:10:00,1576.970509799184,1453.6552278208273,0.751579805530164,24.614089427073765,24.878334329545034,24.378199002626197,linear,24.378199002626197,41.0,home_win,True
Geelong,Brisbane Lions,2025-06-20 19:40:00,1669.1986536324337,1661.2706652047516,0.6089338939617766,9.845875830174332,10.772302761301514,8.702664714554652,linear,8.702664714554652,-41.0,away_win,False
Carlton,North Melbourne,2025-06-21 13:20:00,1498.7819015209147,1243.2059477510895,0.8662741223781973,41.54189656580358,36.22027631980555,42.34600665139504,linear,42.34600665139504,-11.0,away_win,False
Port Adelaide,Sydney,2025-06-21 16:15:00,1522.6580961470572,1516.3718159257485,0.6066811279747416,9.635756529257925,10.549530248724137,8.479636229457967,linear,8.479636229457967,-19.0,away_win,False
Collingwood,St Kilda,2025-06-21 19:35:00,1699.1694333357207,1430.08585071525,0.8750279311271641,43.27071385508654,37.085926804965744,44.18103798529012,linear,44.18103798529012,34.0,home_win,True
Greater Western Sydney,Gold Coast,2025-06-22 13:10:00,1574.493996598332,1531.1484763027697,0.6562693179777896,14.378902471189512,15.453228966087668,13.514188740378174,linear,13.514188740378174,7.0,home_win,True
Western Bulldogs,Richmond,2025-06-22 15:20:00,1572.7766593779552,1242.7058039388044,0.9086479089330564,51.07636596775265,40.41055393966072,52.46624909291823,linear,52.46624909291823,79.0,home_win,True
Port Adelaide,Carlton,2025-06-26 19:30:00,1494.1440831322443,1458.0670177691395,0.6467701985758724,13.448625907290152,14.513875873659781,12.526758400268832,linear,12.526758400268832,50.0,home_win,True
Sydney,Western Bulldogs,2025-06-27 19:40:00,1544.8858289405614,1577.0702076581015,0.5527845247823896,4.711965607921536,5.219779275189058,3.253340380723192,linear,3.253340380723192,-9.0,away_win,False
Gold Coast,Melbourne,2025-06-28 13:20:00,1514.993134247726,1437.7975673688854,0.6987956325641598,18.71130947046892,19.658589844929246,18.112767574675622,linear,18.112767574675622,19.0,home_win,True
Hawthorn,North Melbourne,2025-06-28 16:15:00,1619.5611298064352,1283.9208315028648,0.9112744969313145,51.789189011837266,40.670293127505836,53.22286613366999,linear,53.22286613366999,85.0,home_win,True
Collingwood,West Coast,2025-06-28 19:35:00,1705.0431205727439,1183.4746361725156,0.9676915777488417,75.58580544563574,46.24929019969778,78.4814848826845,linear,78.4814848826845,29.0,home_win,True
Richmond,Adelaide,2025-06-29 15:20:00,1238.412255658658,1566.6750518847089,0.18355628506820434,-33.18258219406299,-31.292625097496323,-36.969350028202626,linear,-36.969350028202626,-68.0,away_win,True
Fremantle,St Kilda,2025-06-29 17:10:00,1588.646258939266,1424.2121634782268,0.7931067176444285,29.87681291834485,28.98486585768248,29.964250558203606,linear,29.964250558203606,12.0,home_win,True
North Melbourne,Western Bulldogs,2025-07-03 19:30:00,1279.7507328586366,1603.0510803228738,0.1878760601281198,-32.547447240958746,-30.865449283672415,-36.295194032989464,linear,-36.295194032989464,-49.0,away_win,True
Carlton,Collingwood,2025-07-04 19:20:00,1441.4652171022055,1706.5616164185483,0.24437863330518697,-25.098027881335167,-25.277998005473062,-28.388101693634358,linear,-28.388101693634358,-56.0,away_win,True
West Coast,Greater Western Sydney,2025-07-04 20:20:00,1181.9561403267112,1590.6493386533757,0.12396234373952243,-43.476725694228556,-37.185776947526186,-47.895938971705775,linear,-47.895938971705775,-59.0,away_win,True
Essendon,Gold Coast,2025-07-05 12:35:00,1441.9794786807452,1529.1497395172105,0.47387470678010646,-2.3255792287601325,-2.583489472901986,-4.216572934615458,linear,-4.216572934615458,-41.0,away_win,True
Geelong,Richmond,2025-07-05 16:15:00,1640.57876061623,1229.7851102604525,0.940582706733568,61.407932302168014,43.56853625367555,63.43256003242248,linear,63.43256003242248,72.0,home_win,True
Brisbane Lions,Port Adelaide,2025-07-05 19:35:00,1689.8905582209552,1510.7458837991783,0.8066574425023132,31.759593643510392,30.324875890330794,31.962704441647503,linear,31.962704441647503,28.0,home_win,True
St Kilda,Hawthorn,2025-07-05 19:40:00,1414.488179207515,1623.7312284506634,0.30846531853181136,-17.94945737065685,-18.94056572317839,-20.80034157521615,linear,-20.80034157521615,-20.0,away_win,True
Sydney,Fremantle,2025-07-06 13:10:00,1518.9049562757891,1598.3702432099778,0.48494379469667015,-1.3394333816232964,-1.4888846443026535,-3.169840847595921,linear,-3.169840847595921,11.0,home_win,False
Adelaide,Melbourne,2025-07-06 15:20:00,1575.3021972829144,1423.640962099401,0.7807818055218869,28.242037346292708,27.76607453331249,28.229038620424937,linear,28.229038620424937,13.0,home_win,True
Carlton,Brisbane Lions,2025-07-10 19:30:00,1429.9794213368618,1698.9776584233464,0.24025492571357376,-25.597417128077467,-25.68578501335806,-28.918172118810674,linear,-28.918172118810674,,,
Gold Coast,Collingwood,2025-07-11 19:40:00,1551.4218507358755,1718.047412183892,0.36308993401674455,-12.494921231065744,-13.538822750235072,-15.010692900332614,linear,-15.010692900332614,,,
Western Bulldogs,Adelaide,2025-07-12 13:20:00,1611.8812551488954,1585.6054524233857,0.6337762776061597,12.194179809308439,13.228927308511782,11.195242391753196,linear,11.195242391753196,,,
Greater Western Sydney,Geelong,2025-07-12 16:15:00,1596.4755688091332,1643.3713733997524,0.5317676446119799,2.829076487958153,3.141452796076062,1.2547714429865677,linear,1.2547714429865677,,,
Richmond,Essendon,2025-07-12 19:35:00,1226.99249747693,1419.7073674620801,0.3291217264363927,-15.83404523004048,-16.897885783845915,-18.554964006286845,linear,-18.554964006286845,,,
Fremantle,Hawthorn,2025-07-12 20:10:00,1574.1626015607214,1638.2290984216586,0.5070994045878161,0.6314302545510058,0.7020490396842217,-1.0778924678372575,linear,-1.0778924678372575,,,
Melbourne,North Melbourne,2025-07-13 13:10:00,1413.3377069589296,1270.920558032615,0.7715378075248719,27.05890325801009,26.8519499984487,26.973215846291023,linear,26.973215846291023,,,
St Kilda,Sydney,2025-07-13 15:20:00,1399.9903092365198,1543.1125979250455,0.3949188710351069,-9.486779332097367,-10.391308843750595,-11.817738575067207,linear,-11.817738575067207,,,
Port Adelaide,West Coast,2025-07-13 16:40:00,1501.658783596787,1176.1299101709537,0.906454319372155,50.495045802751214,40.19363329150735,51.84921412663493,linear,51.84921412663493,,,
Essendon,Greater Western Sydney,2025-07-17 19:30:00,1419.7073674620801,1596.4755688091332,0.34969875288610786,-13.793059594971679,-14.863055752694923,-16.388585514124497,linear,-16.388585514124497,,,
Brisbane Lions,Western Bulldogs,2025-07-18 19:40:00,1698.9776584233464,1611.8812551488954,0.7106541355358106,19.978499835880488,20.83125869629005,19.457810825315857,linear,19.457810825315857,,,
Hawthorn,Port Adelaide,2025-07-19 13:20:00,1638.2290984216586,1501.658783596787,0.765551018023411,26.310577404974747,26.25992572820139,26.178914796205405,linear,26.178914796205405,,,
Sydney,North Melbourne,2025-07-19 16:15:00,1543.1125979250455,1270.920558032615,0.8769715866825337,43.66855974900187,37.27813186938282,44.603326497744156,linear,44.603326497744156,,,
Carlton,Melbourne,2025-07-19 19:35:00,1429.9794213368618,1413.3377069589296,0.6208113321323916,10.96113005009955,11.946844084935822,9.886437257499493,linear,9.886437257499493,,,
West Coast,Richmond,2025-07-19 20:10:00,1176.1299101709537,1226.99249747693,0.5260781497693634,2.3213750536823325,2.5788275306556057,0.7158781510609553,linear,0.7158781510609553,,,
Geelong,St Kilda,2025-07-20 13:10:00,1643.3713733997524,1399.9903092365198,0.8579308942755346,39.98109442755363,35.39522751396723,40.6893128830865,linear,40.6893128830865,,,
Collingwood,Fremantle,2025-07-20 15:20:00,1718.047412183892,1574.1626015607214,0.7730235907816064,27.246746657055038,26.998876785852747,27.17259985595453,linear,27.17259985595453,,,
Adelaide,Gold Coast,2025-07-20 16:40:00,1585.6054524233857,1551.4218507358755,0.6442761148816276,13.206284873553443,14.267239829639752,12.269528562765398,linear,12.269528562765398,,,
Hawthorn,Carlton,2025-07-24 19:30:00,1638.2290984216586,1429.9794213368618,0.8314554249076234,35.48469094702793,32.77710966830592,35.91666204962464,linear,35.91666204962464,,,
Essendon,Western Bulldogs,2025-07-25 19:20:00,1419.7073674620801,1611.8812551488954,0.3298096969861333,-15.76480587197858,-16.82985344989423,-18.48147076187635,linear,-18.48147076187635,,,
Greater Western Sydney,Sydney,2025-07-25 19:50:00,1596.4755688091332,1543.1125979250455,0.6691576892005465,15.66101807885613,16.72773988149017,14.875074201397595,linear,14.875074201397595,,,
Gold Coast,Brisbane Lions,2025-07-26 13:20:00,1551.4218507358755,1698.9776584233464,0.3888369732247903,-10.054217509625806,-10.992738226225583,-12.42003868061791,linear,-12.42003868061791,,,
Fremantle,West Coast,2025-07-26 16:15:00,1574.1626015607214,1176.1299101709537,0.9363420293819641,59.77467995771868,43.14918228877919,61.6989649053948,linear,61.6989649053948,,,
North Melbourne,Geelong,2025-07-26 19:35:00,1270.920558032615,1643.3713733997524,0.14845084788566584,-38.83812783534157,-34.7641469915989,-42.972357706546916,linear,-42.972357706546916,,,
Adelaide,Port Adelaide,2025-07-26 20:10:00,1585.6054524233857,1501.658783596787,0.7069116924962382,19.575370949951925,20.461174344918703,19.029914747538925,linear,19.029914747538925,,,
Richmond,Collingwood,2025-07-27 14:10:00,1226.99249747693,1718.047412183892,0.08094743037210778,-54.018054659339484,-41.439454597271606,-59.08489981319375,linear,-59.08489981319375,,,
St Kilda,Melbourne,2025-07-27 15:20:00,1399.9903092365198,1413.3377069589296,0.5794125037067459,7.12287715889441,7.852978552866325,5.812372076385929,linear,5.812372076385929,,,
Western Bulldogs,Greater Western Sydney,2025-07-31 19:30:00,1611.8812551488954,1596.4755688091332,0.6191349591694799,10.802933029286043,11.781070178940311,9.718521022555985,linear,9.718521022555985,,,
Adelaide,Hawthorn,2025-08-01 19:40:00,1585.6054524233857,1638.2290984216586,0.5235500300745468,2.09598029725632,2.328825719658843,0.47663572613765304,linear,0.47663572613765304,,,
Melbourne,West Coast,2025-08-02 13:20:00,1413.3377069589296,1176.1299101709537,0.8535442149260597,39.190988962877626,34.96143563936598,39.85066539052033,linear,39.85066539052033,,,
Gold Coast,Richmond,2025-08-02 16:10:00,1551.4218507358755,1226.99249747693,0.9059162406648842,50.35432018055288,40.14042352792206,51.699842687665274,linear,51.699842687665274,,,
Sydney,Essendon,2025-08-02 16:15:00,1543.1125979250455,1419.7073674620801,0.7516764673504154,24.625601772952972,24.887893066090076,24.390418637139305,linear,24.390418637139305,,,
Collingwood,Brisbane Lions,2025-08-02 19:35:00,1718.047412183892,1698.9776584233464,0.6240959634804994,11.271890473719079,12.27165615264264,10.216289994518839,linear,10.216289994518839,,,
St Kilda,North Melbourne,2025-08-03 13:40:00,1399.9903092365198,1270.920558032615,0.7577128952006376,25.35059366462536,25.484825995176063,25.15995214787282,linear,25.15995214787282,,,
Geelong,Port Adelaide,2025-08-03 15:20:00,1643.3713733997524,1501.658783596787,0.7708221213187656,26.96872799429531,26.7811769064947,26.8775004485537,linear,26.8775004485537,,,
Fremantle,Carlton,2025-08-03 17:10:00,1574.1626015607214,1429.9794213368618,0.7733248081607793,27.28493444929979,27.02866370237071,27.21313380698325,linear,27.21313380698325,,,
Hawthorn,Collingwood,2025-08-07 19:30:00,1638.2290984216586,1718.047412183892,0.48443622463148095,-1.3846166547686192,-1.5390774558871743,-3.21780006370487,linear,-3.21780006370487,,,
Geelong,Essendon,2025-08-08 19:40:00,1643.3713733997524,1419.7073674620801,0.8435271324506637,37.45754336385095,33.97086198698413,38.010721395550334,linear,38.010721395550334,,,
Richmond,St Kilda,2025-08-09 13:20:00,1226.99249747693,1399.9903092365198,0.3546504325660007,-13.310494166337802,-14.373391877211807,-15.876372518750674,linear,-15.876372518750674,,,
Brisbane Lions,Sydney,2025-08-09 16:15:00,1698.9776584233464,1543.1125979250455,0.784895619746139,28.780077439464378,28.17288320153968,28.80013449966117,linear,28.80013449966117,,,
Carlton,Gold Coast,2025-08-09 19:35:00,1429.9794213368618,1551.4218507358755,0.4250972596153323,-6.71201286617252,-7.40701509631087,-8.872497663388629,linear,-8.872497663388629,,,
Port Adelaide,Fremantle,2025-08-09 20:10:00,1501.658783596787,1574.1626015607214,0.49495777155300685,-0.4484474026883294,-0.4986181017426608,-2.224115003955743,linear,-2.224115003955743,,,
Greater Western Sydney,North Melbourne,2025-08-10 13:40:00,1596.4755688091332,1270.920558032615,0.9064670767190549,50.49839107557886,40.19489484563195,51.85276492433762,linear,51.85276492433762,,,
Melbourne,Western Bulldogs,2025-08-10 15:20:00,1413.3377069589296,1611.8812551488954,0.3217562189915773,-16.580047342296528,-17.626249319753413,-19.34679855099431,linear,-19.34679855099431,,,
West Coast,Adelaide,2025-08-10 17:10:00,1176.1299101709537,1585.6054524233857,0.12347410708837364,-43.57685649586571,-37.23405790796981,-48.002221549761444,linear,-48.002221549761444,,,
Essendon,St Kilda,2025-08-15 19:20:00,1419.7073674620801,1399.9903092365198,0.6249697219279446,11.354737815981819,12.358060761840095,10.304227262340305,linear,10.304227262340305,,,
Fremantle,Brisbane Lions,2025-08-15 20:20:00,1574.1626015607214,1698.9776584233464,0.42035961975772346,-7.143669431056817,-7.87551290781919,-9.330674086631559,linear,-9.330674086631559,,,
Gold Coast,Greater Western Sydney,2025-08-16 12:35:00,1551.4218507358755,1596.4755688091332,0.5344070050991839,3.0648418509824427,3.4024550354190763,1.5050216176456614,linear,1.5050216176456614,,,
Carlton,Port Adelaide,2025-08-16 13:20:00,1429.9794213368618,1501.658783596787,0.4961441641890691,-0.34292678977403795,-0.3812975855594659,-2.1121114786151036,linear,-2.1121114786151036,,,
Hawthorn,Melbourne,2025-08-16 16:15:00,1638.2290984216586,1413.3377069589296,0.8444574263370705,37.61463424484833,34.062857297505936,38.177463532320004,linear,38.177463532320004,,,
Adelaide,Collingwood,2025-08-16 19:35:00,1585.6054524233857,1718.047412183892,0.4097010691181555,-8.11982310979144,-8.92952034581987,-10.366800112371351,linear,-10.366800112371351,,,
North Melbourne,Richmond,2025-08-17 13:10:00,1270.920558032615,1226.99249747693,0.6570253742366919,14.453460758549864,15.527994189557328,13.593327695290261,linear,13.593327695290261,,,
Sydney,Geelong,2025-08-17 15:20:00,1543.1125979250455,1643.3713733997524,0.4551359927506258,-4.000754838618837,-4.43653165786091,-5.994666983606893,linear,-5.994666983606893,,,
Western Bulldogs,West Coast,2025-08-17 16:40:00,1611.8812551488954,1176.1299101709537,0.948121701376232,64.60222305745329,44.3140556678177,66.82309971631878,linear,66.82309971631878,,,
Brisbane Lions,Hawthorn,2025-08-23 00:00:00,1698.9776584233464,1638.2290984216586,0.6785012683924954,16.606286437886965,17.651711845305098,15.878417393598436,linear,15.878417393598436,,,
Collingwood,Melbourne,2025-08-23 00:00:00,1718.047412183892,1413.3377069589296,0.8957851526308277,47.8304376518961,39.13857604377218,49.02089937082901,linear,49.02089937082901,,,
Essendon,Carlton,2025-08-23 00:00:00,1419.7073674620801,1429.9794213368618,0.5837204685339609,7.51648492477668,8.278986471210647,6.23016208122674,linear,6.23016208122674,,,
Gold Coast,Essendon,2025-08-23 00:00:00,1551.4218507358755,1419.7073674620801,0.7604968577085857,25.689088198233264,25.760127702670815,25.519242906574295,linear,25.519242906574295,,,
Greater Western Sydney,St Kilda,2025-08-23 00:00:00,1596.4755688091332,1399.9903092365198,0.8217510032921528,33.97898416323264,31.817454560393877,34.318448551268936,linear,34.318448551268936,,,
North Melbourne,Adelaide,2025-08-23 00:00:00,1270.920558032615,1585.6054524233857,0.19556050450767898,-31.44477079099818,-30.105546572051374,-35.12477200553214,linear,-35.12477200553214,,,
Richmond,Geelong,2025-08-23 00:00:00,1226.99249747693,1643.3713733997524,0.11923720109227753,-44.46040184161229,-37.65303892940595,-48.94004962703305,linear,-48.94004962703305,,,
Western Bulldogs,Fremantle,2025-08-23 00:00:00,1611.8812551488954,1574.1626015607214,0.6489260663109109,13.658729852013753,14.727066269325844,12.749770585728108,linear,12.749770585728108,,,
Port Adelaide,Gold Coast,2025-08-23 00:30:00,1501.658783596787,1551.4218507358755,0.527655916397529,2.4621006758806594,2.7348504101024833,0.8652495900306088,linear,0.8652495900306088,,,
West Coast,Sydney,2025-08-23 02:00:00,1176.1299101709537,1543.1125979250455,0.15247415385087493,-38.13827194931112,-34.36628854385269,-42.229504492365194,linear,-42.229504492365194,,,
