event,date,year,round,team,opponent,rating_before,rating_after,rating_change,margin_error,match_id,score,opponent_score,result
match,2025-03-07T19:40:00,2025,OR,Sydney,Hawthorn,1540.62563428829,1532.8529635281518,-7.77267076013824,14.62205319147996,1.0,76.0,96.0,loss
match,2025-03-07T19:40:00,2025,OR,Hawthorn,Sydney,1604.3154769615026,1612.0881477216408,7.77267076013824,-14.62205319147996,1.0,96.0,76.0,win
match,2025-03-09T15:20:00,2025,OR,Greater Western Sydney,Collingwood,1542.0995371429015,1564.2146975329342,22.115160390032678,-41.60333835565901,2.0,104.0,52.0,win
match,2025-03-09T15:20:00,2025,OR,Collingwood,Greater Western Sydney,1518.7030511720684,1496.5878907820356,-22.115160390032678,41.60333835565901,2.0,52.0,104.0,loss
match,2025-03-13T19:30:00,2025,1,Richmond,Carlton,1360.0489890023937,1378.769730227712,18.72074122531823,-35.21771118678728,3.0,82.0,69.0,win
match,2025-03-13T19:30:00,2025,1,Carlton,Richmond,1516.7055293477815,1497.9847881224632,-18.72074122531823,35.21771118678728,3.0,69.0,82.0,loss
match,2025-03-14T19:40:00,2025,1,Hawthorn,Essendon,1612.0881477216408,1607.6804349128413,-4.407712808799501,8.291848855037259,4.0,111.0,85.0,win
match,2025-03-14T19:40:00,2025,1,Essendon,Hawthorn,1456.7743382457497,1461.1820510545492,4.407712808799501,-8.291848855037259,4.0,85.0,111.0,loss
match,2025-03-15T13:20:00,2025,1,Geelong,Fremantle,1560.6557859993563,1595.162857234383,34.50707123502657,-64.91516837023117,5.0,147.0,69.0,win
match,2025-03-15T13:20:00,2025,1,Fremantle,Geelong,1522.4188140981375,1487.911742863111,-34.50707123502657,64.91516837023117,5.0,69.0,147.0,loss
match,2025-03-15T16:15:00,2025,1,Sydney,Brisbane Lions,1532.8529635281518,1534.1192114470848,1.266247918932987,-2.3820826837530475,6.0,82.0,86.0,loss
match,2025-03-15T16:15:00,2025,1,Brisbane Lions,Sydney,1602.086303974709,1600.820056055776,-1.266247918932987,2.3820826837530475,6.0,86.0,82.0,win
match,2025-03-15T19:35:00,2025,1,Collingwood,Port Adelaide,1496.5878907820356,1544.1365429583325,47.5486521762969,-89.44916654267588,7.0,136.0,45.0,win
match,2025-03-15T19:35:00,2025,1,Port Adelaide,Collingwood,1522.0262588061742,1474.4776066298773,-47.5486521762969,89.44916654267588,7.0,45.0,136.0,loss
match,2025-03-15T19:35:00,2025,1,Western Bulldogs,North Melbourne,1569.193344304212,1555.4829497744292,-13.71039452978277,25.792179326413923,8.0,113.0,97.0,win
match,2025-03-15T19:35:00,2025,1,North Melbourne,Western Bulldogs,1372.4727229685443,1386.183117498327,13.71039452978277,-25.792179326413923,8.0,97.0,113.0,loss
match,2025-03-16T12:35:00,2025,1,Adelaide,St Kilda,1505.801533110231,1536.3437276162538,30.542194506022614,-57.456388728299466,9.0,135.0,72.0,win
match,2025-03-16T12:35:00,2025,1,St Kilda,Adelaide,1509.1971124347633,1478.6549179287406,-30.542194506022614,57.456388728299466,9.0,72.0,135.0,loss
match,2025-03-16T15:20:00,2025,1,Melbourne,Greater Western Sydney,1485.7915588348385,1488.4742424657645,2.6826836309260096,-5.046700671856973,10.0,74.0,77.0,loss
match,2025-03-16T15:20:00,2025,1,Greater Western Sydney,Melbourne,1564.2146975329342,1561.5320139020082,-2.6826836309260096,5.046700671856973,10.0,77.0,74.0,win
match,2025-03-16T18:10:00,2025,1,West Coast,Gold Coast,1356.7525541439263,1316.637364194812,-40.115189949114196,75.4652370238615,11.0,49.0,136.0,loss
match,2025-03-16T18:10:00,2025,1,Gold Coast,West Coast,1454.4321162942615,1494.5473062433757,40.115189949114196,-75.4652370238615,11.0,136.0,49.0,win
match,2025-03-20T19:30:00,2025,2,Carlton,Hawthorn,1497.9847881224632,1494.6419074262308,-3.342880696232333,6.2886723060184515,12.0,60.0,80.0,loss
match,2025-03-20T19:30:00,2025,2,Hawthorn,Carlton,1607.6804349128413,1611.0233156090737,3.342880696232333,-6.2886723060184515,12.0,80.0,60.0,win
match,2025-03-21T19:40:00,2025,2,Western Bulldogs,Collingwood,1555.4829497744292,1547.9272208707073,-7.555728903722003,14.213939241736357,13.0,70.0,76.0,loss
match,2025-03-21T19:40:00,2025,2,Collingwood,Western Bulldogs,1544.1365429583325,1551.6922718620544,7.555728903722003,-14.213939241736357,13.0,76.0,70.0,win
match,2025-03-22T13:20:00,2025,2,Essendon,Adelaide,1461.1820510545492,1432.7195332961905,-28.462517758358686,53.54407274788025,14.0,100.0,161.0,loss
match,2025-03-22T13:20:00,2025,2,Adelaide,Essendon,1536.3437276162538,1564.8062453746124,28.462517758358686,-53.54407274788025,14.0,161.0,100.0,win
match,2025-03-22T16:15:00,2025,2,Port Adelaide,Richmond,1474.4776066298773,1500.2615097563935,25.7839031265161,-48.50502673204436,15.0,140.0,68.0,win
match,2025-03-22T16:15:00,2025,2,Richmond,Port Adelaide,1378.769730227712,1352.9858271011958,-25.7839031265161,48.50502673204436,15.0,68.0,140.0,loss
match,2025-03-22T19:35:00,2025,2,St Kilda,Geelong,1478.6549179287406,1490.3204146745097,11.665496745769188,-21.945290002048115,16.0,98.0,91.0,win
match,2025-03-22T19:35:00,2025,2,Geelong,St Kilda,1595.162857234383,1583.4973604886138,-11.665496745769188,21.945290002048115,16.0,91.0,98.0,loss
match,2025-03-23T13:10:00,2025,2,Brisbane Lions,West Coast,1600.820056055776,1580.282860946612,-20.537195109163992,38.634848761387275,17.0,94.0,75.0,win
match,2025-03-23T13:10:00,2025,2,West Coast,Brisbane Lions,1316.637364194812,1337.1745593039761,20.537195109163992,-38.634848761387275,17.0,75.0,94.0,loss
match,2025-03-23T15:20:00,2025,2,North Melbourne,Melbourne,1386.183117498327,1424.121443085566,37.938325587239014,-71.37009039122452,18.0,125.0,66.0,win
match,2025-03-23T15:20:00,2025,2,Melbourne,North Melbourne,1488.4742424657645,1450.5359168785255,-37.938325587239014,71.37009039122452,18.0,66.0,125.0,loss
match,2025-03-23T18:10:00,2025,2,Fremantle,Sydney,1487.911742863111,1487.492455816377,-0.4192870467337771,0.7887684541176672,19.0,65.0,68.0,loss
match,2025-03-23T18:10:00,2025,2,Sydney,Fremantle,1534.1192114470848,1534.5384984938187,0.4192870467337771,-0.7887684541176672,19.0,68.0,65.0,win
match,2025-03-27T19:30:00,2025,3,Essendon,Port Adelaide,1432.7195332961905,1442.3280721675012,9.608538871310737,-18.075713072685147,20.0,72.0,60.0,win
match,2025-03-27T19:30:00,2025,3,Port Adelaide,Essendon,1500.2615097563935,1490.6529708850828,-9.608538871310737,18.075713072685147,20.0,60.0,72.0,loss
match,2025-03-28T19:40:00,2025,3,Carlton,Western Bulldogs,1494.6419074262308,1492.2462704484267,-2.395636977804093,4.506704631897303,21.0,75.0,83.0,loss
match,2025-03-28T19:40:00,2025,3,Western Bulldogs,Carlton,1547.9272208707073,1550.3228578485114,2.395636977804093,-4.506704631897303,21.0,83.0,75.0,win
match,2025-03-29T13:20:00,2025,3,Melbourne,Gold Coast,1450.5359168785255,1420.668726966883,-29.86718991164247,56.18656097049228,22.0,62.0,120.0,loss
match,2025-03-29T13:20:00,2025,3,Gold Coast,Melbourne,1494.5473062433757,1524.4144961550182,29.86718991164247,-56.18656097049228,22.0,120.0,62.0,win
match,2025-03-29T16:15:00,2025,3,St Kilda,Richmond,1490.3204146745097,1517.4118979831524,27.091483308642577,-50.964864227443215,23.0,135.0,53.0,win
match,2025-03-29T16:15:00,2025,3,Richmond,St Kilda,1352.9858271011958,1325.8943437925532,-27.091483308642577,50.964864227443215,23.0,53.0,135.0,loss
match,2025-03-29T19:35:00,2025,3,Brisbane Lions,Geelong,1580.282860946612,1582.1027438919127,1.8198829453008099,-3.4235883713132313,24.0,70.0,61.0,win
match,2025-03-29T19:35:00,2025,3,Geelong,Brisbane Lions,1583.4973604886138,1581.677477543313,-1.8198829453008099,3.4235883713132313,24.0,61.0,70.0,loss
match,2025-03-29T19:35:00,2025,3,Hawthorn,Greater Western Sydney,1611.0233156090737,1609.3629969368585,-1.6603186722152936,3.1234139061240285,25.0,76.0,64.0,win
match,2025-03-29T19:35:00,2025,3,Greater Western Sydney,Hawthorn,1561.5320139020082,1563.1923325742234,1.6603186722152936,-3.1234139061240285,25.0,64.0,76.0,loss
match,2025-03-30T15:20:00,2025,3,Adelaide,North Melbourne,1564.8062453746124,1567.1228428106392,2.316597436026734,-4.3580143786029275,26.0,114.0,78.0,win
match,2025-03-30T15:20:00,2025,3,North Melbourne,Adelaide,1424.121443085566,1421.8048456495392,-2.316597436026734,4.3580143786029275,26.0,78.0,114.0,loss
match,2025-03-30T18:10:00,2025,3,West Coast,Fremantle,1337.1745593039761,1328.174807013393,-8.999752290583086,16.930455536329575,27.0,68.0,106.0,loss
match,2025-03-30T18:10:00,2025,3,Fremantle,West Coast,1487.492455816377,1496.49220810696,8.999752290583086,-16.930455536329575,27.0,106.0,68.0,win
match,2025-04-03T19:30:00,2025,4,Collingwood,Carlton,1551.6922718620544,1551.73129757222,0.03902571016558197,-0.07341569294339578,28.0,63.0,46.0,win
match,2025-04-03T19:30:00,2025,4,Carlton,Collingwood,1492.2462704484267,1492.2072447382611,-0.03902571016558197,0.07341569294339578,28.0,46.0,63.0,loss
match,2025-04-04T19:40:00,2025,4,Geelong,Melbourne,1581.677477543313,1583.6318453928136,1.9543678495006955,-3.676583189097954,29.0,85.0,46.0,win
match,2025-04-04T19:40:00,2025,4,Melbourne,Geelong,1420.668726966883,1418.7143591173824,-1.9543678495006955,3.676583189097954,29.0,46.0,85.0,loss
match,2025-04-05T13:20:00,2025,4,Gold Coast,Adelaide,1524.4144961550182,1525.7845740315865,1.3700778765682566,-2.577409002114308,30.0,91.0,90.0,win
match,2025-04-05T13:20:00,2025,4,Adelaide,Gold Coast,1567.1228428106392,1565.752764934071,-1.3700778765682566,2.577409002114308,30.0,90.0,91.0,loss
match,2025-04-05T16:15:00,2025,4,Richmond,Brisbane Lions,1325.8943437925532,1332.4062553802821,6.511911587728938,-12.250296011804025,31.0,90.0,118.0,loss
match,2025-04-05T16:15:00,2025,4,Brisbane Lions,Richmond,1582.1027438919127,1575.5908323041838,-6.511911587728938,12.250296011804025,31.0,118.0,90.0,win
match,2025-04-05T19:35:00,2025,4,North Melbourne,Sydney,1421.8048456495392,1394.8337575233404,-26.971088126198765,50.73837518448521,32.0,52.0,117.0,loss
match,2025-04-05T19:35:00,2025,4,Sydney,North Melbourne,1534.5384984938187,1561.5095866200174,26.971088126198765,-50.73837518448521,32.0,117.0,52.0,win
match,2025-04-06T13:10:00,2025,4,Greater Western Sydney,West Coast,1563.1923325742234,1580.346585052763,17.154252478539505,-32.270811403417845,33.0,132.0,51.0,win
match,2025-04-06T13:10:00,2025,4,West Coast,Greater Western Sydney,1328.174807013393,1311.0205545348535,-17.154252478539505,32.270811403417845,33.0,51.0,132.0,loss
match,2025-04-06T15:20:00,2025,4,Port Adelaide,St Kilda,1490.6529708850828,1480.9190249376597,-9.73394594742314,18.311630557690126,34.0,72.0,89.0,loss
match,2025-04-06T15:20:00,2025,4,St Kilda,Port Adelaide,1517.4118979831524,1527.1458439305754,9.73394594742314,-18.311630557690126,34.0,89.0,72.0,win
match,2025-04-06T17:10:00,2025,4,Fremantle,Western Bulldogs,1496.49220810696,1506.9068028565787,10.414594749618624,-19.592076275455547,35.0,97.0,81.0,win
match,2025-04-06T17:10:00,2025,4,Western Bulldogs,Fremantle,1550.3228578485114,1539.9082630988928,-10.414594749618624,19.592076275455547,35.0,81.0,97.0,loss
match,2025-04-10T19:40:00,2025,5,Adelaide,Geelong,1565.752764934071,1554.1006560079018,-11.652108926169092,21.920104655035285,36.0,100.0,119.0,loss
match,2025-04-10T19:40:00,2025,5,Geelong,Adelaide,1583.6318453928136,1595.2839543189828,11.652108926169092,-21.920104655035285,36.0,119.0,100.0,win
match,2025-04-11T19:40:00,2025,5,Collingwood,Sydney,1551.73129757222,1565.8777713205866,14.146473748366532,-26.61253744096725,37.0,109.0,78.0,win
match,2025-04-11T19:40:00,2025,5,Sydney,Collingwood,1561.5095866200174,1547.3631128716509,-14.146473748366532,26.61253744096725,37.0,78.0,109.0,loss
match,2025-04-12T12:35:00,2025,5,North Melbourne,Gold Coast,1394.8337575233404,1376.52719006547,-18.306567457870326,34.43856190270887,38.0,89.0,141.0,loss
match,2025-04-12T12:35:00,2025,5,Gold Coast,North Melbourne,1525.7845740315865,1544.091141489457,18.306567457870326,-34.43856190270887,38.0,141.0,89.0,win
match,2025-04-12T13:20:00,2025,5,Carlton,West Coast,1492.2072447382611,1509.2290232869493,17.021778548688268,-32.02159965773279,39.0,121.0,50.0,win
match,2025-04-12T13:20:00,2025,5,West Coast,Carlton,1311.0205545348535,1293.9987759861654,-17.021778548688268,32.02159965773279,39.0,50.0,121.0,loss
match,2025-04-12T16:15:00,2025,5,Western Bulldogs,Brisbane Lions,1539.9082630988928,1528.907266445926,-11.000996652966656,20.695223454455252,40.0,97.0,118.0,loss
match,2025-04-12T16:15:00,2025,5,Brisbane Lions,Western Bulldogs,1575.5908323041838,1586.5918289571505,11.000996652966656,-20.695223454455252,40.0,118.0,97.0,win
match,2025-04-12T19:35:00,2025,5,Melbourne,Essendon,1418.7143591173824,1396.9829889119953,-21.73137020538715,40.881347077830206,41.0,57.0,96.0,loss
match,2025-04-12T19:35:00,2025,5,Essendon,Melbourne,1442.3280721675012,1464.0594423728883,21.73137020538715,-40.881347077830206,41.0,96.0,57.0,win
match,2025-04-13T12:35:00,2025,5,Richmond,Fremantle,1332.4062553802821,1313.5088425425197,-18.897412837762353,35.550068209785195,42.0,47.0,108.0,loss
match,2025-04-13T12:35:00,2025,5,Fremantle,Richmond,1506.9068028565787,1525.804215694341,18.897412837762353,-35.550068209785195,42.0,108.0,47.0,win
match,2025-04-13T15:20:00,2025,5,St Kilda,Greater Western Sydney,1527.1458439305754,1514.1106281962034,-13.035215734372102,24.522023859275812,43.0,82.0,110.0,loss
match,2025-04-13T15:20:00,2025,5,Greater Western Sydney,St Kilda,1580.346585052763,1593.381800787135,13.035215734372102,-24.522023859275812,43.0,110.0,82.0,win
match,2025-04-13T19:20:00,2025,5,Port Adelaide,Hawthorn,1480.9190249376597,1505.9599648508113,25.04093991315145,-47.10735430253088,44.0,121.0,91.0,win
match,2025-04-13T19:20:00,2025,5,Hawthorn,Port Adelaide,1609.3629969368585,1584.322057023707,-25.04093991315145,47.10735430253088,44.0,91.0,121.0,loss
match,2025-04-17T19:30:00,2025,6,Brisbane Lions,Collingwood,1586.5918289571505,1553.681809490938,-32.91001946621253,61.91077301710409,45.0,53.0,105.0,loss
match,2025-04-17T19:30:00,2025,6,Collingwood,Brisbane Lions,1565.8777713205866,1598.7877907867992,32.91001946621253,-61.91077301710409,45.0,105.0,53.0,win
match,2025-04-18T15:20:00,2025,6,North Melbourne,Carlton,1376.52719006547,1342.4420706338187,-34.08511943165137,64.12138693993637,46.0,71.0,153.0,loss
match,2025-04-18T15:20:00,2025,6,Carlton,North Melbourne,1509.2290232869493,1543.3141427186006,34.08511943165137,-64.12138693993637,46.0,153.0,71.0,win
match,2025-04-18T18:10:00,2025,6,West Coast,Essendon,1293.9987759861654,1306.0365921883301,12.037816202164784,-22.645702390999283,47.0,75.0,77.0,loss
match,2025-04-18T18:10:00,2025,6,Essendon,West Coast,1464.0594423728883,1452.0216261707235,-12.037816202164784,22.645702390999283,47.0,77.0,75.0,win
match,2025-04-19T13:20:00,2025,6,Melbourne,Fremantle,1396.9829889119953,1411.4288183082315,14.44582939623626,-27.17568932805982,48.0,107.0,97.0,win
match,2025-04-19T13:20:00,2025,6,Fremantle,Melbourne,1525.804215694341,1511.358386298105,-14.44582939623626,27.17568932805982,48.0,97.0,107.0,loss
match,2025-04-19T16:15:00,2025,6,Adelaide,Greater Western Sydney,1554.1006560079018,1564.1774568864653,10.076800878563542,-18.956613883859855,49.0,52.0,34.0,win
match,2025-04-19T16:15:00,2025,6,Greater Western Sydney,Adelaide,1593.381800787135,1583.3049999085715,-10.076800878563542,18.956613883859855,49.0,34.0,52.0,loss
match,2025-04-19T19:35:00,2025,6,Richmond,Gold Coast,1313.5088425425197,1338.2845766630242,24.77573412050439,-46.60844558422245,50.0,80.0,69.0,win
match,2025-04-19T19:35:00,2025,6,Gold Coast,Richmond,1544.091141489457,1519.3154073689525,-24.77573412050439,46.60844558422245,50.0,69.0,80.0,loss
match,2025-04-20T15:20:00,2025,6,Sydney,Port Adelaide,1547.3631128716509,1535.8501478998103,-11.512964971840624,21.65834516923564,51.0,77.0,85.0,loss
match,2025-04-20T15:20:00,2025,6,Port Adelaide,Sydney,1505.9599648508113,1517.4729298226518,11.512964971840624,-21.65834516923564,51.0,85.0,77.0,win
match,2025-04-20T19:20:00,2025,6,Western Bulldogs,St Kilda,1528.907266445926,1561.950349545668,33.04308309974177,-62.161094121311216,52.0,127.0,56.0,win
match,2025-04-20T19:20:00,2025,6,St Kilda,Western Bulldogs,1514.1106281962034,1481.0675450964616,-33.04308309974177,62.161094121311216,52.0,56.0,127.0,loss
match,2025-04-21T15:20:00,2025,6,Geelong,Hawthorn,1595.2839543189828,1594.6756819945626,-0.6082723244201677,1.1442901104457253,53.0,86.0,79.0,win
match,2025-04-21T15:20:00,2025,6,Hawthorn,Geelong,1584.322057023707,1584.930329348127,0.6082723244201677,-1.1442901104457253,53.0,79.0,86.0,loss
match,2025-04-24T19:30:00,2025,7,Melbourne,Richmond,1411.4288183082315,1411.7435881892081,0.31476988097661496,-0.5921493505578539,54.0,83.0,63.0,win
match,2025-04-24T19:30:00,2025,7,Richmond,Melbourne,1338.2845766630242,1337.9698067820475,-0.31476988097661496,0.5921493505578539,54.0,63.0,83.0,loss
match,2025-04-25T15:20:00,2025,7,Collingwood,Essendon,1598.7877907867992,1603.1766871001291,4.388896313329891,-8.2564510096731,55.0,107.0,66.0,win
match,2025-04-25T15:20:00,2025,7,Essendon,Collingwood,1452.0216261707235,1447.6327298573935,-4.388896313329891,8.2564510096731,55.0,66.0,107.0,loss
match,2025-04-25T20:10:00,2025,7,Fremantle,Adelaide,1511.358386298105,1522.738722032454,11.38033573434906,-21.408841256720432,56.0,85.0,67.0,win
match,2025-04-25T20:10:00,2025,7,Adelaide,Fremantle,1564.1774568864653,1552.7971211521162,-11.38033573434906,21.408841256720432,56.0,67.0,85.0,loss
match,2025-04-26T13:20:00,2025,7,St Kilda,Brisbane Lions,1481.0675450964616,1460.8648914358994,-20.202653660562216,38.00550487082952,57.0,73.0,118.0,loss
match,2025-04-26T13:20:00,2025,7,Brisbane Lions,St Kilda,1553.681809490938,1573.8844631515,20.202653660562216,-38.00550487082952,57.0,118.0,73.0,win
match,2025-04-26T16:15:00,2025,7,Port Adelaide,North Melbourne,1517.4729298226518,1502.1299887679133,-15.34294105473852,28.863347894094794,58.0,97.0,88.0,win
match,2025-04-26T16:15:00,2025,7,North Melbourne,Port Adelaide,1342.4420706338187,1357.7850116885572,15.34294105473852,-28.863347894094794,58.0,88.0,97.0,loss
match,2025-04-26T19:35:00,2025,7,Greater Western Sydney,Western Bulldogs,1583.3049999085715,1560.9647347715802,-22.34026513699126,42.02680844531767,59.0,81.0,113.0,loss
match,2025-04-26T19:35:00,2025,7,Western Bulldogs,Greater Western Sydney,1561.950349545668,1584.2906146826592,22.34026513699126,-42.02680844531767,59.0,113.0,81.0,win
match,2025-04-27T13:15:00,2025,7,Gold Coast,Sydney,1519.3154073689525,1537.8334462707185,18.51803890176608,-34.83638483854975,60.0,117.0,79.0,win
match,2025-04-27T13:15:00,2025,7,Sydney,Gold Coast,1535.8501478998103,1517.3321089980443,-18.51803890176608,34.83638483854975,60.0,79.0,117.0,loss
match,2025-04-27T15:20:00,2025,7,Carlton,Geelong,1543.3141427186006,1554.5541362102829,11.23999349168224,-21.144827534717706,61.0,94.0,76.0,win
match,2025-04-27T15:20:00,2025,7,Geelong,Carlton,1594.6756819945626,1583.4356885028803,-11.23999349168224,21.144827534717706,61.0,76.0,94.0,loss
match,2025-04-27T16:45:00,2025,7,Hawthorn,West Coast,1584.930329348127,1581.3811201834346,-3.5492091646924258,6.6768202070220966,62.0,124.0,74.0,win
match,2025-04-27T16:45:00,2025,7,West Coast,Hawthorn,1306.0365921883301,1309.5858013530226,3.5492091646924258,-6.6768202070220966,62.0,74.0,124.0,loss
match,2025-05-01T19:30:00,2025,8,Essendon,North Melbourne,1447.6327298573935,1437.3024413270214,-10.330288530372083,19.433478277388076,63.0,65.0,62.0,win
match,2025-05-01T19:30:00,2025,8,North Melbourne,Essendon,1357.7850116885572,1368.1153002189294,10.330288530372083,-19.433478277388076,63.0,62.0,65.0,loss
match,2025-05-02T19:40:00,2025,8,St Kilda,Fremantle,1460.8648914358994,1495.9746748933323,35.10978345743289,-66.04899874168815,64.0,94.0,33.0,win
match,2025-05-02T19:40:00,2025,8,Fremantle,St Kilda,1522.738722032454,1487.628938575021,-35.10978345743289,66.04899874168815,64.0,33.0,94.0,loss
match,2025-05-03T13:20:00,2025,8,Western Bulldogs,Port Adelaide,1584.2906146826592,1620.947242455098,36.65662777243873,-68.95894315473976,65.0,131.0,41.0,win
match,2025-05-03T13:20:00,2025,8,Port Adelaide,Western Bulldogs,1502.1299887679133,1465.4733609954746,-36.65662777243873,68.95894315473976,65.0,41.0,131.0,loss
match,2025-05-03T16:15:00,2025,8,Adelaide,Carlton,1552.7971211521162,1581.5868268573668,28.78970570525051,-54.159583131723956,66.0,110.0,50.0,win
match,2025-05-03T16:15:00,2025,8,Carlton,Adelaide,1554.5541362102829,1525.7644305050324,-28.78970570525051,54.159583131723956,66.0,50.0,110.0,loss
match,2025-05-03T19:35:00,2025,8,Collingwood,Geelong,1603.1766871001291,1596.4073781321351,-6.7693089679939975,12.734515439299287,67.0,87.0,90.0,loss
match,2025-05-03T19:35:00,2025,8,Geelong,Collingwood,1583.4356885028803,1590.2049974708743,6.7693089679939975,-12.734515439299287,67.0,90.0,87.0,win
match,2025-05-03T19:35:00,2025,8,West Coast,Melbourne,1309.5858013530226,1299.138256657998,-10.447544695024623,19.65406215768971,68.0,76.0,108.0,loss
match,2025-05-03T19:35:00,2025,8,Melbourne,West Coast,1411.7435881892081,1422.1911328842327,10.447544695024623,-19.65406215768971,68.0,108.0,76.0,win
match,2025-05-04T13:10:00,2025,8,Sydney,Greater Western Sydney,1517.3321089980443,1525.7016165917366,8.36950759369235,-15.744830702090411,69.0,87.0,73.0,win
match,2025-05-04T13:10:00,2025,8,Greater Western Sydney,Sydney,1560.9647347715802,1552.5952271778879,-8.36950759369235,15.744830702090411,69.0,73.0,87.0,loss
match,2025-05-04T15:20:00,2025,8,Hawthorn,Richmond,1581.3811201834346,1589.2220062939368,7.840886110502111,-14.75038082972386,70.0,109.0,44.0,win
match,2025-05-04T15:20:00,2025,8,Richmond,Hawthorn,1337.9698067820475,1330.1289206715453,-7.840886110502111,14.75038082972386,70.0,44.0,109.0,loss
match,2025-05-04T19:20:00,2025,8,Brisbane Lions,Gold Coast,1573.8844631515,1576.1761365876982,2.2916734361981814,-4.311127013566633,71.0,66.0,49.0,win
match,2025-05-04T19:20:00,2025,8,Gold Coast,Brisbane Lions,1537.8334462707185,1535.5417728345203,-2.2916734361981814,4.311127013566633,71.0,49.0,66.0,loss
match,2025-05-08T20:10:00,2025,9,Fremantle,Collingwood,1487.628938575021,1487.3871728100148,-0.2417657650062484,0.45481302179038074,72.0,83.0,97.0,loss
match,2025-05-08T20:10:00,2025,9,Collingwood,Fremantle,1596.4073781321351,1596.6491438971414,0.2417657650062484,-0.45481302179038074,72.0,97.0,83.0,win
match,2025-05-09T19:40:00,2025,9,St Kilda,Carlton,1495.9746748933323,1487.595703803634,-8.37897108969838,15.762633558566359,73.0,62.0,77.0,loss
match,2025-05-09T19:40:00,2025,9,Carlton,St Kilda,1525.7644305050324,1534.1434015947307,8.37897108969838,-15.762633558566359,73.0,77.0,62.0,win
match,2025-05-10T13:20:00,2025,9,Melbourne,Hawthorn,1422.1911328842327,1416.395348932127,-5.795783952105665,10.903107033509254,74.0,56.0,91.0,loss
match,2025-05-10T13:20:00,2025,9,Hawthorn,Melbourne,1589.2220062939368,1595.0177902460425,5.795783952105665,-10.903107033509254,74.0,91.0,56.0,win
match,2025-05-10T16:15:00,2025,9,Essendon,Sydney,1437.3024413270214,1446.7929834415054,9.490542114483938,-17.853735980384783,75.0,71.0,63.0,win
match,2025-05-10T16:15:00,2025,9,Sydney,Essendon,1525.7016165917366,1516.2110744772526,-9.490542114483938,17.853735980384783,75.0,63.0,71.0,loss
match,2025-05-10T19:35:00,2025,9,Gold Coast,Western Bulldogs,1535.5417728345203,1545.8072016621163,10.265428827595976,-19.311463328698938,76.0,106.0,96.0,win
match,2025-05-10T19:35:00,2025,9,Western Bulldogs,Gold Coast,1620.947242455098,1610.681813627502,-10.265428827595976,19.311463328698938,76.0,96.0,106.0,loss
match,2025-05-10T20:10:00,2025,9,Port Adelaide,Adelaide,1465.4733609954746,1470.7220135337545,5.248652538279922,-9.873836029684135,77.0,84.0,89.0,loss
match,2025-05-10T20:10:00,2025,9,Adelaide,Port Adelaide,1581.5868268573668,1576.3381743190869,-5.248652538279922,9.873836029684135,77.0,89.0,84.0,win
match,2025-05-11T13:10:00,2025,9,Richmond,West Coast,1330.1289206715453,1324.9342669006398,-5.194653770905468,9.772252819332179,78.0,81.0,79.0,win
match,2025-05-11T13:10:00,2025,9,West Coast,Richmond,1299.138256657998,1304.3329104289035,5.194653770905468,-9.772252819332179,78.0,79.0,81.0,loss
match,2025-05-11T15:20:00,2025,9,Geelong,Greater Western Sydney,1590.2049974708743,1581.1835749657566,-9.021422505117597,16.971221836533545,79.0,101.0,105.0,loss
match,2025-05-11T15:20:00,2025,9,Greater Western Sydney,Geelong,1552.5952271778879,1561.6166496830056,9.021422505117597,-16.971221836533545,79.0,105.0,101.0,win
match,2025-05-11T16:40:00,2025,9,North Melbourne,Brisbane Lions,1368.1153002189294,1384.875206458104,16.759906239174526,-31.528961932908143,80.0,71.0,71.0,draw
match,2025-05-11T16:40:00,2025,9,Brisbane Lions,North Melbourne,1576.1761365876982,1559.4162303485236,-16.759906239174526,31.528961932908143,80.0,71.0,71.0,draw
match,2025-05-15T19:30:00,2025,10,Gold Coast,Hawthorn,1545.8072016621163,1551.5243674553221,5.717165793205759,-10.755209491374046,81.0,104.0,96.0,win
match,2025-05-15T19:30:00,2025,10,Hawthorn,Gold Coast,1595.0177902460425,1589.3006244528367,-5.717165793205759,10.755209491374046,81.0,96.0,104.0,loss
match,2025-05-16T19:40:00,2025,10,Sydney,Carlton,1516.2110744772526,1523.1691046493668,6.95803017211406,-13.089540316868476,82.0,78.0,62.0,win
match,2025-05-16T19:40:00,2025,10,Carlton,Sydney,1534.1434015947307,1527.1853714226165,-6.95803017211406,13.089540316868476,82.0,62.0,78.0,loss
match,2025-05-17T13:20:00,2025,10,Collingwood,Adelaide,1596.6491438971414,1596.7353868385183,0.08624294137685029,-0.16224138589134895,83.0,78.0,68.0,win
match,2025-05-17T13:20:00,2025,10,Adelaide,Collingwood,1576.3381743190869,1576.25193137771,-0.08624294137685029,0.16224138589134895,83.0,68.0,78.0,loss
match,2025-05-17T16:15:00,2025,10,Greater Western Sydney,Fremantle,1561.6166496830056,1533.122049013977,-28.494600669028543,53.60442755266087,84.0,61.0,95.0,loss
match,2025-05-17T16:15:00,2025,10,Fremantle,Greater Western Sydney,1487.3871728100148,1515.8817734790434,28.494600669028543,-53.60442755266087,84.0,95.0,61.0,win
match,2025-05-17T16:15:00,2025,10,Port Adelaide,Geelong,1470.7220135337545,1437.6848615812692,-33.037151952485445,62.14993636700194,85.0,39.0,115.0,loss
match,2025-05-17T16:15:00,2025,10,Geelong,Port Adelaide,1581.1835749657566,1614.220726918242,33.037151952485445,-62.14993636700194,85.0,115.0,39.0,win
match,2025-05-17T19:35:00,2025,10,Western Bulldogs,Essendon,1610.681813627502,1640.0005976914517,29.31878406394986,-55.15489248446762,86.0,127.0,36.0,win
match,2025-05-17T19:35:00,2025,10,Essendon,Western Bulldogs,1446.7929834415054,1417.4741993775556,-29.31878406394986,55.15489248446762,86.0,36.0,127.0,loss
match,2025-05-18T13:10:00,2025,10,Richmond,North Melbourne,1324.9342669006398,1325.3057715166735,0.371504616033611,-0.6988795002590829,87.0,74.0,78.0,loss
match,2025-05-18T13:10:00,2025,10,North Melbourne,Richmond,1384.875206458104,1384.5037018420703,-0.371504616033611,0.6988795002590829,87.0,78.0,74.0,win
match,2025-05-18T15:20:00,2025,10,Brisbane Lions,Melbourne,1559.4162303485236,1536.5240188546866,-22.892211493837113,43.06513738497034,88.0,88.0,99.0,loss
match,2025-05-18T15:20:00,2025,10,Melbourne,Brisbane Lions,1416.395348932127,1439.287560425964,22.892211493837113,-43.06513738497034,88.0,99.0,88.0,win
match,2025-05-18T16:40:00,2025,10,West Coast,St Kilda,1304.3329104289035,1333.5890814441436,29.256171015240152,-55.03710397174567,89.0,108.0,80.0,win
match,2025-05-18T16:40:00,2025,10,St Kilda,West Coast,1487.595703803634,1458.3395327883939,-29.256171015240152,55.03710397174567,89.0,80.0,108.0,loss
match,2025-05-22T19:30:00,2025,11,Geelong,Western Bulldogs,1614.220726918242,1620.8712349589132,6.650508040671086,-12.511025530602595,90.0,127.0,113.0,win
match,2025-05-22T19:30:00,2025,11,Western Bulldogs,Geelong,1640.0005976914517,1633.3500896507805,-6.650508040671086,12.511025530602595,90.0,113.0,127.0,loss
match,2025-05-23T19:40:00,2025,11,Essendon,Richmond,1417.4741993775556,1417.5518906876482,0.07769131009273031,-0.14615394164353646,91.0,81.0,58.0,win
match,2025-05-23T19:40:00,2025,11,Richmond,Essendon,1325.3057715166735,1325.228080206581,-0.07769131009273031,0.14615394164353646,91.0,58.0,81.0,loss
match,2025-05-24T12:35:00,2025,11,Carlton,Greater Western Sydney,1527.1853714226165,1509.5992108014761,-17.586160621140337,33.08332283350836,92.0,82.0,110.0,loss
match,2025-05-24T12:35:00,2025,11,Greater Western Sydney,Carlton,1533.122049013977,1550.7082096351173,17.586160621140337,-33.08332283350836,92.0,110.0,82.0,win
match,2025-05-24T16:15:00,2025,11,Hawthorn,Brisbane Lions,1589.3006244528367,1563.403241792166,-25.897382660670722,48.71850596405594,93.0,60.0,93.0,loss
match,2025-05-24T16:15:00,2025,11,Brisbane Lions,Hawthorn,1536.5240188546866,1562.4214015153573,25.897382660670722,-48.71850596405594,93.0,93.0,60.0,win
match,2025-05-24T19:35:00,2025,11,North Melbourne,Collingwood,1384.5037018420703,1377.7444793832685,-6.759222458801703,12.715540562004541,94.0,63.0,108.0,loss
match,2025-05-24T19:35:00,2025,11,Collingwood,North Melbourne,1596.7353868385183,1603.49460929732,6.759222458801703,-12.715540562004541,94.0,108.0,63.0,win
match,2025-05-24T20:10:00,2025,11,Fremantle,Port Adelaide,1515.8817734790434,1531.1256151493005,15.243841670257149,-28.67692079382949,95.0,100.0,51.0,win
match,2025-05-24T20:10:00,2025,11,Port Adelaide,Fremantle,1437.6848615812692,1422.441019911012,-15.243841670257149,28.67692079382949,95.0,51.0,100.0,loss
match,2025-05-25T13:10:00,2025,11,Adelaide,West Coast,1576.25193137771,1584.696457039621,8.444525661911028,-15.885955705022617,96.0,128.0,62.0,win
match,2025-05-25T13:10:00,2025,11,West Coast,Adelaide,1333.5890814441436,1325.1445557822326,-8.444525661911028,15.885955705022617,96.0,62.0,128.0,loss
match,2025-05-25T15:20:00,2025,11,Melbourne,Sydney,1439.287560425964,1472.2638403800374,32.97627995407329,-62.03542314160984,97.0,131.0,78.0,win
match,2025-05-25T15:20:00,2025,11,Sydney,Melbourne,1523.1691046493668,1490.1928246952934,-32.97627995407329,62.03542314160984,97.0,78.0,131.0,loss
match,2025-05-25T16:40:00,2025,11,St Kilda,Gold Coast,1458.3395327883939,1453.9384368191288,-4.401095969264958,8.279401167155022,98.0,61.0,80.0,loss
match,2025-05-25T16:40:00,2025,11,Gold Coast,St Kilda,1551.5243674553221,1555.9254634245872,4.401095969264958,-8.279401167155022,98.0,80.0,61.0,win
match,2025-05-29T19:30:00,2025,12,Brisbane Lions,Essendon,1562.4214015153573,1554.7667713250958,-7.654630190261573,14.399993677478555,99.0,90.0,72.0,win
match,2025-05-29T19:30:00,2025,12,Essendon,Brisbane Lions,1417.5518906876482,1425.2065208779097,7.654630190261573,-14.399993677478555,99.0,72.0,90.0,loss
match,2025-05-30T19:40:00,2025,12,Collingwood,Hawthorn,1603.49460929732,1623.4706872573458,19.976077960025854,-37.57926760343745,100.0,107.0,56.0,win
match,2025-05-30T19:40:00,2025,12,Hawthorn,Collingwood,1563.403241792166,1543.4271638321402,-19.976077960025854,37.57926760343745,100.0,56.0,107.0,loss
match,2025-05-31T13:20:00,2025,12,Gold Coast,Fremantle,1555.9254634245872,1544.4164755913878,-11.508987833199468,21.65086332231899,101.0,64.0,75.0,loss
match,2025-05-31T13:20:00,2025,12,Fremantle,Gold Coast,1531.1256151493005,1542.6346029825,11.508987833199468,-21.65086332231899,101.0,75.0,64.0,win
match,2025-05-31T16:15:00,2025,12,Greater Western Sydney,Richmond,1550.7082096351173,1527.3181970270687,-23.39001260804866,44.00160756303431,102.0,80.0,77.0,win
match,2025-05-31T16:15:00,2025,12,Richmond,Greater Western Sydney,1325.228080206581,1348.6180928146296,23.39001260804866,-44.00160756303431,102.0,77.0,80.0,loss
match,2025-05-31T19:35:00,2025,12,Sydney,Adelaide,1490.1928246952934,1448.1771166538258,-42.01570804146772,79.0405173226592,103.0,41.0,131.0,loss
match,2025-05-31T19:35:00,2025,12,Adelaide,Sydney,1584.696457039621,1626.7121650810886,42.01570804146772,-79.0405173226592,103.0,131.0,41.0,win
match,2025-06-01T15:20:00,2025,12,Melbourne,St Kilda,1472.2638403800374,1452.3415413502676,-19.922299029769935,37.47809795364143,104.0,63.0,91.0,loss
match,2025-06-01T15:20:00,2025,12,St Kilda,Melbourne,1453.9384368191288,1473.8607358488987,19.922299029769935,-37.47809795364143,104.0,91.0,63.0,win
match,2025-06-01T19:20:00,2025,12,West Coast,Geelong,1325.1445557822326,1327.4880123765356,2.3434565943030385,-4.408542189842358,105.0,73.0,116.0,loss
match,2025-06-01T19:20:00,2025,12,Geelong,West Coast,1620.8712349589132,1618.5277783646102,-2.3434565943030385,4.408542189842358,105.0,116.0,73.0,win
match,2025-06-05T19:30:00,2025,13,Western Bulldogs,Hawthorn,1633.3500896507805,1609.7232651940824,-23.626824456698227,44.447101210479765,106.0,59.0,81.0,loss
match,2025-06-05T19:30:00,2025,13,Hawthorn,Western Bulldogs,1543.4271638321402,1567.0539882888384,23.626824456698227,-44.447101210479765,106.0,81.0,59.0,win
match,2025-06-06T19:40:00,2025,13,Adelaide,Brisbane Lions,1626.7121650810886,1619.1687925739946,-7.54337250709402,14.190694221546387,107.0,68.0,63.0,win
match,2025-06-06T19:40:00,2025,13,Brisbane Lions,Adelaide,1554.7667713250958,1562.3101438321899,7.54337250709402,-14.190694221546387,107.0,63.0,68.0,loss
match,2025-06-07T13:20:00,2025,13,Richmond,Sydney,1348.6180928146296,1331.541458084697,-17.07663472993258,32.12479584663473,108.0,36.0,80.0,loss
match,2025-06-07T13:20:00,2025,13,Sydney,Richmond,1448.1771166538258,1465.2537513837583,17.07663472993258,-32.12479584663473,108.0,80.0,36.0,win
match,2025-06-07T16:15:00,2025,13,Geelong,Gold Coast,1618.5277783646102,1620.8757193144347,2.3479409498244683,-4.416978220003333,109.0,61.0,37.0,win
match,2025-06-07T16:15:00,2025,13,Gold Coast,Geelong,1544.4164755913878,1542.0685346415632,-2.3479409498244683,4.416978220003333,109.0,37.0,61.0,loss
match,2025-06-07T19:35:00,2025,13,Greater Western Sydney,Port Adelaide,1527.3181970270687,1505.4408937295666,-21.877303297502095,41.15587838131023,110.0,50.0,66.0,loss
match,2025-06-07T19:35:00,2025,13,Port Adelaide,Greater Western Sydney,1422.441019911012,1444.3183232085141,21.877303297502095,-41.15587838131023,110.0,66.0,50.0,win
match,2025-06-08T15:20:00,2025,13,North Melbourne,West Coast,1377.7444793832685,1374.947341205375,-2.7971381778933764,5.262014111137889,111.0,62.0,52.0,win
match,2025-06-08T15:20:00,2025,13,West Coast,North Melbourne,1327.4880123765356,1330.285150554429,2.7971381778933764,-5.262014111137889,111.0,52.0,62.0,loss
match,2025-06-08T19:20:00,2025,13,Carlton,Essendon,1509.5992108014761,1502.4520329103398,-7.147177891136471,13.445367560031368,112.0,78.0,70.0,win
match,2025-06-08T19:20:00,2025,13,Essendon,Carlton,1425.2065208779097,1432.353698769046,7.147177891136471,-13.445367560031368,112.0,70.0,78.0,loss
match,2025-06-09T15:20:00,2025,13,Melbourne,Collingwood,1452.3415413502676,1465.0138106926267,12.672269342359106,-23.83924420560946,113.0,71.0,72.0,loss
match,2025-06-09T15:20:00,2025,13,Collingwood,Melbourne,1623.4706872573458,1610.7984179149867,-12.672269342359106,23.83924420560946,113.0,72.0,71.0,win
match,2025-06-12T19:30:00,2025,14,St Kilda,Western Bulldogs,1473.8607358488987,1445.395670115054,-28.46506573384471,53.548866033770906,114.0,60.0,132.0,loss
match,2025-06-12T19:30:00,2025,14,Western Bulldogs,St Kilda,1609.7232651940824,1638.1883309279272,28.46506573384471,-53.548866033770906,114.0,132.0,60.0,win
match,2025-06-13T19:40:00,2025,14,Hawthorn,Adelaide,1567.0539882888384,1570.392935270841,3.338946982002651,-6.281272149691043,115.0,47.0,44.0,win
match,2025-06-13T19:40:00,2025,14,Adelaide,Hawthorn,1619.1687925739946,1615.829845591992,-3.338946982002651,6.281272149691043,115.0,44.0,47.0,loss
match,2025-06-14T13:20:00,2025,14,Brisbane Lions,Greater Western Sydney,1562.3101438321899,1547.7132691487063,-14.596874683483568,27.45983776205489,116.0,96.0,107.0,loss
match,2025-06-14T13:20:00,2025,14,Greater Western Sydney,Brisbane Lions,1505.4408937295666,1520.0377684130501,14.596874683483568,-27.45983776205489,116.0,107.0,96.0,win
match,2025-06-14T16:15:00,2025,14,Essendon,Geelong,1432.353698769046,1396.7329400799586,-35.62075868908766,67.01025224738171,117.0,56.0,151.0,loss
match,2025-06-14T16:15:00,2025,14,Geelong,Essendon,1620.8757193144347,1656.4964780035223,35.62075868908766,-67.01025224738171,117.0,151.0,56.0,win
match,2025-06-14T19:35:00,2025,14,North Melbourne,Fremantle,1374.947341205375,1384.6303407938035,9.682999588428483,-18.21578957920015,118.0,67.0,73.0,loss
match,2025-06-14T19:35:00,2025,14,Fremantle,North Melbourne,1542.6346029825,1532.9516033940715,-9.682999588428483,18.21578957920015,118.0,73.0,67.0,win
match,2025-06-15T15:20:00,2025,14,Port Adelaide,Melbourne,1444.3183232085141,1456.3265575262676,12.008234317753518,-22.590052550588695,119.0,93.0,68.0,win
match,2025-06-15T15:20:00,2025,14,Melbourne,Port Adelaide,1465.0138106926267,1453.0055763748733,-12.008234317753518,22.590052550588695,119.0,68.0,93.0,loss
match,2025-06-15T18:10:00,2025,14,West Coast,Carlton,1330.285150554429,1325.5154725302702,-4.769678024158898,8.972782705933636,120.0,52.0,86.0,loss
match,2025-06-15T18:10:00,2025,14,Carlton,West Coast,1502.4520329103398,1507.2217109344986,4.769678024158898,-8.972782705933636,120.0,86.0,52.0,win
match,2025-06-19T20:10:00,2025,15,Fremantle,Essendon,1532.9516033940715,1538.3560936604486,5.404490266377126,-10.167000068120284,121.0,104.0,63.0,win
match,2025-06-19T20:10:00,2025,15,Essendon,Fremantle,1396.7329400799586,1391.3284498135815,-5.404490266377126,10.167000068120284,121.0,63.0,104.0,loss
match,2025-06-20T19:40:00,2025,15,Geelong,Brisbane Lions,1656.4964780035223,1620.9537777889675,-35.542700214554706,66.86340759103527,122.0,51.0,92.0,loss
match,2025-06-20T19:40:00,2025,15,Brisbane Lions,Geelong,1547.7132691487063,1583.255969363261,35.542700214554706,-66.86340759103527,122.0,92.0,51.0,win
match,2025-06-21T13:20:00,2025,15,Carlton,North Melbourne,1507.2217109344986,1486.2966087608047,-20.925102173693965,39.36458476924659,123.0,73.0,84.0,loss
match,2025-06-21T13:20:00,2025,15,North Melbourne,Carlton,1384.6303407938035,1405.5554429674974,20.925102173693965,-39.36458476924659,123.0,84.0,73.0,win
match,2025-06-21T16:15:00,2025,15,Port Adelaide,Sydney,1456.3265575262676,1443.812492612579,-12.514064913688555,23.541627898096216,124.0,52.0,71.0,loss
match,2025-06-21T16:15:00,2025,15,Sydney,Port Adelaide,1465.2537513837583,1477.7678162974469,12.514064913688555,-23.541627898096216,124.0,71.0,52.0,win
match,2025-06-21T19:35:00,2025,15,Collingwood,St Kilda,1610.7984179149867,1609.67183929275,-1.1265786222366236,2.1193349167970084,125.0,108.0,74.0,win
match,2025-06-21T19:35:00,2025,15,St Kilda,Collingwood,1445.395670115054,1446.5222487372905,1.1265786222366236,-2.1193349167970084,125.0,74.0,108.0,loss
match,2025-06-22T13:10:00,2025,15,Greater Western Sydney,Gold Coast,1520.0377684130501,1522.6062816239346,2.5685132108844893,-4.831921735985639,126.0,106.0,99.0,win
match,2025-06-22T13:10:00,2025,15,Gold Coast,Greater Western Sydney,1542.0685346415632,1539.5000214306788,-2.5685132108844893,4.831921735985639,126.0,99.0,106.0,loss
match,2025-06-22T15:20:00,2025,15,Western Bulldogs,Richmond,1638.1883309279272,1647.3824194281115,9.194088500184302,-17.296043438031596,127.0,135.0,56.0,win
match,2025-06-22T15:20:00,2025,15,Richmond,Western Bulldogs,1331.541458084697,1322.3473695845128,-9.194088500184302,17.296043438031596,127.0,56.0,135.0,loss
match,2025-06-26T19:30:00,2025,16,Port Adelaide,Carlton,1443.812492612579,1471.2079968087842,27.39550419620513,-51.53679242644254,133.0,110.0,60.0,win
match,2025-06-26T19:30:00,2025,16,Carlton,Port Adelaide,1486.2966087608047,1458.9011045645996,-27.39550419620513,51.53679242644254,133.0,60.0,110.0,loss
match,2025-06-27T19:40:00,2025,16,Sydney,Western Bulldogs,1477.7678162974469,1486.0416797030393,8.273863405592456,-15.56490356391485,132.0,96.0,105.0,loss
match,2025-06-27T19:40:00,2025,16,Western Bulldogs,Sydney,1647.3824194281115,1639.108556022519,-8.273863405592456,15.56490356391485,132.0,105.0,96.0,win
match,2025-06-28T13:20:00,2025,16,Gold Coast,Melbourne,1539.5000214306788,1537.9977600272323,-1.50226140344655,2.826074437805225,129.0,104.0,85.0,win
match,2025-06-28T13:20:00,2025,16,Melbourne,Gold Coast,1453.0055763748733,1454.5078377783198,1.50226140344655,-2.826074437805225,129.0,85.0,104.0,loss
match,2025-06-28T16:15:00,2025,16,Hawthorn,North Melbourne,1570.392935270841,1596.4309442570138,26.038008986172837,-48.98305410652451,130.0,150.0,65.0,win
match,2025-06-28T16:15:00,2025,16,North Melbourne,Hawthorn,1405.5554429674974,1379.5174339813245,-26.038008986172837,48.98305410652451,130.0,65.0,150.0,loss
match,2025-06-28T19:35:00,2025,16,Collingwood,West Coast,1609.67183929275,1594.4528967088982,-15.218942583851902,28.630080296261532,128.0,88.0,59.0,win
match,2025-06-28T19:35:00,2025,16,West Coast,Collingwood,1325.5154725302702,1340.7344151141222,15.218942583851902,-28.630080296261532,128.0,59.0,88.0,loss
match,2025-06-29T15:20:00,2025,16,Richmond,Adelaide,1322.3473695845128,1311.1854428041108,-11.161926780401863,20.997967383290778,131.0,54.0,122.0,loss
match,2025-06-29T15:20:00,2025,16,Adelaide,Richmond,1615.829845591992,1626.9917723723938,11.161926780401863,-20.997967383290778,131.0,122.0,54.0,win
match,2025-06-29T17:10:00,2025,16,Fremantle,St Kilda,1538.3560936604486,1532.6187116520189,-5.737382008429605,10.793240508440853,134.0,81.0,69.0,win
match,2025-06-29T17:10:00,2025,16,St Kilda,Fremantle,1446.5222487372905,1452.2596307457202,5.737382008429605,-10.793240508440853,134.0,69.0,81.0,loss
match,2025-07-03T19:30:00,2025,17,North Melbourne,Western Bulldogs,1379.5174339813245,1375.192052601828,-4.325381379496582,8.136965858478113,139.0,85.0,134.0,loss
match,2025-07-03T19:30:00,2025,17,Western Bulldogs,North Melbourne,1639.108556022519,1643.4339374020155,4.325381379496582,-8.136965858478113,139.0,134.0,85.0,win
match,2025-07-04T19:20:00,2025,17,Carlton,Collingwood,1458.9011045645996,1438.9112670707987,-19.989837493800874,37.605152224175555,136.0,59.0,115.0,loss
match,2025-07-04T19:20:00,2025,17,Collingwood,Carlton,1594.4528967088982,1614.442734202699,19.989837493800874,-37.605152224175555,136.0,115.0,59.0,win
match,2025-07-04T20:20:00,2025,17,West Coast,Greater Western Sydney,1340.7344151141222,1323.6099126999645,-17.124502414157718,32.214845180575715,143.0,52.0,111.0,loss
match,2025-07-04T20:20:00,2025,17,Greater Western Sydney,West Coast,1522.6062816239346,1539.7307840380922,17.124502414157718,-32.214845180575715,143.0,111.0,52.0,win
match,2025-07-05T12:35:00,2025,17,Essendon,Gold Coast,1391.3284498135815,1380.3826684549024,-10.945781358679124,20.591351697247163,137.0,74.0,115.0,loss
match,2025-07-05T12:35:00,2025,17,Gold Coast,Essendon,1537.9977600272323,1548.9435413859114,10.945781358679124,-20.591351697247163,137.0,115.0,74.0,win
match,2025-07-05T16:15:00,2025,17,Geelong,Richmond,1620.9537777889675,1626.126305661835,5.172527872867566,-9.730629281168355,138.0,124.0,52.0,win
match,2025-07-05T16:15:00,2025,17,Richmond,Geelong,1311.1854428041108,1306.0129149312434,-5.172527872867566,9.730629281168355,138.0,52.0,124.0,loss
match,2025-07-05T19:35:00,2025,17,Brisbane Lions,Port Adelaide,1583.255969363261,1584.0773652065236,0.8213958432625036,-1.5452209519847528,135.0,120.0,92.0,win
match,2025-07-05T19:35:00,2025,17,Port Adelaide,Brisbane Lions,1471.2079968087842,1470.3866009655217,-0.8213958432625036,1.5452209519847528,135.0,92.0,120.0,loss
match,2025-07-05T19:40:00,2025,17,St Kilda,Hawthorn,1452.2596307457202,1452.2363304549929,-0.0233002907273489,0.04383282154951118,140.0,74.0,94.0,loss
match,2025-07-05T19:40:00,2025,17,Hawthorn,St Kilda,1596.4309442570138,1596.4542445477412,0.0233002907273489,-0.04383282154951118,140.0,94.0,74.0,win
match,2025-07-06T13:10:00,2025,17,Sydney,Fremantle,1486.0416797030393,1493.0999818799994,7.058302176960182,-13.27817336639832,141.0,94.0,83.0,win
match,2025-07-06T13:10:00,2025,17,Fremantle,Sydney,1532.6187116520189,1525.5604094750588,-7.058302176960182,13.27817336639832,141.0,83.0,94.0,loss
match,2025-07-06T15:20:00,2025,17,Adelaide,Melbourne,1626.9917723723938,1614.0203557603472,-12.971416612046601,24.402004088851804,142.0,90.0,77.0,win
match,2025-07-06T15:20:00,2025,17,Melbourne,Adelaide,1454.5078377783198,1467.4792543903663,12.971416612046601,-24.402004088851804,142.0,77.0,90.0,loss
season_carryover,,2025,,Carlton,,1521.983535750035,1516.7055293477815,-5.278006402253368,,,,,
season_carryover,,2025,,Sydney,,1553.4610466481904,1540.62563428829,-12.835412359900374,,,,,
season_carryover,,2025,,Essendon,,1443.1174636426792,1456.7743382457497,13.656874603070492,,,,,
season_carryover,,2025,,Fitzroy,,1499.8675356224621,1499.8993388701592,0.031803247697098413,,,,,
season_carryover,,2025,,Geelong,,1579.819598182346,1560.6557859993563,-19.16381218298966,,,,,
season_carryover,,2025,,Hawthorn,,1637.2732925323112,1604.3154769615026,-32.957815570808634,,,,,
season_carryover,,2025,,North Melbourne,,1332.1812858867654,1372.4727229685443,40.291437081778895,,,,,
season_carryover,,2025,,Melbourne,,1481.3024916598602,1485.7915588348385,4.489067174978345,,,,,
season_carryover,,2025,,Brisbane Lions,,1634.3398264308796,1602.086303974709,-32.253522456170685,,,,,
season_carryover,,2025,,Richmond,,1315.8323517040803,1360.0489890023937,44.216637298313344,,,,,
season_carryover,,2025,,West Coast,,1311.4944290887515,1356.7525541439263,45.25812505517479,,,,,
season_carryover,,2025,,Collingwood,,1524.6121619684263,1518.7030511720684,-5.909110796357936,,,,,
season_carryover,,2025,,Western Bulldogs,,1591.0545440679564,1569.193344304212,-21.86119976374448,,,,,
season_carryover,,2025,,St Kilda,,1512.1028819738394,1509.1971124347633,-2.9057695390761182,,,,,
season_carryover,,2025,,Adelaide,,1507.634490825082,1505.801533110231,-1.8329577148508633,,,,,
season_carryover,,2025,,Fremantle,,1529.5018967037545,1522.4188140981375,-7.083082605616937,,,,,
season_carryover,,2025,,Port Adelaide,,1528.9853160486261,1522.0262588061742,-6.9590572424519905,,,,,
season_carryover,,2025,,Gold Coast,,1440.0352314707368,1454.4321162942615,14.396884823524715,,,,,
season_carryover,,2025,,Greater Western Sydney,,1555.400619793218,1542.0995371429015,-13.30108265031663,,,,,
