match_id,round_number,match_date,venue,year,home_team,away_team,hscore,ascore,pre_match_home_rating,pre_match_away_rating,rating_difference,adjusted_rating_difference,home_win_probability,away_win_probability,predicted_winner,confidence,actual_result,correct,margin,rating_change,predicted_margin
1,OR,2025-03-07T19:40:00,S.C.G.,2025,Sydney,Hawthorn,76.0,96.0,1648.5883886353042,1587.9871955338576,60.6011931014466,110.6011931014466,0.6540006946592819,0.3459993053407181,Sydney,0.6540006946592819,away_win,False,-20.0,-20.350228169607494,2.3843176803988593
2,OR,2025-03-09T15:20:00,Sydney Showground,2025,Greater Western Sydney,Collingwood,104.0,52.0,1567.4692078391968,1556.4579964577185,11.011211381478233,61.01121138147823,0.5869106704570314,0.4130893295429686,Greater Western Sydney,0.5869106704570314,home_win,True,52.0,17.76380497206002,1.3455955419193886
3,1,2025-03-13T19:30:00,M.C.G.,2025,Richmond,Carlton,82.0,69.0,1260.2333596829021,1538.3076613308388,-278.07430164793664,-228.07430164793664,0.21200177038335982,0.7879982296166401,Carlton,0.7879982296166401,home_win,False,13.0,20.537815398668076,-4.458936190630606
4,1,2025-03-14T19:40:00,M.C.G.,2025,Hawthorn,Essendon,111.0,85.0,1608.3374237034652,1447.4609768888931,160.8764468145721,210.8764468145721,0.7709887066029267,0.22901129339707327,Hawthorn,0.7709887066029267,home_win,True,26.0,7.856119052081548,4.195586037915539
5,1,2025-03-15T13:20:00,Kardinia Park,2025,Geelong,Fremantle,147.0,69.0,1590.463281900901,1525.5419592203102,64.92132268059072,114.92132268059072,0.6596063130641668,0.34039368693583316,Geelong,0.6596063130641668,home_win,True,78.0,15.998503285984158,2.4711067374346536
6,1,2025-03-15T16:15:00,S.C.G.,2025,Sydney,Brisbane Lions,82.0,86.0,1628.2381604656966,1693.9974586141063,-65.7592981484097,-15.759298148409698,0.4773360878885293,0.5226639121114707,Brisbane Lions,0.5226639121114707,away_win,True,-4.0,-6.709096554972683,-0.3508943026129941
7,1,2025-03-15T19:35:00,M.C.G.,2025,Collingwood,Port Adelaide,136.0,45.0,1538.6941914856586,1565.4293649232102,-26.735173437551566,23.264826562448434,0.5334308254358144,0.46656917456418556,Collingwood,0.5334308254358144,home_win,True,91.0,21.928751204516722,0.5175931727664841
8,1,2025-03-15T19:35:00,Docklands,2025,Western Bulldogs,North Melbourne,113.0,97.0,1591.6820355962698,1231.3966190623698,360.28541653389993,410.28541653389993,0.9138670217707924,0.08613297822920762,Western Bulldogs,0.9138670217707924,home_win,True,16.0,2.4519608477417716,6.407701338785125
9,1,2025-03-16T12:35:00,Adelaide Oval,2025,Adelaide,St Kilda,135.0,72.0,1462.8966197887282,1496.41758344442,-33.52096365569173,16.47903634430827,0.5236974719682249,0.4763025280317751,Adelaide,0.5236974719682249,home_win,True,63.0,21.65297801030977,0.3668964060168901
10,1,2025-03-16T15:20:00,M.C.G.,2025,Melbourne,Greater Western Sydney,74.0,77.0,1517.493736916864,1585.2330128112567,-67.73927589439268,-17.739275894392676,0.4744932904216596,0.5255067095783403,Greater Western Sydney,0.5255067095783403,away_win,True,-3.0,-5.545857386855544,-0.39490794993482475
11,1,2025-03-16T18:10:00,Perth Stadium,2025,West Coast,Gold Coast,49.0,136.0,1274.7818233230428,1443.3950499427901,-168.61322661974737,-118.61322661974737,0.3356383043317716,0.6643616956682283,Gold Coast,0.6643616956682283,away_win,True,-87.0,-15.775000303593266,-2.5447320080544427
12,2,2025-03-20T19:30:00,M.C.G.,2025,Carlton,Hawthorn,60.0,80.0,1517.7698459321707,1616.1935427555468,-98.42369682337608,-48.423696823376076,0.4307604514783771,0.5692395485216228,Hawthorn,0.5692395485216228,away_win,True,-20.0,-13.403767833297207,-1.0720021756277833
13,2,2025-03-21T19:40:00,M.C.G.,2025,Western Bulldogs,Collingwood,70.0,76.0,1594.1339964440115,1560.6229426901753,33.51105375383622,83.51105375383622,0.6179198300609147,0.38208016993908533,Western Bulldogs,0.6179198300609147,away_win,False,-6.0,-11.00419506849611,1.8256952431670204
14,2,2025-03-22T13:20:00,M.C.G.,2025,Essendon,Adelaide,100.0,161.0,1439.6048578368116,1484.549597799038,-44.94473996222655,5.055260037773451,0.5072745906455084,0.4927254093544916,Essendon,0.5072745906455084,away_win,False,-61.0,-22.85075113567119,0.11262894061695328
15,2,2025-03-22T16:15:00,Adelaide Oval,2025,Port Adelaide,Richmond,140.0,68.0,1543.5006137186936,1280.7711750815702,262.7294386371234,312.7294386371234,0.858175148570185,0.14182485142981505,Port Adelaide,0.858175148570185,home_win,True,72.0,6.665768017201307,5.545451215689746
16,2,2025-03-22T19:35:00,Docklands,2025,St Kilda,Geelong,98.0,91.0,1474.76460543411,1606.4617851868852,-131.69717975277513,-81.69717975277513,0.3845483711009726,0.6154516288990274,Geelong,0.6154516288990274,home_win,False,7.0,11.909156800639579,-1.7874812878203314
17,2,2025-03-23T13:10:00,Gabba,2025,Brisbane Lions,West Coast,94.0,75.0,1700.706555169079,1259.0068230194495,441.6997321496294,491.6997321496294,0.9442993382331794,0.05570066176682065,Brisbane Lions,0.9442993382331794,home_win,True,19.0,1.6989839997138025,6.8788700588827725
18,2,2025-03-23T15:20:00,Docklands,2025,North Melbourne,Melbourne,125.0,66.0,1228.9446582146281,1511.9478795300085,-283.0032213153804,-233.00322131538042,0.2073005686285739,0.7926994313714261,Melbourne,0.7926994313714261,home_win,False,59.0,35.36892952454364,-4.531722605574108
19,2,2025-03-23T18:10:00,Perth Stadium,2025,Fremantle,Sydney,65.0,68.0,1509.543455934326,1621.529063910724,-111.98560797639811,-61.985607976398114,0.41173009426709367,0.5882699057329064,Sydney,0.5882699057329064,away_win,True,-3.0,-4.812283821026732,-1.366639919071457
20,3,2025-03-27T19:30:00,Docklands,2025,Essendon,Port Adelaide,72.0,60.0,1416.7541067011405,1550.166381735895,-133.41227503475443,-83.41227503475443,0.38221442628651886,0.6177855737134812,Port Adelaide,0.6177855737134812,home_win,False,12.0,15.540116044279998,-1.8236166175893906
21,3,2025-03-28T19:40:00,Docklands,2025,Carlton,Western Bulldogs,75.0,83.0,1504.3660780988735,1583.1298013755154,-78.76372327664194,-28.76372327664194,0.4586999878609662,0.5413000121390338,Western Bulldogs,0.5413000121390338,away_win,True,-8.0,-9.509604730954505,-0.6394279542806637
22,3,2025-03-29T13:20:00,M.C.G.,2025,Melbourne,Gold Coast,62.0,120.0,1476.578950005465,1459.1700502463834,17.408899759081578,67.40889975908158,0.5958100143150312,0.4041899856849688,Melbourne,0.5958100143150312,away_win,False,-58.0,-26.453468253606836,1.4833797444616148
23,3,2025-03-29T16:15:00,Docklands,2025,St Kilda,Richmond,135.0,53.0,1486.6737622347496,1274.1054070643688,212.56835517038076,262.56835517038076,0.8192782110785514,0.18072178892144863,St Kilda,0.8192782110785514,home_win,True,82.0,8.493924079308085,4.943228894681004
24,3,2025-03-29T19:35:00,Gabba,2025,Brisbane Lions,Geelong,70.0,61.0,1702.4055391687928,1594.5526283862457,107.85291078254704,157.85291078254704,0.7127288270359211,0.2872711729640789,Brisbane Lions,0.7127288270359211,home_win,True,9.0,6.315034457313271,3.2935767241468534
25,3,2025-03-29T19:35:00,York Park,2025,Hawthorn,Greater Western Sydney,76.0,64.0,1629.597310588844,1590.7788701981121,38.818440390731894,88.8184403907319,0.6251064982380523,0.3748935017619477,Hawthorn,0.6251064982380523,home_win,True,12.0,9.430276085289597,1.9369629230682055
26,3,2025-03-30T15:20:00,Adelaide Oval,2025,Adelaide,North Melbourne,114.0,78.0,1507.4003489347092,1264.3135877391717,243.08676119553752,293.0867611955375,0.8438480693709878,0.15615193062901223,Adelaide,0.8438480693709878,home_win,True,36.0,5.9878574234970925,5.3236320328691855
27,3,2025-03-30T18:10:00,Perth Stadium,2025,West Coast,Fremantle,68.0,106.0,1257.3078390197356,1504.7311721132992,-247.42333309356354,-197.42333309356354,0.24297089105237227,0.7570291089476278,Fremantle,0.7570291089476278,away_win,True,-38.0,-9.482105589692592,-3.9794563926926845
28,4,2025-04-03T19:30:00,M.C.G.,2025,Collingwood,Carlton,63.0,46.0,1571.6271377586713,1494.8564733679189,76.77066439075247,126.77066439075247,0.6747505422107405,0.3252494577892595,Collingwood,0.6747505422107405,home_win,True,17.0,9.490988102020449,2.7055774545315843
29,4,2025-04-04T19:40:00,Kardinia Park,2025,Geelong,Melbourne,85.0,46.0,1588.2375939289325,1450.1254817518582,138.11211217707432,188.11211217707432,0.7470348987847067,0.25296510121529325,Geelong,0.7470348987847067,home_win,True,39.0,9.954873713449073,3.8247209088963565
30,4,2025-04-05T13:20:00,Carrara,2025,Gold Coast,Adelaide,91.0,90.0,1485.6235184999903,1513.3882063582064,-27.76468785821612,22.23531214178388,0.5319555705432302,0.46804442945676983,Gold Coast,0.5319555705432302,home_win,True,1.0,2.3959839378017245,0.49475252044822143
31,4,2025-04-05T16:15:00,M.C.G.,2025,Richmond,Brisbane Lions,90.0,118.0,1265.6114829850608,1708.720573626106,-443.1090906410452,-393.1090906410452,0.0942410089724774,0.9057589910275226,Brisbane Lions,0.9057589910275226,away_win,True,-28.0,-3.318906368388557,-6.282168651434805
32,4,2025-04-05T19:35:00,Docklands,2025,North Melbourne,Sydney,52.0,117.0,1258.3257303156745,1626.3413477317508,-368.01561741607634,-318.01561741607634,0.13816144729374244,0.8618385527062575,Sydney,0.8618385527062575,away_win,True,-65.0,-6.336423647042983,-5.60216991602684
33,4,2025-04-06T13:10:00,Sydney Showground,2025,Greater Western Sydney,West Coast,132.0,51.0,1581.3485941128226,1247.825733430043,333.52286068277954,383.52286068277954,0.9009419740412862,0.09905802595871382,Greater Western Sydney,0.9009419740412862,home_win,True,81.0,4.65572722005955,6.207589125722433
34,4,2025-04-06T15:20:00,Adelaide Oval,2025,Port Adelaide,St Kilda,72.0,89.0,1534.626265691615,1495.1676863140576,39.45857937755727,89.45857937755727,0.6259696581117222,0.3740303418882778,Port Adelaide,0.6259696581117222,away_win,False,-17.0,-18.266196714810793,1.9503268066036359
35,4,2025-04-06T17:10:00,Perth Stadium,2025,Fremantle,Western Bulldogs,97.0,81.0,1514.2132777029917,1592.63940610647,-78.42612840347829,-28.426128403478288,0.45918254975770934,0.5408174502422907,Western Bulldogs,0.5408174502422907,home_win,False,16.0,15.395534219667367,-0.6319566836812873
36,5,2025-04-10T19:40:00,Adelaide Oval,2025,Adelaide,Geelong,100.0,119.0,1510.9922224204047,1598.1924676423816,-87.20024522197696,-37.20024522197696,0.44666818992294444,0.5533318100770556,Geelong,0.5533318100770556,away_win,True,-19.0,-13.624292491121778,-0.825710416279174
37,5,2025-04-11T19:40:00,Adelaide Oval,2025,Collingwood,Sydney,109.0,78.0,1581.1181258606919,1632.6777713787938,-51.55964551810189,-1.5596455181018882,0.49775550475127334,0.5022444952487266,Sydney,0.5022444952487266,home_win,False,31.0,18.321138808637404,-0.03475042574937936
38,5,2025-04-12T12:35:00,Barossa Park,2025,North Melbourne,Gold Coast,89.0,141.0,1251.9893066686316,1488.019502437792,-236.0301957691604,-186.0301957691604,0.2552365499812206,0.7447634500187794,Gold Coast,0.7447634500187794,away_win,True,-52.0,-10.975767155796838,-3.7895531749799414
39,5,2025-04-12T13:20:00,Adelaide Oval,2025,Carlton,West Coast,121.0,50.0,1485.3654852658983,1243.1700062099835,242.1954790559148,292.1954790559148,0.8431708203174636,0.1568291796825364,Carlton,0.8431708203174636,home_win,True,71.0,7.370971445079211,5.313146515930942
40,5,2025-04-12T16:15:00,Norwood Oval,2025,Western Bulldogs,Brisbane Lions,97.0,118.0,1577.2438718868027,1712.0394799944945,-134.7956081076918,-84.7956081076918,0.3803358975124226,0.6196641024875774,Brisbane Lions,0.6196641024875774,away_win,True,-21.0,-12.058108063150486,-1.8527009628199451
41,5,2025-04-12T19:35:00,Adelaide Oval,2025,Melbourne,Essendon,57.0,96.0,1440.170608038409,1432.2942227454205,7.876385292988516,57.876385292988516,0.5825288458722356,0.41747115412776437,Melbourne,0.5825288458722356,away_win,False,-39.0,-22.924115094294915,1.277753888003153
42,5,2025-04-13T12:35:00,Barossa Park,2025,Richmond,Fremantle,47.0,108.0,1262.2925766166722,1529.608811922659,-267.31623530598677,-217.31623530598677,0.2225317862369781,0.7774682137630219,Fremantle,0.7774682137630219,away_win,True,-61.0,-10.024193130996105,-4.295905088529346
43,5,2025-04-13T15:20:00,Norwood Oval,2025,St Kilda,Greater Western Sydney,82.0,110.0,1513.4338830288684,1586.0043213328822,-72.5704383040138,-22.570438304013805,0.4675641438568847,0.5324358561431153,Greater Western Sydney,0.5324358561431153,away_win,True,-28.0,-16.46630942936905,-0.5021885482530352
44,5,2025-04-13T19:20:00,Adelaide Oval,2025,Port Adelaide,Hawthorn,121.0,91.0,1516.360068976804,1639.0275866741335,-122.66751769732946,-72.66751769732946,0.3969217357963307,0.6030782642036693,Hawthorn,0.6030782642036693,home_win,False,30.0,21.753787063067698,-1.59591051423105
45,6,2025-04-17T19:30:00,Gabba,2025,Brisbane Lions,Collingwood,53.0,105.0,1724.097588057645,1599.4392646693293,124.6583233883157,174.6583233883157,0.7321217285210674,0.2678782714789326,Brisbane Lions,0.7321217285210674,away_win,False,-52.0,-31.482942480369573,3.593827563843184
46,6,2025-04-18T15:20:00,Docklands,2025,North Melbourne,Carlton,71.0,153.0,1241.0135395128348,1492.7364567109776,-251.7229171981428,-201.7229171981428,0.23844740872989656,0.7615525912701034,Carlton,0.7615525912701034,away_win,True,-82.0,-11.207028210305138,-4.0494912643035725
47,6,2025-04-18T18:10:00,Perth Stadium,2025,West Coast,Essendon,75.0,77.0,1235.7990347649043,1455.2183378397153,-219.41930307481107,-169.41930307481107,0.273834129477558,0.7261658705224421,Essendon,0.7261658705224421,away_win,True,-2.0,-2.411220122945446,-3.5016159179185626
48,6,2025-04-19T13:20:00,M.C.G.,2025,Melbourne,Fremantle,107.0,97.0,1417.2464929441142,1539.633005053655,-122.38651210954094,-72.38651210954094,0.3973090126458002,0.6026909873541998,Fremantle,0.6026909873541998,home_win,False,10.0,13.93800061574854,-1.5899144955673536
49,6,2025-04-19T16:15:00,Adelaide Oval,2025,Adelaide,Greater Western Sydney,52.0,34.0,1497.3679299292828,1602.4706307622512,-105.10270083296837,-55.10270083296837,0.42135909875036764,0.5786409012496323,Greater Western Sydney,0.5786409012496323,home_win,False,18.0,17.27692252054758,-1.217558736776113
50,6,2025-04-19T19:35:00,Docklands,2025,Richmond,Gold Coast,80.0,69.0,1252.2683834856762,1498.9952695935888,-246.7268861079126,-196.7268861079126,0.24370906336596232,0.7562909366340377,Gold Coast,0.7562909366340377,home_win,False,11.0,18.286416553088674,-3.9680276306188005
51,6,2025-04-20T15:20:00,S.C.G.,2025,Sydney,Port Adelaide,77.0,85.0,1614.3566325701563,1538.1138560398717,76.24277653028457,126.24277653028457,0.6740832938057192,0.3259167061942808,Sydney,0.6740832938057192,away_win,False,-8.0,-13.974854696911917,2.6952467727588165
52,6,2025-04-20T19:20:00,Docklands,2025,Western Bulldogs,St Kilda,127.0,56.0,1565.1857638236522,1496.9675735994995,68.21819022415275,118.21819022415275,0.6638544351327126,0.3361455648672874,Western Bulldogs,0.6638544351327126,home_win,True,71.0,15.798841548762509,2.5368783404714828
53,6,2025-04-21T15:20:00,M.C.G.,2025,Geelong,Hawthorn,86.0,79.0,1611.8167601335035,1617.273799611066,-5.457039477562375,44.542960522437625,0.5637535599050763,0.43624644009492375,Geelong,0.5637535599050763,home_win,True,7.0,8.441487543229213,0.9870652882855635
54,7,2025-04-24T19:30:00,M.C.G.,2025,Melbourne,Richmond,83.0,63.0,1431.1844935598626,1270.5548000387648,160.6296935210978,210.6296935210978,0.7707378123582611,0.2292621876417389,Melbourne,0.7707378123582611,home_win,True,20.0,7.1338423143470555,4.191701564635792
55,7,2025-04-25T15:20:00,M.C.G.,2025,Collingwood,Essendon,107.0,66.0,1630.9222071496988,1457.6295579626608,173.29264918703802,223.29264918703802,0.7833634692621605,0.2166365307378395,Collingwood,0.7833634692621605,home_win,True,41.0,8.661927886463515,4.387178455498003
56,7,2025-04-25T20:10:00,Perth Stadium,2025,Fremantle,Adelaide,85.0,67.0,1525.6950044379066,1514.6448524498303,11.050151988076323,61.05015198807632,0.5869650162499381,0.41303498375006187,Fremantle,0.5869650162499381,home_win,True,18.0,12.332300390647475,1.3464369513375054
57,7,2025-04-26T13:20:00,Docklands,2025,St Kilda,Brisbane Lions,73.0,118.0,1481.168732050737,1692.6146455772755,-211.44591352653856,-161.44591352653856,0.28305510543928075,0.7169448945607193,Brisbane Lions,0.7169448945607193,away_win,True,-45.0,-11.65117753102396,-3.35885204230936
58,7,2025-04-26T16:15:00,Adelaide Oval,2025,Port Adelaide,North Melbourne,97.0,88.0,1552.0887107367837,1229.8065113025295,322.28219943425415,372.28219943425415,0.8950155273115276,0.10498447268847244,Port Adelaide,0.8950155273115276,home_win,True,9.0,2.3078562170714854,6.115832840135744
59,7,2025-04-26T19:35:00,Manuka Oval,2025,Greater Western Sydney,Western Bulldogs,81.0,113.0,1585.1937082417037,1580.9846053724148,4.209102869288927,54.20910286928893,0.5773862179029816,0.4226137820970184,Greater Western Sydney,0.5773862179029816,away_win,False,-32.0,-21.290359376814852,1.19813308617538
60,7,2025-04-27T13:15:00,Carrara,2025,Gold Coast,Sydney,117.0,79.0,1480.7088530405001,1600.3817778732443,-119.67292483274423,-69.67292483274423,0.4010553852795952,0.5989446147204047,Sydney,0.5989446147204047,home_win,False,38.0,23.37422419022394,-1.531911234426989
61,7,2025-04-27T15:20:00,M.C.G.,2025,Carlton,Geelong,94.0,76.0,1503.9434849212828,1620.2582476767327,-116.31476275544992,-66.31476275544992,0.40570767007360375,0.5942923299263962,Geelong,0.5942923299263962,home_win,False,18.0,17.74423915855287,-1.4598821769402879
62,7,2025-04-27T16:45:00,Docklands,2025,Hawthorn,West Coast,124.0,74.0,1608.8323120678367,1233.3878146419588,375.4444974258779,425.4444974258779,0.9204923461709683,0.07950765382903169,Hawthorn,0.9204923461709683,home_win,True,50.0,3.3792396593593965,6.510278006641508
63,8,2025-05-01T19:30:00,Docklands,2025,Essendon,North Melbourne,65.0,62.0,1448.9676300761973,1227.498655085458,221.4689749907393,271.4689749907393,0.8267405927000115,0.17325940729998845,Essendon,0.8267405927000115,home_win,True,3.0,2.0250485796394995,5.058765311430919
64,8,2025-05-02T19:40:00,Docklands,2025,St Kilda,Fremantle,94.0,33.0,1469.517554519713,1538.0273048285542,-68.50975030884115,-18.50975030884115,0.4733875010276842,0.5266124989723158,Fremantle,0.5266124989723158,home_win,False,61.0,23.721848838589835,-0.41202834805177085
65,8,2025-05-03T13:20:00,Eureka Stadium,2025,Western Bulldogs,Port Adelaide,131.0,41.0,1602.2749647492296,1554.3965669538552,47.87839779537444,97.87839779537444,0.6372465782648122,0.36275342173518776,Western Bulldogs,0.6372465782648122,home_win,True,90.0,17.049410821553824,2.1249218638593605
66,8,2025-05-03T16:15:00,Adelaide Oval,2025,Adelaide,Carlton,110.0,50.0,1502.3125520591827,1521.6877240798356,-19.375172020652826,30.624827979347174,0.5439588815071565,0.45604111849284346,Adelaide,0.5439588815071565,home_win,True,60.0,20.446124016674123,0.6805939325141518
67,8,2025-05-03T19:35:00,M.C.G.,2025,Collingwood,Geelong,87.0,90.0,1639.5841350361623,1602.51400851818,37.07012651798232,87.07012651798232,0.6227450386649409,0.3772549613350591,Collingwood,0.6227450386649409,away_win,False,-3.0,-7.2786175116164555,1.9004015957042364
68,8,2025-05-03T19:35:00,Perth Stadium,2025,West Coast,Melbourne,76.0,108.0,1230.0085749825994,1438.3183358742097,-208.30976089161027,-158.30976089161027,0.28673302381561644,0.7132669761843835,Melbourne,0.7132669761843835,away_win,True,-32.0,-10.572904120238373,-3.3019086250659337
69,8,2025-05-04T13:10:00,S.C.G.,2025,Sydney,Greater Western Sydney,87.0,73.0,1577.0075536830204,1563.9033488648888,13.10420481813162,63.10420481813162,0.5898286334348515,0.4101713665651485,Sydney,0.5898286334348515,home_win,True,14.0,11.039276526342821,1.3907729402042375
70,8,2025-05-04T15:20:00,M.C.G.,2025,Hawthorn,Richmond,109.0,44.0,1612.2115517271961,1263.4209577244178,348.79059400277833,398.79059400277833,0.9085139044011571,0.09148609559884291,Hawthorn,0.9085139044011571,home_win,True,65.0,4.195777265532441,6.324821632184383
71,8,2025-05-04T19:20:00,Gabba,2025,Brisbane Lions,Gold Coast,66.0,49.0,1704.2658231082994,1504.083077230724,200.18274587757537,250.18274587757537,0.808480612116366,0.19151938788363398,Brisbane Lions,0.808480612116366,home_win,True,17.0,5.588658760770528,4.776054933755996
72,9,2025-05-08T20:10:00,Perth Stadium,2025,Fremantle,Collingwood,83.0,97.0,1514.3054559899642,1632.3055175245458,-118.00006153458162,-68.00006153458162,0.40337074144628365,0.5966292585537163,Collingwood,0.5966292585537163,away_win,True,-14.0,-10.856245755892349,-1.4960637036293543
73,9,2025-05-09T19:40:00,M.C.G.,2025,St Kilda,Carlton,62.0,77.0,1493.2394033583028,1501.2416000631615,-8.002196704858761,41.99780329514124,0.5601470296681385,0.43985297033186155,St Kilda,0.5601470296681385,away_win,False,-15.0,-15.523450533732012,0.9312271388028682
74,9,2025-05-10T13:20:00,M.C.G.,2025,Melbourne,Hawthorn,56.0,91.0,1448.891239994448,1616.4073289927285,-167.51608899828057,-117.51608899828057,0.3370480556705728,0.6629519443294272,Hawthorn,0.6629519443294272,away_win,True,-35.0,-12.805536178826765,-2.5229055153265607
75,9,2025-05-10T16:15:00,Docklands,2025,Essendon,Sydney,71.0,63.0,1450.992678655837,1588.0468302093632,-137.05415155352625,-87.05415155352625,0.3772765659104848,0.6227234340895151,Sydney,0.6227234340895151,home_win,False,8.0,12.910080382842363,-1.9000671025951046
76,9,2025-05-10T19:35:00,Marrara Oval,2025,Gold Coast,Western Bulldogs,106.0,96.0,1498.4944184699534,1619.3243755707836,-120.82995710083014,-70.82995710083014,0.3994565472502365,0.6005434527497635,Western Bulldogs,0.6005434527497635,home_win,False,10.0,13.888336128860532,-1.5566652642054144
77,9,2025-05-10T20:10:00,Adelaide Oval,2025,Port Adelaide,Adelaide,84.0,89.0,1537.3471561323013,1522.7586760758568,14.588480056444496,64.5884800564445,0.5918941348308234,0.4081058651691766,Port Adelaide,0.5918941348308234,away_win,False,-5.0,-9.50815575877252,1.4227520913905376
78,9,2025-05-11T13:10:00,M.C.G.,2025,Richmond,West Coast,81.0,79.0,1259.2251804588855,1219.4356708623611,39.78950959652434,89.78950959652434,0.6264155688224998,0.3735844311775002,Richmond,0.6264155688224998,home_win,True,2.0,3.2895618226731704,1.9572306247580833
79,9,2025-05-11T15:20:00,Kardinia Park,2025,Geelong,Greater Western Sydney,101.0,105.0,1609.7926260297963,1552.864072338546,56.92855369125027,106.92855369125027,0.6492012888260088,0.3507987111739912,Geelong,0.6492012888260088,away_win,False,-4.0,-9.124711583431628,2.3100108195824185
80,9,2025-05-11T16:40:00,Bellerive Oval,2025,North Melbourne,Brisbane Lions,71.0,71.0,1225.4736065058185,1709.85448186907,-484.38087536325156,-434.38087536325156,0.0758233233427532,0.9241766766572468,Brisbane Lions,0.9241766766572468,draw,False,0.0,0.0,-6.567320699457289
81,10,2025-05-15T19:30:00,Marrara Oval,2025,Gold Coast,Hawthorn,104.0,96.0,1512.382754598814,1629.2128651715552,-116.8301105727412,-66.8301105727412,0.40499260149128047,0.5950073985087195,Hawthorn,0.5950073985087195,home_win,False,8.0,12.335481407351816,-1.4709532352059878
82,10,2025-05-16T19:40:00,S.C.G.,2025,Sydney,Carlton,78.0,62.0,1575.1367498265208,1516.7650505968936,58.37169922962721,108.37169922962721,0.6510908577230388,0.34890914227696124,Sydney,0.6510908577230388,home_win,True,16.0,9.93245065793126,2.3392660936543184
83,10,2025-05-17T13:20:00,M.C.G.,2025,Collingwood,Adelaide,78.0,68.0,1643.1617632804382,1532.2668318346293,110.89493144580888,160.89493144580888,0.7163008016610622,0.28369919833893775,Collingwood,0.7163008016610622,home_win,True,10.0,6.560907138323623,3.3488798659378882
84,10,2025-05-17T16:15:00,Sydney Showground,2025,Greater Western Sydney,Fremantle,61.0,95.0,1561.9887839219778,1503.4492102340719,58.539573687905886,108.53957368790589,0.6513103558548012,0.34868964414519876,Greater Western Sydney,0.6513103558548012,away_win,False,-34.0,-24.50907810648353,2.342664476223525
85,10,2025-05-17T16:15:00,Adelaide Oval,2025,Port Adelaide,Geelong,39.0,115.0,1527.8390003735287,1600.6679144463646,-72.82891407283591,-22.828914072835914,0.4671937506717032,0.5328062493282968,Geelong,0.5328062493282968,away_win,True,-76.0,-21.95810628157005,-0.5079231653733111
86,10,2025-05-17T19:35:00,Docklands,2025,Western Bulldogs,Essendon,127.0,36.0,1605.436039441923,1463.9027590386793,141.53328040324368,191.53328040324368,0.7507383780161515,0.2492616219838485,Western Bulldogs,0.7507383780161515,home_win,True,91.0,11.71529623324088,3.8820600723985748
87,10,2025-05-18T13:10:00,M.C.G.,2025,Richmond,North Melbourne,74.0,78.0,1262.5147422815587,1225.4736065058185,37.04113577574026,87.04113577574026,0.6227058311638283,0.37729416883617173,Richmond,0.6227058311638283,away_win,False,-4.0,-8.752310274932045,1.8997945650780828
88,10,2025-05-18T15:20:00,Gabba,2025,Brisbane Lions,Melbourne,88.0,99.0,1709.85448186907,1436.0857038156212,273.76877805344884,323.76877805344884,0.8657349426578996,0.13426505734210037,Brisbane Lions,0.8657349426578996,away_win,False,-11.0,-20.932671567459575,5.662495822166308
89,10,2025-05-18T16:40:00,Perth Stadium,2025,West Coast,St Kilda,108.0,80.0,1216.1461090396879,1477.7159528245706,-261.5698437848828,-211.56984378488278,0.22830729369677732,0.7716927063032226,St Kilda,0.7716927063032226,home_win,False,28.0,27.176871993557963,-4.206485722076866
90,11,2025-05-22T19:30:00,Kardinia Park,2025,Geelong,Western Bulldogs,127.0,113.0,1622.6260207279347,1617.1513356751639,5.4746850527708375,55.47468505277084,0.5791628987536597,0.42083710124634033,Geelong,0.5791628987536597,home_win,True,14.0,11.326332142848369,1.225640569658296
91,11,2025-05-23T19:40:00,M.C.G.,2025,Essendon,Richmond,81.0,58.0,1452.1874628054384,1253.7624320066266,198.4250307988118,248.4250307988118,0.8069090176672861,0.19309098233271393,Essendon,0.8069090176672861,home_win,True,23.0,6.334522586803338,4.75172270304984
92,11,2025-05-24T12:35:00,Docklands,2025,Carlton,Greater Western Sydney,82.0,110.0,1506.8325999389624,1537.4797058154943,-30.647105876531896,19.352894123468104,0.5278222844340066,0.4721777155659934,Carlton,0.5278222844340066,away_win,False,-28.0,-18.588433637176177,0.43075886658729173
93,11,2025-05-24T16:15:00,M.C.G.,2025,Hawthorn,Brisbane Lions,60.0,93.0,1616.8773837642034,1688.9218103016105,-72.04442653740716,-22.044426537407162,0.46831802342769074,0.5316819765723093,Brisbane Lions,0.5316819765723093,away_win,True,-33.0,-17.448329346516854,-0.49051659837293127
94,11,2025-05-24T19:35:00,Docklands,2025,North Melbourne,Collingwood,63.0,108.0,1234.2259167807506,1649.722670418762,-415.49675363801134,-365.49675363801134,0.10871170765131642,0.8912882923486836,Collingwood,0.8912882923486836,away_win,True,-45.0,-4.474815614367961,-6.05812587822514
95,11,2025-05-24T20:10:00,Perth Stadium,2025,Fremantle,Port Adelaide,100.0,51.0,1527.9582883405553,1505.8808940919587,22.077394248596647,72.07739424859665,0.6022648180530024,0.39773518194699764,Fremantle,0.6022648180530024,home_win,True,49.0,16.802199232573066,1.5833163240335408
96,11,2025-05-25T13:10:00,Adelaide Oval,2025,Adelaide,West Coast,128.0,62.0,1525.7059246963056,1243.322981033246,282.3829436630597,332.3829436630597,0.8713950385094643,0.12860496149053569,Adelaide,0.8713950385094643,home_win,True,66.0,5.923408330276119,5.750128326951406
97,11,2025-05-25T15:20:00,M.C.G.,2025,Melbourne,Sydney,131.0,78.0,1457.0183753830806,1585.069200484452,-128.0508251013714,-78.0508251013714,0.3895280030332384,0.6104719969667616,Sydney,0.6104719969667616,home_win,False,53.0,26.40021302292906,-1.710384074173026
98,11,2025-05-25T16:40:00,Docklands,2025,St Kilda,Gold Coast,61.0,80.0,1450.5390808310126,1524.7182360061659,-74.17915517515326,-24.179155175153255,0.46525946576151206,0.5347405342384879,Gold Coast,0.5347405342384879,away_win,True,-19.0,-14.19136439264104,-0.5378707556780248
99,12,2025-05-29T19:30:00,Gabba,2025,Brisbane Lions,Essendon,90.0,72.0,1706.3701396481274,1458.5219853922417,247.84815425588567,297.8481542558857,0.8474257419732912,0.15257425802670876,Brisbane Lions,0.8474257419732912,home_win,True,18.0,4.555525938219628,5.379023393662872
100,12,2025-05-30T19:40:00,M.C.G.,2025,Collingwood,Hawthorn,107.0,56.0,1654.19748603313,1599.4290544176865,54.76843161544343,104.76843161544343,0.6463642045962241,0.3536357954037759,Collingwood,0.6463642045962241,home_win,True,51.0,15.119540878986403,2.2660856275251846
101,12,2025-05-31T13:20:00,Carrara,2025,Gold Coast,Fremantle,64.0,75.0,1538.9096003988068,1544.7604875731283,-5.850887174321542,44.14911282567846,0.5631959020908169,0.43680409790918306,Gold Coast,0.5631959020908169,away_win,False,-11.0,-13.617556905364234,0.9784313442043837
102,12,2025-05-31T16:15:00,Sydney Showground,2025,Greater Western Sydney,Richmond,80.0,77.0,1556.0681394526705,1247.4279094198232,308.6402300328473,358.6402300328473,0.8874044959092746,0.11259550409072538,Greater Western Sydney,0.8874044959092746,home_win,True,3.0,1.3160114604220519,5.997994951296268
103,12,2025-05-31T19:35:00,S.C.G.,2025,Sydney,Adelaide,41.0,131.0,1558.6689874615229,1531.6293330265817,27.039654434941212,77.03965443494121,0.609086955680515,0.39091304431948504,Sydney,0.609086955680515,away_win,False,-90.0,-28.627086916984204,1.6889401551427483
104,12,2025-06-01T15:20:00,Traeger Park,2025,Melbourne,St Kilda,63.0,91.0,1483.4185884060098,1436.3477164383717,47.07087196763814,97.07087196763814,0.636171333021171,0.363828666978829,Melbourne,0.636171333021171,away_win,False,-28.0,-22.404185943794634,2.108274365931831
105,12,2025-06-01T19:20:00,Perth Stadium,2025,West Coast,Geelong,73.0,116.0,1237.3995727029699,1633.952352870783,-396.5527801678131,-346.5527801678131,0.11973751558465841,0.8802624844153416,Geelong,0.8802624844153416,away_win,True,-43.0,-4.859669062386534,-5.887418669051102
106,13,2025-06-05T19:30:00,Docklands,2025,Western Bulldogs,Hawthorn,59.0,81.0,1605.8250035323156,1584.3095135387002,21.515489993615347,71.51548999361535,0.6014897446692103,0.39851025533078965,Western Bulldogs,0.6014897446692103,away_win,False,-22.0,-19.40784225480617,1.5713162406789136
107,13,2025-06-06T19:40:00,Adelaide Oval,2025,Adelaide,Brisbane Lions,68.0,63.0,1560.2564199435658,1710.9256655863471,-150.66924564278133,-100.66924564278133,0.35904793694033865,0.6409520630596613,Brisbane Lions,0.6409520630596613,home_win,False,5.0,10.296219696820827,-2.1822920785220603
108,13,2025-06-07T13:20:00,M.C.G.,2025,Richmond,Sydney,36.0,80.0,1246.1118979594012,1530.0419005445387,-283.9300025851376,-233.93000258513757,0.20642525575647383,0.7935747442435261,Sydney,0.7935747442435261,away_win,True,-44.0,-8.438095614069484,-4.545274648059673
109,13,2025-06-07T16:15:00,Kardinia Park,2025,Geelong,Gold Coast,61.0,37.0,1638.8120219331695,1525.2920434934426,113.51997843972686,163.51997843972686,0.7193615026524743,0.28063849734752566,Geelong,0.7193615026524743,home_win,True,24.0,9.352120874680894,3.3962672073027043
110,13,2025-06-07T19:35:00,Manuka Oval,2025,Greater Western Sydney,Port Adelaide,50.0,66.0,1557.3841509130925,1489.0786948593857,68.30545605370685,118.30545605370685,0.6639665244981486,0.33603347550185136,Greater Western Sydney,0.6639665244981486,away_win,False,-16.0,-18.901238013021334,2.538613765473202
111,13,2025-06-08T15:20:00,Hands Oval,2025,North Melbourne,West Coast,62.0,52.0,1229.7511011663826,1232.5399036405834,-2.788802474200793,47.21119752579921,0.5675272627373583,0.4324727372626417,North Melbourne,0.5675272627373583,home_win,True,10.0,10.001485677964242,1.0454916895656896
112,13,2025-06-08T19:20:00,M.C.G.,2025,Carlton,Essendon,78.0,70.0,1488.2441663017862,1453.966459454022,34.27770684776419,84.2777068477642,0.6189612228501973,0.3810387771498027,Carlton,0.6189612228501973,home_win,True,8.0,7.899560178229587,1.8418186200467153
113,13,2025-06-09T15:20:00,M.C.G.,2025,Melbourne,Collingwood,71.0,72.0,1461.0144024622152,1669.3170269121163,-208.30262444990103,-158.30262444990103,0.28674142559080484,0.7132585744091952,Collingwood,0.7132585744091952,away_win,True,-1.0,-1.467868874788933,-3.301778544476539
114,14,2025-06-12T19:30:00,Docklands,2025,St Kilda,Western Bulldogs,60.0,132.0,1458.7519023821662,1586.4171612775094,-127.66525889534319,-77.66525889534319,0.39005591974632037,0.6099440802536796,Western Bulldogs,0.6099440802536796,away_win,True,-72.0,-18.332628228077056,-1.7022105970626522
115,14,2025-06-13T19:40:00,York Park,2025,Hawthorn,Adelaide,47.0,44.0,1603.7173557935064,1570.5526396403866,33.1647161531198,83.1647161531198,0.6174490219451135,0.38255097805488647,Hawthorn,0.6174490219451135,home_win,True,3.0,4.471239552426893,1.8184059506280255
116,14,2025-06-14T13:20:00,Gabba,2025,Brisbane Lions,Greater Western Sydney,96.0,107.0,1700.6294458895263,1538.4829129000711,162.14653298945518,212.14653298945518,0.7722770518961769,0.2277229481038231,Brisbane Lions,0.7722770518961769,away_win,False,-11.0,-18.672946059908114,4.215532860025344
117,14,2025-06-14T16:15:00,M.C.G.,2025,Essendon,Geelong,56.0,151.0,1446.0668992757924,1648.1641428078503,-202.09724353205797,-152.09724353205797,0.29410241336119297,0.7058975866388071,Geelong,0.7058975866388071,away_win,True,-95.0,-13.822813427976069,-3.1878119592934873
118,14,2025-06-14T19:35:00,Perth Stadium,2025,North Melbourne,Fremantle,67.0,73.0,1239.7525868443468,1558.3780444784925,-318.62545763414573,-268.62545763414573,0.175616609747267,0.824383390252733,Fremantle,0.824383390252733,away_win,True,-6.0,-3.1274598045127844,-5.022269895070879
119,14,2025-06-15T15:20:00,Adelaide Oval,2025,Port Adelaide,Melbourne,93.0,68.0,1507.979932872407,1459.5465335874262,48.43339928498085,98.43339928498085,0.6379847851956322,0.3620152148043678,Port Adelaide,0.6379847851956322,home_win,True,25.0,12.244624040266078,2.1363511618949387
120,14,2025-06-15T18:10:00,Perth Stadium,2025,West Coast,Carlton,52.0,86.0,1222.5384179626192,1496.1437264800159,-273.6053085173967,-223.60530851739668,0.2163312491957587,0.7836687508042413,Carlton,0.7836687508042413,away_win,True,-34.0,-8.140634393035832,-4.391904980789938
121,15,2025-06-19T20:10:00,Perth Stadium,2025,Fremantle,Essendon,104.0,63.0,1561.5055042830052,1432.2440858478162,129.26141843518894,179.26141843518894,0.7372863459359372,0.2627136540640628,Fremantle,0.7372863459359372,home_win,True,41.0,10.504261301368588,3.6737888175376185
122,15,2025-06-20T19:40:00,Kardinia Park,2025,Geelong,Brisbane Lions,51.0,92.0,1661.9869562358265,1681.9564998296182,-19.96954359379174,30.03045640620826,0.5431099968132898,0.45689000318671025,Geelong,0.5431099968132898,away_win,False,-41.0,-21.715541745390585,0.6674510646284934
123,15,2025-06-21T13:20:00,M.C.G.,2025,Carlton,North Melbourne,73.0,84.0,1504.2843608730516,1236.625127039834,267.6592338332175,317.6592338332175,0.8615940923000293,0.13840590769997074,Carlton,0.8615940923000293,away_win,False,-11.0,-20.832549629115277,5.598385054731136
124,15,2025-06-21T16:15:00,Adelaide Oval,2025,Port Adelaide,Sydney,52.0,71.0,1520.224556912673,1538.4799961586082,-18.255439245935122,31.744560754064878,0.5455573924756246,0.4544426075243754,Port Adelaide,0.5455573924756246,away_win,False,-19.0,-16.640615234014945,0.7053428985682489
125,15,2025-06-21T19:35:00,Docklands,2025,Collingwood,St Kilda,108.0,74.0,1670.7848957869053,1440.4192741540892,230.3656216328161,280.3656216328161,0.8339541198969013,0.16604588010309873,Collingwood,0.8339541198969013,home_win,True,34.0,6.248375153448201,5.17044883644121
126,15,2025-06-22T13:10:00,Sydney Showground,2025,Greater Western Sydney,Gold Coast,106.0,99.0,1557.1558589599792,1515.9399226187618,41.21593634121746,91.21593634121746,0.6283351366939771,0.3716648633060229,Greater Western Sydney,0.6283351366939771,home_win,True,7.0,7.191816426447185,1.9869503583269152
127,15,2025-06-22T15:20:00,Docklands,2025,Western Bulldogs,Richmond,135.0,56.0,1604.7497895055865,1237.6738023453318,367.0759871602547,417.0759871602547,0.9168945643978533,0.08310543560214667,Western Bulldogs,0.9168945643978533,home_win,True,79.0,3.9059554733008937,6.454575305359324
133,16,2025-06-26T19:30:00,Adelaide Oval,2025,Port Adelaide,Carlton,110.0,60.0,1503.583941678658,1483.4518112439364,20.132130434721603,70.1321304347216,0.5995794193184938,0.4004205806815062,Port Adelaide,0.5995794193184938,home_win,True,50.0,17.01870249589208,1.541739604553311
132,16,2025-06-27T19:40:00,S.C.G.,2025,Sydney,Western Bulldogs,96.0,105.0,1555.1206113926232,1608.6557449788875,-53.53513358626424,-3.5351335862642372,0.49491270937399223,0.5050872906260078,Western Bulldogs,0.5050872906260078,away_win,True,-9.0,-10.87958384689659,-0.07876404071912815
129,16,2025-06-28T13:20:00,Carrara,2025,Gold Coast,Melbourne,104.0,85.0,1508.7481061923147,1447.3019095471602,61.44619664515449,111.44619664515449,0.6551005652822718,0.3448994347177282,Gold Coast,0.6551005652822718,home_win,True,19.0,10.52013750839863,2.4013464410700243
130,16,2025-06-28T16:15:00,York Park,2025,Hawthorn,North Melbourne,150.0,65.0,1608.1885953459332,1257.4576766689493,350.73091867698395,400.73091867698395,0.9094380388597059,0.09056196114029413,Hawthorn,0.9094380388597059,home_win,True,85.0,4.256412173593825,6.339129555492513
128,16,2025-06-28T19:35:00,Docklands,2025,Collingwood,West Coast,88.0,59.0,1677.0332709403535,1214.3977835695835,462.6354873707701,512.6354873707701,0.9503091753682013,0.04969082463179875,Collingwood,0.9503091753682013,home_win,True,29.0,1.7715323383851682,6.971917437461507
131,16,2025-06-29T15:20:00,M.C.G.,2025,Richmond,Adelaide,54.0,122.0,1233.7678468720308,1566.0814000879598,-332.313553215929,-282.313553215929,0.16449894582156085,0.8355010541784391,Adelaide,0.8355010541784391,away_win,True,-68.0,-7.639890132554592,-5.1943992657950915
134,16,2025-06-29T17:10:00,Perth Stadium,2025,Fremantle,St Kilda,81.0,69.0,1572.0097655843738,1434.170899000641,137.83886658373285,187.83886658373285,0.7467375411717179,0.25326245882828213,Fremantle,0.7467375411717179,home_win,True,12.0,6.3707023396381794,3.820117065935653
139,17,2025-07-03T19:30:00,Docklands,2025,North Melbourne,Western Bulldogs,85.0,134.0,1253.2012644953554,1619.535328825784,-366.33406433042865,-316.33406433042865,0.13931809064351533,0.8606819093564847,Western Bulldogs,0.8606819093564847,away_win,True,-49.0,-5.885449469757898,-5.584262170903478
136,17,2025-07-04T19:20:00,M.C.G.,2025,Carlton,Collingwood,59.0,115.0,1466.4331087480443,1678.8048032787387,-212.3716945306944,-162.3716945306944,0.2819748713296374,0.7180251286703626,Collingwood,0.7180251286703626,away_win,True,-56.0,-12.39270422593516,-3.3755767804171395
143,17,2025-07-04T20:20:00,Perth Stadium,2025,West Coast,Greater Western Sydney,52.0,111.0,1212.6262512311982,1564.3476753864263,-351.7214241552281,-301.7214241552281,0.14971372278092027,0.8502862772190798,Greater Western Sydney,0.8502862772190798,away_win,True,-59.0,-6.679977177143091,-5.423311666368573
137,17,2025-07-05T12:35:00,Docklands,2025,Essendon,Gold Coast,74.0,115.0,1421.7398245464476,1519.2682437007134,-97.52841915426575,-47.52841915426575,0.4320246008002688,0.5679753991997312,Gold Coast,0.5679753991997312,away_win,True,-41.0,-17.273937708311344,-1.052429967947038
138,17,2025-07-05T16:15:00,Kardinia Park,2025,Geelong,Richmond,124.0,52.0,1640.271414490436,1226.127956739476,414.1434577509599,464.1434577509599,0.935343458701525,0.06465654129847498,Geelong,0.935343458701525,home_win,True,72.0,3.0388574410283242,6.740210542066374
135,17,2025-07-05T19:35:00,Gabba,2025,Brisbane Lions,Port Adelaide,120.0,92.0,1703.6720415750087,1520.60264417455,183.06939740045868,233.06939740045868,0.792762023162867,0.20723797683713296,Brisbane Lions,0.792762023162867,home_win,True,28.0,7.298345471848569,4.532691683767624
140,17,2025-07-05T19:40:00,Docklands,2025,St Kilda,Hawthorn,74.0,94.0,1427.8001966610027,1612.445007519527,-184.64481085852435,-134.64481085852435,0.3153816934277936,0.6846183065722065,Hawthorn,0.6846183065722065,away_win,True,-20.0,-9.813581964337919,-2.858355239626042
141,17,2025-07-06T13:10:00,S.C.G.,2025,Sydney,Fremantle,94.0,83.0,1544.2410275457266,1578.380467924012,-34.13944037828537,15.860559621714629,0.5228093377481288,0.47719066225187123,Sydney,0.5228093377481288,home_win,True,11.0,11.538029615981568,0.35314585685068306
142,17,2025-07-06T15:20:00,Adelaide Oval,2025,Adelaide,Melbourne,90.0,77.0,1573.7212902205144,1436.7817720387616,136.93951818175287,186.93951818175287,0.7457572014272071,0.25424279857279286,Adelaide,0.7457572014272071,home_win,True,13.0,6.626400247204955,3.804938943584932
144,18,2025-07-10T19:30:00,Docklands,2025,Carlton,Brisbane Lions,66.0,103.0,1454.0404045221092,1710.9703870468572,-256.9299825247481,-206.92998252474808,0.2330471142454571,0.7669528857545429,Brisbane Lions,0.7669528857545429,away_win,True,-37.0,-9.016677073462327,-4.133101391174084
145,18,2025-07-11T19:40:00,Carrara,2025,Gold Coast,Collingwood,69.0,63.0,1536.5421814090248,1691.197507504674,-154.65532609564912,-104.65532609564912,0.3537846335958884,0.6462153664041116,Collingwood,0.6462153664041116,home_win,False,6.0,11.508094743406307,-2.263781238355008
150,18,2025-07-12T13:20:00,Docklands,2025,Western Bulldogs,Adelaide,,,,,,,0.6335053884826255,0.3664946115173745,Western Bulldogs,0.6335053884826255,,,,,2.066998846283818
146,18,2025-07-12T16:15:00,Sydney Showground,2025,Greater Western Sydney,Geelong,,,,,,,0.4679766275604064,0.5320233724395935,Geelong,0.5320233724395935,,,,,-0.49580226415633594
148,18,2025-07-12T19:35:00,M.C.G.,2025,Richmond,Essendon,,,,,,,0.3194575974424209,0.680542402557579,Essendon,0.680542402557579,,,,,-2.795250004762097
152,18,2025-07-12T20:10:00,Perth Stadium,2025,Fremantle,Hawthorn,,,,,,,0.492206163230043,0.507793836769957,Hawthorn,0.507793836769957,,,,,-0.12066817523041054
147,18,2025-07-13T13:10:00,M.C.G.,2025,Melbourne,North Melbourne,,,,,,,0.792544571425857,0.207455428574143,Melbourne,0.792544571425857,,,,,4.529324984530756
149,18,2025-07-13T15:20:00,Docklands,2025,St Kilda,Sydney,,,,,,,0.3762786104682416,0.6237213895317584,Sydney,0.6237213895317584,,,,,-1.915517960206202
151,18,2025-07-13T16:40:00,Adelaide Oval,2025,Port Adelaide,West Coast,,,,,,,0.8866648947218376,0.11333510527816237,Port Adelaide,0.8866648947218376,,,,,5.986544066665186
156,19,2025-07-17T19:30:00,Docklands,2025,Essendon,Greater Western Sydney,,,,,,,0.3382766625427441,0.661723337457256,Greater Western Sydney,0.661723337457256,,,,,-2.5038835940679673
153,19,2025-07-18T19:40:00,Gabba,2025,Brisbane Lions,Western Bulldogs,,,,,,,0.6968178868464792,0.30318211315352084,Brisbane Lions,0.6968178868464792,,,,,3.047235393743194
158,19,2025-07-19T13:20:00,York Park,2025,Hawthorn,Port Adelaide,,,,,,,0.714025177592984,0.285974822407016,Hawthorn,0.714025177592984,,,,,3.3136474878537214
159,19,2025-07-19T16:15:00,S.C.G.,2025,Sydney,North Melbourne,,,,,,,0.8873026570910527,0.11269734290894728,Sydney,0.8873026570910527,,,,,5.996418230519946
154,19,2025-07-19T19:35:00,M.C.G.,2025,Carlton,Melbourne,,,,,,,0.5922832455746639,0.40771675442533606,Carlton,0.5922832455746639,,,,,1.428776503346761
161,19,2025-07-19T20:10:00,Perth Stadium,2025,West Coast,Richmond,,,,,,,0.547144811282414,0.452855188717586,West Coast,0.547144811282414,,,,,0.7299201300904797
157,19,2025-07-20T13:10:00,Kardinia Park,2025,Geelong,St Kilda,,,,,,,0.8298959993242337,0.17010400067576625,Geelong,0.8298959993242337,,,,,5.107618933939738
155,19,2025-07-20T15:20:00,M.C.G.,2025,Collingwood,Fremantle,,,,,,,0.7185787285227784,0.2814212714772216,Collingwood,0.7185787285227784,,,,,3.3841478970533436
160,19,2025-07-20T16:40:00,Adelaide Oval,2025,Adelaide,Gold Coast,,,,,,,0.6162690539736545,0.3837309460263455,Adelaide,0.6162690539736545,,,,,1.8001370817577995
165,20,2025-07-24T19:30:00,M.C.G.,2025,Hawthorn,Carlton,,,,,,,0.7871898527928348,0.21281014720716518,Hawthorn,0.7871898527928348,,,,,4.446420486349608
162,20,2025-07-25T19:20:00,Docklands,2025,Essendon,Western Bulldogs,,,,,,,0.27207991082468463,0.7279200891753154,Western Bulldogs,0.7279200891753154,,,,,-3.5287756301431417
164,20,2025-07-25T19:50:00,Sydney Showground,2025,Greater Western Sydney,Sydney,,,,,,,0.5928117070394645,0.4071882929605355,Greater Western Sydney,0.5928117070394645,,,,,1.4369584145824292
163,20,2025-07-26T13:20:00,Carrara,2025,Gold Coast,Brisbane Lions,,,,,,,0.33138566283978,0.66861433716022,Brisbane Lions,0.66861433716022,,,,,-2.610573583121275
170,20,2025-07-26T16:15:00,Perth Stadium,2025,Fremantle,West Coast,,,,,,,0.9141433581820243,0.0858566418179757,Fremantle,0.9141433581820243,,,,,6.4119797207268165
166,20,2025-07-26T19:35:00,Docklands,2025,North Melbourne,Geelong,,,,,,,0.120076683357661,0.879923316642339,Geelong,0.879923316642339,,,,,-5.882167499765271
169,20,2025-07-26T20:10:00,Adelaide Oval,2025,Adelaide,Port Adelaide,,,,,,,0.6623436623164146,0.3376563376835854,Adelaide,0.6623436623164146,,,,,2.513487781455273
167,20,2025-07-27T14:10:00,M.C.G.,2025,Richmond,Collingwood,,,,,,,0.08781747843796946,0.9121825215620305,Collingwood,0.9121825215620305,,,,,-6.381621043243131
168,20,2025-07-27T15:20:00,Docklands,2025,St Kilda,Melbourne,,,,,,,0.5542293825490895,0.4457706174509105,St Kilda,0.5542293825490895,,,,,0.839607093299006
177,21,2025-07-31T19:30:00,Docklands,2025,Western Bulldogs,Greater Western Sydney,,,,,,,0.6458702218651808,0.35412977813481916,Western Bulldogs,0.6458702218651808,,,,,2.2584375337159712
178,21,2025-08-01T19:40:00,Adelaide Oval,2025,Adelaide,Hawthorn,,,,,,,0.511639049121156,0.488360950878844,Adelaide,0.511639049121156,,,,,0.18020172353118932
174,21,2025-08-02T13:20:00,Docklands,2025,Melbourne,West Coast,,,,,,,0.8289883546656432,0.17101164533435675,Melbourne,0.8289883546656432,,,,,5.093566314165621
173,21,2025-08-02T16:10:00,Carrara,2025,Gold Coast,Richmond,,,,,,,0.8964557653202488,0.10354423467975116,Gold Coast,0.8964557653202488,,,,,6.138131343111813
176,21,2025-08-02T16:15:00,S.C.G.,2025,Sydney,Essendon,,,,,,,0.7611240115060075,0.2388759884939925,Sydney,0.7611240115060075,,,,,4.042855772747798
171,21,2025-08-02T19:35:00,M.C.G.,2025,Collingwood,Brisbane Lions,,,,,,,0.5139591736432131,0.4860408263567869,Collingwood,0.5139591736432131,,,,,0.21612308045043407
175,21,2025-08-03T13:40:00,Docklands,2025,St Kilda,North Melbourne,,,,,,,0.7807912291246488,0.21920877087535118,St Kilda,0.7807912291246488,,,,,4.347353715410501
172,21,2025-08-03T15:20:00,Kardinia Park,2025,Geelong,Port Adelaide,,,,,,,0.7381156791830582,0.2618843208169418,Geelong,0.7381156791830582,,,,,3.6866289799046004
179,21,2025-08-03T17:10:00,Perth Stadium,2025,Fremantle,Carlton,,,,,,,0.7289037967463491,0.2710962032536509,Fremantle,0.7289037967463491,,,,,3.5440058949101103
184,22,2025-08-07T19:30:00,M.C.G.,2025,Hawthorn,Collingwood,,,,,,,0.48930781594420397,0.5106921840557961,Collingwood,0.5106921840557961,,,,,-0.16554187331892473
182,22,2025-08-08T19:40:00,Kardinia Park,2025,Geelong,Essendon,,,,,,,0.8406030525822193,0.15939694741778065,Geelong,0.8406030525822193,,,,,5.27339101986746
186,22,2025-08-09T13:20:00,M.C.G.,2025,Richmond,St Kilda,,,,,,,0.3027794474991215,0.6972205525008786,St Kilda,0.6972205525008786,,,,,-3.05346966977161
180,22,2025-08-09T16:15:00,Gabba,2025,Brisbane Lions,Sydney,,,,,,,0.7743572631046807,0.22564273689531933,Brisbane Lions,0.7743572631046807,,,,,4.247739756068072
181,22,2025-08-09T19:35:00,Docklands,2025,Carlton,Gold Coast,,,,,,,0.42427571686903587,0.5757242831309641,Gold Coast,0.5757242831309641,,,,,-1.1724021602898966
187,22,2025-08-09T20:10:00,Adelaide Oval,2025,Port Adelaide,Fremantle,,,,,,,0.49490838381303087,0.5050916161869692,Fremantle,0.5050916161869692,,,,,-0.07883101127079113
183,22,2025-08-10T13:40:00,Manuka Oval,2025,Greater Western Sydney,North Melbourne,,,,,,,0.8957862985078238,0.10421370149217624,Greater Western Sydney,0.8957862985078238,,,,,6.127766314818682
185,22,2025-08-10T15:20:00,M.C.G.,2025,Melbourne,Western Bulldogs,,,,,,,0.30233256839785394,0.6976674316021461,Western Bulldogs,0.6976674316021461,,,,,-3.0603884810439252
188,22,2025-08-10T17:10:00,Perth Stadium,2025,West Coast,Adelaide,,,,,,,0.13384231025050294,0.866157689749497,Adelaide,0.866157689749497,,,,,-5.669041009297203
190,23,2025-08-15T19:20:00,Docklands,2025,Essendon,St Kilda,,,,,,,0.5523058252849009,0.4476941747150991,Essendon,0.5523058252849009,,,,,0.8098255939076455
197,23,2025-08-15T20:20:00,Perth Stadium,2025,Fremantle,Brisbane Lions,,,,,,,0.3557753073225329,0.6442246926774671,Brisbane Lions,0.6442246926774671,,,,,-2.2329606074945754
191,23,2025-08-16T12:35:00,Carrara,2025,Gold Coast,Greater Western Sydney,,,,,,,0.5388104540203409,0.4611895459796591,Gold Coast,0.5388104540203409,,,,,0.6008833395832246
189,23,2025-08-16T13:20:00,Docklands,2025,Carlton,Port Adelaide,,,,,,,0.47371639336545707,0.5262836066345429,Port Adelaide,0.5262836066345429,,,,,-0.4069362683203477
192,23,2025-08-16T16:15:00,M.C.G.,2025,Hawthorn,Melbourne,,,,,,,0.8011756038486193,0.1988243961513807,Hawthorn,0.8011756038486193,,,,,4.662955051922453
196,23,2025-08-16T19:35:00,Adelaide Oval,2025,Adelaide,Collingwood,,,,,,,0.4294651184878997,0.5705348815121003,Collingwood,0.5705348815121003,,,,,-1.0920571848472698
193,23,2025-08-17T13:10:00,Bellerive Oval,2025,North Melbourne,Richmond,,,,,,,0.6052247647688448,0.3947752352311552,North Melbourne,0.6052247647688448,,,,,1.6291437360672065
194,23,2025-08-17T15:20:00,S.C.G.,2025,Sydney,Geelong,,,,,,,0.4461973534049604,0.5538026465950396,Geelong,0.5538026465950396,,,,,-0.8330001485553203
195,23,2025-08-17T16:40:00,Docklands,2025,Western Bulldogs,West Coast,,,,,,,0.9371747373960194,0.06282526260398058,Western Bulldogs,0.9371747373960194,,,,,6.768563337348766
198,24,2025-08-23T00:00:00,Gabba,2025,Brisbane Lions,Hawthorn,,,,,,,0.7006496729166384,0.2993503270833616,Brisbane Lions,0.7006496729166384,,,,,3.1065610694799175
199,24,2025-08-23T00:00:00,M.C.G.,2025,Collingwood,Melbourne,,,,,,,0.8486762940139089,0.15132370598609113,Collingwood,0.8486762940139089,,,,,5.398385081266298
200,24,2025-08-23T00:00:00,M.C.G.,2025,Essendon,Carlton,,,,,,,0.5135850153112479,0.4864149846887521,Essendon,0.5135850153112479,,,,,0.21033016939800733
201,24,2025-08-23T00:00:00,Carrara,2025,Gold Coast,Essendon,,,,,,,0.7529413024145054,0.2470586975854946,Gold Coast,0.7529413024145054,,,,,3.9161668769373335
202,24,2025-08-23T00:00:00,Sydney Showground,2025,Greater Western Sydney,St Kilda,,,,,,,0.7629277101813391,0.2370722898186609,Greater Western Sydney,0.7629277101813391,,,,,4.070781560038693
203,24,2025-08-23T00:00:00,Docklands,2025,North Melbourne,Adelaide,,,,,,,0.16393142417893541,0.8360685758210646,Adelaide,0.8360685758210646,,,,,-5.203185926722269
204,24,2025-08-23T00:00:00,M.C.G.,2025,Richmond,Geelong,,,,,,,0.10610450354568378,0.8938954964543162,Geelong,0.8938954964543162,,,,,-6.0984919483862
205,24,2025-08-23T00:00:00,Docklands,2025,Western Bulldogs,Fremantle,,,,,,,0.6513610341984549,0.3486389658015451,Western Bulldogs,0.6513610341984549,,,,,2.34344910431273
206,24,2025-08-23T00:30:00,Adelaide Oval,2025,Port Adelaide,Gold Coast,,,,,,,0.5219382087578933,0.4780617912421067,Port Adelaide,0.5219382087578933,,,,,0.3396585913683959
207,24,2025-08-23T02:00:00,Perth Stadium,2025,West Coast,Sydney,,,,,,,0.15110298644604803,0.848897013553952,Sydney,0.848897013553952,,,,,-5.401802374304479
