event,match_id,date,year,round,team,opponent,score,opponent_score,result,rating_before,rating_after,rating_change
match,1,2025-03-07T19:40:00,2025,OR,Sydney,Hawthorn,76.0,96.0,loss,1500.0,1480.5218913677902,-19.478108632209796
match,1,2025-03-07T19:40:00,2025,OR,Hawthorn,Sydney,96.0,76.0,win,1500.0,1519.4781086322098,19.478108632209796
match,2,2025-03-09T15:20:00,2025,OR,Greater Western Sydney,Collingwood,104.0,52.0,win,1500.0,1513.754233786402,13.754233786401983
match,2,2025-03-09T15:20:00,2025,OR,Collingwood,Greater Western Sydney,52.0,104.0,loss,1500.0,1486.245766213598,-13.754233786401983
match,3,2025-03-13T19:30:00,2025,1,Richmond,Carlton,82.0,69.0,win,1500.0,1513.720494318302,13.720494318301917
match,3,2025-03-13T19:30:00,2025,1,Carlton,Richmond,69.0,82.0,loss,1500.0,1486.279505681698,-13.720494318301917
match,4,2025-03-14T19:40:00,2025,1,Hawthorn,Essendon,111.0,85.0,win,1519.4781086322098,1532.3520190332395,12.873910401029661
match,4,2025-03-14T19:40:00,2025,1,Essendon,Hawthorn,85.0,111.0,loss,1500.0,1487.1260895989703,-12.873910401029661
match,5,2025-03-15T13:20:00,2025,1,Geelong,Fremantle,147.0,69.0,win,1500.0,1513.8381352153451,13.838135215345119
match,5,2025-03-15T13:20:00,2025,1,Fremantle,Geelong,69.0,147.0,loss,1500.0,1486.1618647846549,-13.838135215345119
match,6,2025-03-15T16:15:00,2025,1,Sydney,Brisbane Lions,82.0,86.0,loss,1480.5218913677902,1461.9996067399964,-18.52228462779385
match,6,2025-03-15T16:15:00,2025,1,Brisbane Lions,Sydney,86.0,82.0,win,1500.0,1518.5222846277939,18.52228462779385
match,7,2025-03-15T19:35:00,2025,1,Collingwood,Port Adelaide,136.0,45.0,win,1486.245766213598,1500.7628047284684,14.517038514870364
match,7,2025-03-15T19:35:00,2025,1,Port Adelaide,Collingwood,45.0,136.0,loss,1500.0,1485.4829614851296,-14.517038514870364
match,8,2025-03-15T19:35:00,2025,1,Western Bulldogs,North Melbourne,113.0,97.0,win,1500.0,1513.7301752524106,13.730175252410618
match,8,2025-03-15T19:35:00,2025,1,North Melbourne,Western Bulldogs,97.0,113.0,loss,1500.0,1486.2698247475894,-13.730175252410618
match,9,2025-03-16T12:35:00,2025,1,Adelaide,St Kilda,135.0,72.0,win,1500.0,1513.7897305448012,13.78973054480116
match,9,2025-03-16T12:35:00,2025,1,St Kilda,Adelaide,72.0,135.0,loss,1500.0,1486.2102694551988,-13.78973054480116
match,10,2025-03-16T15:20:00,2025,1,Melbourne,Greater Western Sydney,74.0,77.0,loss,1500.0,1481.2137025794605,-18.78629742053954
match,10,2025-03-16T15:20:00,2025,1,Greater Western Sydney,Melbourne,77.0,74.0,win,1513.754233786402,1532.5405312069415,18.78629742053954
match,11,2025-03-16T18:10:00,2025,1,West Coast,Gold Coast,49.0,136.0,loss,1500.0,1480.3056838393595,-19.694316160640483
match,11,2025-03-16T18:10:00,2025,1,Gold Coast,West Coast,136.0,49.0,win,1500.0,1519.6943161606405,19.694316160640483
match,12,2025-03-20T19:30:00,2025,2,Carlton,Hawthorn,60.0,80.0,loss,1486.279505681698,1469.0538924554476,-17.225613226250516
match,12,2025-03-20T19:30:00,2025,2,Hawthorn,Carlton,80.0,60.0,win,1532.3520190332395,1549.57763225949,17.225613226250516
match,13,2025-03-21T19:40:00,2025,2,Western Bulldogs,Collingwood,70.0,76.0,loss,1513.7301752524106,1493.7955980567237,-19.93457719568687
match,13,2025-03-21T19:40:00,2025,2,Collingwood,Western Bulldogs,76.0,70.0,win,1500.7628047284684,1520.6973819241553,19.93457719568687
match,14,2025-03-22T13:20:00,2025,2,Essendon,Adelaide,100.0,161.0,loss,1487.1260895989703,1468.7568538726848,-18.369235726285524
match,14,2025-03-22T13:20:00,2025,2,Adelaide,Essendon,161.0,100.0,win,1513.7897305448012,1532.1589662710867,18.369235726285524
match,15,2025-03-22T16:15:00,2025,2,Port Adelaide,Richmond,140.0,68.0,win,1485.4829614851296,1500.6169248487176,15.133963363588009
match,15,2025-03-22T16:15:00,2025,2,Richmond,Port Adelaide,68.0,140.0,loss,1513.720494318302,1498.586530954714,-15.133963363588009
match,16,2025-03-22T19:35:00,2025,2,St Kilda,Geelong,98.0,91.0,win,1486.2102694551988,1501.1999126973872,14.989643242188322
match,16,2025-03-22T19:35:00,2025,2,Geelong,St Kilda,91.0,98.0,loss,1513.8381352153451,1498.8484919731568,-14.989643242188322
match,17,2025-03-23T13:10:00,2025,2,Brisbane Lions,West Coast,94.0,75.0,win,1518.5222846277939,1530.451974539317,11.929689911523155
match,17,2025-03-23T13:10:00,2025,2,West Coast,Brisbane Lions,75.0,94.0,loss,1480.3056838393595,1468.3759939278364,-11.929689911523155
match,18,2025-03-23T15:20:00,2025,2,North Melbourne,Melbourne,125.0,66.0,win,1486.2698247475894,1499.9062567845942,13.636432037004852
match,18,2025-03-23T15:20:00,2025,2,Melbourne,North Melbourne,66.0,125.0,loss,1481.2137025794605,1467.5772705424556,-13.636432037004852
match,19,2025-03-23T18:10:00,2025,2,Fremantle,Sydney,65.0,68.0,loss,1486.1618647846549,1465.6421405389676,-20.519724245687257
match,19,2025-03-23T18:10:00,2025,2,Sydney,Fremantle,68.0,65.0,win,1461.9996067399964,1482.5193309856836,20.519724245687257
match,20,2025-03-27T19:30:00,2025,3,Essendon,Port Adelaide,72.0,60.0,win,1468.7568538726848,1483.8677875588862,15.110933686201406
match,20,2025-03-27T19:30:00,2025,3,Port Adelaide,Essendon,60.0,72.0,loss,1500.6169248487176,1485.5059911625162,-15.110933686201406
match,21,2025-03-28T19:40:00,2025,3,Carlton,Western Bulldogs,75.0,83.0,loss,1469.0538924554476,1450.8593559163699,-18.194536539077717
match,21,2025-03-28T19:40:00,2025,3,Western Bulldogs,Carlton,83.0,75.0,win,1493.7955980567237,1511.9901345958015,18.194536539077717
match,22,2025-03-29T13:20:00,2025,3,Melbourne,Gold Coast,62.0,120.0,loss,1467.5772705424556,1450.420882782284,-17.156387760171583
match,22,2025-03-29T13:20:00,2025,3,Gold Coast,Melbourne,120.0,62.0,win,1519.6943161606405,1536.850703920812,17.156387760171583
match,23,2025-03-29T16:15:00,2025,3,St Kilda,Richmond,135.0,53.0,win,1501.1999126973872,1515.022742936253,13.82283023886589
match,23,2025-03-29T16:15:00,2025,3,Richmond,St Kilda,53.0,135.0,loss,1498.586530954714,1484.763700715848,-13.82283023886589
match,24,2025-03-29T19:35:00,2025,3,Brisbane Lions,Geelong,70.0,61.0,win,1530.451974539317,1542.6402293204565,12.188254781139449
match,24,2025-03-29T19:35:00,2025,3,Geelong,Brisbane Lions,61.0,70.0,loss,1498.8484919731568,1486.6602371920173,-12.188254781139449
match,25,2025-03-29T19:35:00,2025,3,Hawthorn,Greater Western Sydney,76.0,64.0,win,1549.57763225949,1562.4262555969242,12.84862333743422
match,25,2025-03-29T19:35:00,2025,3,Greater Western Sydney,Hawthorn,64.0,76.0,loss,1532.5405312069415,1519.6919078695073,-12.84862333743422
match,26,2025-03-30T15:20:00,2025,3,Adelaide,North Melbourne,114.0,78.0,win,1532.1589662710867,1544.405665183131,12.246698912044394
match,26,2025-03-30T15:20:00,2025,3,North Melbourne,Adelaide,78.0,114.0,loss,1499.9062567845942,1487.6595578725498,-12.246698912044394
match,27,2025-03-30T18:10:00,2025,3,West Coast,Fremantle,68.0,106.0,loss,1468.3759939278364,1448.8060477123806,-19.56994621545573
match,27,2025-03-30T18:10:00,2025,3,Fremantle,West Coast,106.0,68.0,win,1465.6421405389676,1485.2120867544234,19.56994621545573
match,28,2025-04-03T19:30:00,2025,4,Collingwood,Carlton,63.0,46.0,win,1520.6973819241553,1531.3579917356708,10.660609811515542
match,28,2025-04-03T19:30:00,2025,4,Carlton,Collingwood,46.0,63.0,loss,1450.8593559163699,1440.1987461048543,-10.660609811515542
match,29,2025-04-04T19:40:00,2025,4,Geelong,Melbourne,85.0,46.0,win,1486.6602371920173,1498.8290196168075,12.168782424790152
match,29,2025-04-04T19:40:00,2025,4,Melbourne,Geelong,46.0,85.0,loss,1450.420882782284,1438.2521003574939,-12.168782424790152
match,30,2025-04-05T13:20:00,2025,4,Gold Coast,Adelaide,91.0,90.0,win,1536.850703920812,1550.789250476928,13.938546556115853
match,30,2025-04-05T13:20:00,2025,4,Adelaide,Gold Coast,90.0,91.0,loss,1544.405665183131,1530.4671186270152,-13.938546556115853
match,31,2025-04-05T16:15:00,2025,4,Richmond,Brisbane Lions,90.0,118.0,loss,1484.763700715848,1467.9775274971455,-16.786173218702515
match,31,2025-04-05T16:15:00,2025,4,Brisbane Lions,Richmond,118.0,90.0,win,1542.6402293204565,1559.426402539159,16.786173218702515
match,32,2025-04-05T19:35:00,2025,4,North Melbourne,Sydney,52.0,117.0,loss,1487.6595578725498,1467.8003666351333,-19.859191237416553
match,32,2025-04-05T19:35:00,2025,4,Sydney,North Melbourne,117.0,52.0,win,1482.5193309856836,1502.3785222231002,19.859191237416553
match,33,2025-04-06T13:10:00,2025,4,Greater Western Sydney,West Coast,132.0,51.0,win,1519.6919078695073,1530.4331688118307,10.741260942323379
match,33,2025-04-06T13:10:00,2025,4,West Coast,Greater Western Sydney,51.0,132.0,loss,1448.8060477123806,1438.0647867700573,-10.741260942323379
match,34,2025-04-06T15:20:00,2025,4,Port Adelaide,St Kilda,72.0,89.0,loss,1485.5059911625162,1467.4129557408287,-18.093035421687546
match,34,2025-04-06T15:20:00,2025,4,St Kilda,Port Adelaide,89.0,72.0,win,1515.022742936253,1533.1157783579406,18.093035421687546
match,35,2025-04-06T17:10:00,2025,4,Fremantle,Western Bulldogs,97.0,81.0,win,1485.2120867544234,1500.0967059758843,14.88461922146098
match,35,2025-04-06T17:10:00,2025,4,Western Bulldogs,Fremantle,81.0,97.0,loss,1511.9901345958015,1497.1055153743405,-14.88461922146098
match,36,2025-04-10T19:40:00,2025,5,Adelaide,Geelong,100.0,119.0,loss,1530.4671186270152,1509.5634878788278,-20.903630748187425
match,36,2025-04-10T19:40:00,2025,5,Geelong,Adelaide,119.0,100.0,win,1498.8290196168075,1519.732650364995,20.903630748187425
match,37,2025-04-11T19:40:00,2025,5,Collingwood,Sydney,109.0,78.0,win,1531.3579917356708,1543.7334605497165,12.37546881404569
match,37,2025-04-11T19:40:00,2025,5,Sydney,Collingwood,78.0,109.0,loss,1502.3785222231002,1490.0030534090545,-12.37546881404569
match,38,2025-04-12T12:35:00,2025,5,North Melbourne,Gold Coast,89.0,141.0,loss,1467.8003666351333,1452.1281322248853,-15.672234410247938
match,38,2025-04-12T12:35:00,2025,5,Gold Coast,North Melbourne,141.0,89.0,win,1550.789250476928,1566.4614848871759,15.672234410247938
match,39,2025-04-12T13:20:00,2025,5,Carlton,West Coast,121.0,50.0,win,1440.1987461048543,1453.9162165407563,13.717470435901987
match,39,2025-04-12T13:20:00,2025,5,West Coast,Carlton,50.0,121.0,loss,1438.0647867700573,1424.3473163341553,-13.717470435901987
match,40,2025-04-12T16:15:00,2025,5,Western Bulldogs,Brisbane Lions,97.0,118.0,loss,1497.1055153743405,1480.552988025042,-16.552527349298543
match,40,2025-04-12T16:15:00,2025,5,Brisbane Lions,Western Bulldogs,118.0,97.0,win,1559.426402539159,1575.9789298884575,16.552527349298543
match,41,2025-04-12T19:35:00,2025,5,Melbourne,Essendon,57.0,96.0,loss,1438.2521003574939,1420.8487200907496,-17.403380266744307
match,41,2025-04-12T19:35:00,2025,5,Essendon,Melbourne,96.0,57.0,win,1483.8677875588862,1501.2711678256305,17.403380266744307
match,42,2025-04-13T12:35:00,2025,5,Richmond,Fremantle,47.0,108.0,loss,1467.9775274971455,1449.8651056592996,-18.112421837845886
match,42,2025-04-13T12:35:00,2025,5,Fremantle,Richmond,108.0,47.0,win,1500.0967059758843,1518.2091278137302,18.112421837845886
match,43,2025-04-13T15:20:00,2025,5,St Kilda,Greater Western Sydney,82.0,110.0,loss,1533.1157783579406,1513.4885974501615,-19.62718090777912
match,43,2025-04-13T15:20:00,2025,5,Greater Western Sydney,St Kilda,110.0,82.0,win,1530.4331688118307,1550.0603497196098,19.62718090777912
match,44,2025-04-13T19:20:00,2025,5,Port Adelaide,Hawthorn,121.0,91.0,win,1467.4129557408287,1485.5728921321206,18.15993639129192
match,44,2025-04-13T19:20:00,2025,5,Hawthorn,Port Adelaide,91.0,121.0,loss,1562.4262555969242,1544.2663192056323,-18.15993639129192
match,45,2025-04-17T19:30:00,2025,6,Brisbane Lions,Collingwood,53.0,105.0,loss,1575.9789298884575,1554.9419744628362,-21.036955425621272
match,45,2025-04-17T19:30:00,2025,6,Collingwood,Brisbane Lions,105.0,53.0,win,1543.7334605497165,1564.7704159753378,21.036955425621272
match,46,2025-04-18T15:20:00,2025,6,North Melbourne,Carlton,71.0,153.0,loss,1452.1281322248853,1432.6245700980194,-19.503562126865972
match,46,2025-04-18T15:20:00,2025,6,Carlton,North Melbourne,153.0,71.0,win,1453.9162165407563,1473.4197786676223,19.503562126865972
match,47,2025-04-18T18:10:00,2025,6,West Coast,Essendon,75.0,77.0,loss,1424.3473163341553,1408.549172712101,-15.79814362205434
match,47,2025-04-18T18:10:00,2025,6,Essendon,West Coast,77.0,75.0,win,1501.2711678256305,1517.0693114476849,15.79814362205434
match,48,2025-04-19T13:20:00,2025,6,Melbourne,Fremantle,107.0,97.0,win,1420.8487200907496,1439.0545102872256,18.205790196476073
match,48,2025-04-19T13:20:00,2025,6,Fremantle,Melbourne,97.0,107.0,loss,1518.2091278137302,1500.0033376172541,-18.205790196476073
match,49,2025-04-19T16:15:00,2025,6,Adelaide,Greater Western Sydney,52.0,34.0,win,1509.5634878788278,1525.1016737809514,15.538185902123587
match,49,2025-04-19T16:15:00,2025,6,Greater Western Sydney,Adelaide,34.0,52.0,loss,1550.0603497196098,1534.5221638174862,-15.538185902123587
match,50,2025-04-19T19:35:00,2025,6,Richmond,Gold Coast,80.0,69.0,win,1449.8651056592996,1468.9722960024963,19.107190343196635
match,50,2025-04-19T19:35:00,2025,6,Gold Coast,Richmond,69.0,80.0,loss,1566.4614848871759,1547.3542945439792,-19.107190343196635
match,51,2025-04-20T15:20:00,2025,6,Sydney,Port Adelaide,77.0,85.0,loss,1490.0030534090545,1470.3603055631415,-19.642747845912936
match,51,2025-04-20T15:20:00,2025,6,Port Adelaide,Sydney,85.0,77.0,win,1485.5728921321206,1505.2156399780336,19.642747845912936
match,52,2025-04-20T19:20:00,2025,6,Western Bulldogs,St Kilda,127.0,56.0,win,1480.552988025042,1495.99938690393,15.446398878887976
match,52,2025-04-20T19:20:00,2025,6,St Kilda,Western Bulldogs,56.0,127.0,loss,1513.4885974501615,1498.0421985712735,-15.446398878887976
match,53,2025-04-21T15:20:00,2025,6,Geelong,Hawthorn,86.0,79.0,win,1519.732650364995,1534.5767403069144,14.844089941919492
match,53,2025-04-21T15:20:00,2025,6,Hawthorn,Geelong,79.0,86.0,loss,1544.2663192056323,1529.4222292637128,-14.844089941919492
match,54,2025-04-24T19:30:00,2025,7,Melbourne,Richmond,83.0,63.0,win,1439.0545102872256,1454.1939802331751,15.139469945949486
match,54,2025-04-24T19:30:00,2025,7,Richmond,Melbourne,63.0,83.0,loss,1468.9722960024963,1453.8328260565468,-15.139469945949486
match,55,2025-04-25T15:20:00,2025,7,Collingwood,Essendon,107.0,66.0,win,1564.7704159753378,1576.445679634604,11.675263659266193
match,55,2025-04-25T15:20:00,2025,7,Essendon,Collingwood,66.0,107.0,loss,1517.0693114476849,1505.3940477884187,-11.675263659266193
match,56,2025-04-25T20:10:00,2025,7,Fremantle,Adelaide,85.0,67.0,win,1500.0033376172541,1514.815493318912,14.812155701657957
match,56,2025-04-25T20:10:00,2025,7,Adelaide,Fremantle,67.0,85.0,loss,1525.1016737809514,1510.2895180792934,-14.812155701657957
match,57,2025-04-26T13:20:00,2025,7,St Kilda,Brisbane Lions,73.0,118.0,loss,1498.0421985712735,1481.1547881439096,-16.887410427363875
match,57,2025-04-26T13:20:00,2025,7,Brisbane Lions,St Kilda,118.0,73.0,win,1554.9419744628362,1571.8293848902001,16.887410427363875
match,58,2025-04-26T16:15:00,2025,7,Port Adelaide,North Melbourne,97.0,88.0,win,1505.2156399780336,1515.6544830360401,10.438843058006569
match,58,2025-04-26T16:15:00,2025,7,North Melbourne,Port Adelaide,88.0,97.0,loss,1432.6245700980194,1422.1857270400128,-10.438843058006569
match,59,2025-04-26T19:35:00,2025,7,Greater Western Sydney,Western Bulldogs,81.0,113.0,loss,1534.5221638174862,1513.2738863332324,-21.248277484253776
match,59,2025-04-26T19:35:00,2025,7,Western Bulldogs,Greater Western Sydney,113.0,81.0,win,1495.99938690393,1517.2476643881837,21.248277484253776
match,60,2025-04-27T13:15:00,2025,7,Gold Coast,Sydney,117.0,79.0,win,1547.3542945439792,1557.706959114624,10.35266457064472
match,60,2025-04-27T13:15:00,2025,7,Sydney,Gold Coast,79.0,117.0,loss,1470.3603055631415,1460.0076409924968,-10.35266457064472
match,61,2025-04-27T15:20:00,2025,7,Carlton,Geelong,94.0,76.0,win,1473.4197786676223,1490.0328091232982,16.613030455675926
match,61,2025-04-27T15:20:00,2025,7,Geelong,Carlton,76.0,94.0,loss,1534.5767403069144,1517.9637098512385,-16.613030455675926
match,62,2025-04-27T16:45:00,2025,7,Hawthorn,West Coast,124.0,74.0,win,1529.4222292637128,1538.120895728121,8.698666464408234
match,62,2025-04-27T16:45:00,2025,7,West Coast,Hawthorn,74.0,124.0,loss,1408.549172712101,1399.8505062476927,-8.698666464408234
match,63,2025-05-01T19:30:00,2025,8,Essendon,North Melbourne,65.0,62.0,win,1505.3940477884187,1515.4633202226034,10.069272434184768
match,63,2025-05-01T19:30:00,2025,8,North Melbourne,Essendon,62.0,65.0,loss,1422.1857270400128,1412.116454605828,-10.069272434184768
match,64,2025-05-02T19:40:00,2025,8,St Kilda,Fremantle,94.0,33.0,win,1481.1547881439096,1496.5087543452046,15.353966201294952
match,64,2025-05-02T19:40:00,2025,8,Fremantle,St Kilda,33.0,94.0,loss,1514.815493318912,1499.4615271176172,-15.353966201294952
match,65,2025-05-03T13:20:00,2025,8,Western Bulldogs,Port Adelaide,131.0,41.0,win,1517.2476643881837,1531.0512808351414,13.803616446957676
match,65,2025-05-03T13:20:00,2025,8,Port Adelaide,Western Bulldogs,41.0,131.0,loss,1515.6544830360401,1501.8508665890824,-13.803616446957676
match,66,2025-05-03T16:15:00,2025,8,Adelaide,Carlton,110.0,50.0,win,1510.2895180792934,1523.1480866288825,12.858568549589108
match,66,2025-05-03T16:15:00,2025,8,Carlton,Adelaide,50.0,110.0,loss,1490.0328091232982,1477.174240573709,-12.858568549589108
match,67,2025-05-03T19:35:00,2025,8,Collingwood,Geelong,87.0,90.0,loss,1576.445679634604,1554.5176233426018,-21.92805629200211
match,67,2025-05-03T19:35:00,2025,8,Geelong,Collingwood,90.0,87.0,win,1517.9637098512385,1539.8917661432406,21.92805629200211
match,68,2025-05-03T19:35:00,2025,8,West Coast,Melbourne,76.0,108.0,loss,1399.8505062476927,1382.8836871211402,-16.966819126552537
match,68,2025-05-03T19:35:00,2025,8,Melbourne,West Coast,108.0,76.0,win,1454.1939802331751,1471.1607993597277,16.966819126552537
match,69,2025-05-04T13:10:00,2025,8,Sydney,Greater Western Sydney,87.0,73.0,win,1460.0076409924968,1476.2330672067087,16.225426214211893
match,69,2025-05-04T13:10:00,2025,8,Greater Western Sydney,Sydney,73.0,87.0,loss,1513.2738863332324,1497.0484601190205,-16.225426214211893
match,70,2025-05-04T15:20:00,2025,8,Hawthorn,Richmond,109.0,44.0,win,1538.120895728121,1548.3468279670915,10.225932238970472
match,70,2025-05-04T15:20:00,2025,8,Richmond,Hawthorn,44.0,109.0,loss,1453.8328260565468,1443.6068938175763,-10.225932238970472
match,71,2025-05-04T19:20:00,2025,8,Brisbane Lions,Gold Coast,66.0,49.0,win,1571.8293848902001,1584.9165600381511,13.08717514795103
match,71,2025-05-04T19:20:00,2025,8,Gold Coast,Brisbane Lions,49.0,66.0,loss,1557.706959114624,1544.619783966673,-13.08717514795103
match,72,2025-05-08T20:10:00,2025,9,Fremantle,Collingwood,83.0,97.0,loss,1499.4615271176172,1482.5866216596094,-16.874905458007788
match,72,2025-05-08T20:10:00,2025,9,Collingwood,Fremantle,97.0,83.0,win,1554.5176233426018,1571.3925288006096,16.874905458007788
match,73,2025-05-09T19:40:00,2025,9,St Kilda,Carlton,62.0,77.0,loss,1496.5087543452046,1476.2568339179097,-20.251920427294863
match,73,2025-05-09T19:40:00,2025,9,Carlton,St Kilda,77.0,62.0,win,1477.174240573709,1497.426161001004,20.251920427294863
match,74,2025-05-10T13:20:00,2025,9,Melbourne,Hawthorn,56.0,91.0,loss,1471.1607993597277,1455.3633686468722,-15.79743071285543
match,74,2025-05-10T13:20:00,2025,9,Hawthorn,Melbourne,91.0,56.0,win,1548.3468279670915,1564.144258679947,15.79743071285543
match,75,2025-05-10T16:15:00,2025,9,Essendon,Sydney,71.0,63.0,win,1515.4633202226034,1527.313203740717,11.84988351811353
match,75,2025-05-10T16:15:00,2025,9,Sydney,Essendon,63.0,71.0,loss,1476.2330672067087,1464.3831836885952,-11.84988351811353
match,76,2025-05-10T19:35:00,2025,9,Gold Coast,Western Bulldogs,106.0,96.0,win,1544.619783966673,1557.618785897433,12.999001930760187
match,76,2025-05-10T19:35:00,2025,9,Western Bulldogs,Gold Coast,96.0,106.0,loss,1531.0512808351414,1518.0522789043812,-12.999001930760187
match,77,2025-05-10T20:10:00,2025,9,Port Adelaide,Adelaide,84.0,89.0,loss,1501.8508665890824,1483.5042701618622,-18.34659642722022
match,77,2025-05-10T20:10:00,2025,9,Adelaide,Port Adelaide,89.0,84.0,win,1523.1480866288825,1541.4946830561028,18.34659642722022
match,78,2025-05-11T13:10:00,2025,9,Richmond,West Coast,81.0,79.0,win,1443.6068938175763,1454.5159995777735,10.909105760197235
match,78,2025-05-11T13:10:00,2025,9,West Coast,Richmond,79.0,81.0,loss,1382.8836871211402,1371.974581360943,-10.909105760197235
match,79,2025-05-11T15:20:00,2025,9,Geelong,Greater Western Sydney,101.0,105.0,loss,1539.8917661432406,1518.54558853791,-21.346177605330695
match,79,2025-05-11T15:20:00,2025,9,Greater Western Sydney,Geelong,105.0,101.0,win,1497.0484601190205,1518.3946377243512,21.346177605330695
match,80,2025-05-11T16:40:00,2025,9,North Melbourne,Brisbane Lions,71.0,71.0,draw,1412.116454605828,1417.20702638866,5.090571782832058
match,80,2025-05-11T16:40:00,2025,9,Brisbane Lions,North Melbourne,71.0,71.0,draw,1584.9165600381511,1579.825988255319,-5.090571782832058
match,81,2025-05-15T19:30:00,2025,10,Gold Coast,Hawthorn,104.0,96.0,win,1557.618785897433,1571.532233370684,13.913447473250926
match,81,2025-05-15T19:30:00,2025,10,Hawthorn,Gold Coast,96.0,104.0,loss,1564.144258679947,1550.230811206696,-13.913447473250926
match,82,2025-05-16T19:40:00,2025,10,Sydney,Carlton,78.0,62.0,win,1464.3831836885952,1479.5627980420543,15.179614353459101
match,82,2025-05-16T19:40:00,2025,10,Carlton,Sydney,62.0,78.0,loss,1497.426161001004,1482.2465466475448,-15.179614353459101
match,83,2025-05-17T13:20:00,2025,10,Collingwood,Adelaide,78.0,68.0,win,1571.3925288006096,1583.6595033800984,12.26697457948876
match,83,2025-05-17T13:20:00,2025,10,Adelaide,Collingwood,68.0,78.0,loss,1541.4946830561028,1529.227708476614,-12.26697457948876
match,84,2025-05-17T16:15:00,2025,10,Greater Western Sydney,Fremantle,61.0,95.0,loss,1518.3946377243512,1497.258874201538,-21.13576352281325
match,84,2025-05-17T16:15:00,2025,10,Fremantle,Greater Western Sydney,95.0,61.0,win,1482.5866216596094,1503.7223851824226,21.13576352281325
match,85,2025-05-17T16:15:00,2025,10,Port Adelaide,Geelong,39.0,115.0,loss,1483.5042701618622,1465.4812932518378,-18.022976910024454
match,85,2025-05-17T16:15:00,2025,10,Geelong,Port Adelaide,115.0,39.0,win,1518.54558853791,1536.5685654479344,18.022976910024454
match,86,2025-05-17T19:35:00,2025,10,Western Bulldogs,Essendon,127.0,36.0,win,1518.0522789043812,1532.4532792545508,14.401000350169625
match,86,2025-05-17T19:35:00,2025,10,Essendon,Western Bulldogs,36.0,127.0,loss,1527.313203740717,1512.9122033905473,-14.401000350169625
match,87,2025-05-18T13:10:00,2025,10,Richmond,North Melbourne,74.0,78.0,loss,1454.5159995777735,1433.4989707017173,-21.0170288760562
match,87,2025-05-18T13:10:00,2025,10,North Melbourne,Richmond,78.0,74.0,win,1417.20702638866,1438.2240552647163,21.0170288760562
match,88,2025-05-18T15:20:00,2025,10,Brisbane Lions,Melbourne,88.0,99.0,loss,1579.825988255319,1555.197692216337,-24.62829603898217
match,88,2025-05-18T15:20:00,2025,10,Melbourne,Brisbane Lions,99.0,88.0,win,1455.3633686468722,1479.9916646858544,24.62829603898217
match,89,2025-05-18T16:40:00,2025,10,West Coast,St Kilda,108.0,80.0,win,1371.974581360943,1390.5631006587673,18.588519297824405
match,89,2025-05-18T16:40:00,2025,10,St Kilda,West Coast,80.0,108.0,loss,1476.2568339179097,1457.6683146200853,-18.588519297824405
match,90,2025-05-22T19:30:00,2025,11,Geelong,Western Bulldogs,127.0,113.0,win,1536.5685654479344,1550.1029554031056,13.534389955171264
match,90,2025-05-22T19:30:00,2025,11,Western Bulldogs,Geelong,113.0,127.0,loss,1532.4532792545508,1518.9188892993795,-13.534389955171264
match,91,2025-05-23T19:40:00,2025,11,Essendon,Richmond,81.0,58.0,win,1512.9122033905473,1523.1994358807053,10.287232490157976
match,91,2025-05-23T19:40:00,2025,11,Richmond,Essendon,58.0,81.0,loss,1433.4989707017173,1423.2117382115594,-10.287232490157976
match,92,2025-05-24T12:35:00,2025,11,Carlton,Greater Western Sydney,82.0,110.0,loss,1482.2465466475448,1463.4382142633763,-18.80833238416858
match,92,2025-05-24T12:35:00,2025,11,Greater Western Sydney,Carlton,110.0,82.0,win,1497.258874201538,1516.0672065857066,18.80833238416858
match,93,2025-05-24T16:15:00,2025,11,Hawthorn,Brisbane Lions,60.0,93.0,loss,1550.230811206696,1530.9398409067965,-19.290970299899527
match,93,2025-05-24T16:15:00,2025,11,Brisbane Lions,Hawthorn,93.0,60.0,win,1555.197692216337,1574.4886625162364,19.290970299899527
match,94,2025-05-24T19:35:00,2025,11,North Melbourne,Collingwood,63.0,108.0,loss,1438.2240552647163,1425.556390028667,-12.667665236049288
match,94,2025-05-24T19:35:00,2025,11,Collingwood,North Melbourne,108.0,63.0,win,1583.6595033800984,1596.3271686161477,12.667665236049288
match,95,2025-05-24T20:10:00,2025,11,Fremantle,Port Adelaide,100.0,51.0,win,1503.7223851824226,1515.747812998638,12.02542781621537
match,95,2025-05-24T20:10:00,2025,11,Port Adelaide,Fremantle,51.0,100.0,loss,1465.4812932518378,1453.4558654356224,-12.02542781621537
match,96,2025-05-25T13:10:00,2025,11,Adelaide,West Coast,128.0,62.0,win,1529.227708476614,1537.346018551119,8.118310074504961
match,96,2025-05-25T13:10:00,2025,11,West Coast,Adelaide,62.0,128.0,loss,1390.5631006587673,1382.4447905842624,-8.118310074504961
match,97,2025-05-25T15:20:00,2025,11,Melbourne,Sydney,131.0,78.0,win,1479.9916646858544,1493.7293975926493,13.737732906794918
match,97,2025-05-25T15:20:00,2025,11,Sydney,Melbourne,78.0,131.0,loss,1479.5627980420543,1465.8250651352594,-13.737732906794918
match,98,2025-05-25T16:40:00,2025,11,St Kilda,Gold Coast,61.0,80.0,loss,1457.6683146200853,1443.551928411825,-14.116386208260337
match,98,2025-05-25T16:40:00,2025,11,Gold Coast,St Kilda,80.0,61.0,win,1571.532233370684,1585.6486195789444,14.116386208260337
match,99,2025-05-29T19:30:00,2025,12,Brisbane Lions,Essendon,90.0,72.0,win,1574.4886625162364,1585.849455422239,11.360792906002644
match,99,2025-05-29T19:30:00,2025,12,Essendon,Brisbane Lions,72.0,90.0,loss,1523.1994358807053,1511.8386429747027,-11.360792906002644
match,100,2025-05-30T19:40:00,2025,12,Collingwood,Hawthorn,107.0,56.0,win,1596.3271686161477,1607.282727644919,10.955559028771404
match,100,2025-05-30T19:40:00,2025,12,Hawthorn,Collingwood,56.0,107.0,loss,1530.9398409067965,1519.984281878025,-10.955559028771404
match,101,2025-05-31T13:20:00,2025,12,Gold Coast,Fremantle,64.0,75.0,loss,1585.6486195789444,1563.1335939439098,-22.51502563503459
match,101,2025-05-31T13:20:00,2025,12,Fremantle,Gold Coast,75.0,64.0,win,1515.747812998638,1538.2628386336726,22.51502563503459
match,102,2025-05-31T16:15:00,2025,12,Greater Western Sydney,Richmond,80.0,77.0,win,1516.0672065857066,1525.6738462551275,9.606639669420929
match,102,2025-05-31T16:15:00,2025,12,Richmond,Greater Western Sydney,77.0,80.0,loss,1423.2117382115594,1413.6050985421384,-9.606639669420929
match,103,2025-05-31T19:35:00,2025,12,Sydney,Adelaide,41.0,131.0,loss,1465.8250651352594,1449.4866818245125,-16.33838331074685
match,103,2025-05-31T19:35:00,2025,12,Adelaide,Sydney,131.0,41.0,win,1537.346018551119,1553.6844018618658,16.33838331074685
match,104,2025-06-01T15:20:00,2025,12,Melbourne,St Kilda,63.0,91.0,loss,1493.7293975926493,1471.989357111418,-21.74004048123129
match,104,2025-06-01T15:20:00,2025,12,St Kilda,Melbourne,91.0,63.0,win,1443.551928411825,1465.2919688930563,21.74004048123129
match,105,2025-06-01T19:20:00,2025,12,West Coast,Geelong,73.0,116.0,loss,1382.4447905842624,1370.6746536585683,-11.770136925694032
match,105,2025-06-01T19:20:00,2025,12,Geelong,West Coast,116.0,73.0,win,1550.1029554031056,1561.8730923287997,11.770136925694032
match,106,2025-06-05T19:30:00,2025,13,Western Bulldogs,Hawthorn,59.0,81.0,loss,1518.9188892993795,1499.5755819224732,-19.343307376906296
match,106,2025-06-05T19:30:00,2025,13,Hawthorn,Western Bulldogs,81.0,59.0,win,1519.984281878025,1539.3275892549314,19.343307376906296
match,107,2025-06-06T19:40:00,2025,13,Adelaide,Brisbane Lions,68.0,63.0,win,1553.6844018618658,1568.7871232084358,15.102721346569979
match,107,2025-06-06T19:40:00,2025,13,Brisbane Lions,Adelaide,63.0,68.0,loss,1585.849455422239,1570.746734075669,-15.102721346569979
match,108,2025-06-07T13:20:00,2025,13,Richmond,Sydney,36.0,80.0,loss,1413.6050985421384,1395.7250578541825,-17.880040687955898
match,108,2025-06-07T13:20:00,2025,13,Sydney,Richmond,80.0,36.0,win,1449.4866818245125,1467.3667225124684,17.880040687955898
match,109,2025-06-07T16:15:00,2025,13,Geelong,Gold Coast,61.0,37.0,win,1561.8730923287997,1575.5950033719598,13.721911043160162
match,109,2025-06-07T16:15:00,2025,13,Gold Coast,Geelong,37.0,61.0,loss,1563.1335939439098,1549.4116829007496,-13.721911043160162
match,110,2025-06-07T19:35:00,2025,13,Greater Western Sydney,Port Adelaide,50.0,66.0,loss,1525.6738462551275,1503.047325339967,-22.626520915160427
match,110,2025-06-07T19:35:00,2025,13,Port Adelaide,Greater Western Sydney,66.0,50.0,win,1453.4558654356224,1476.0823863507828,22.626520915160427
match,111,2025-06-08T15:20:00,2025,13,North Melbourne,West Coast,62.0,52.0,win,1425.556390028667,1436.8233399611688,11.266949932501802
match,111,2025-06-08T15:20:00,2025,13,West Coast,North Melbourne,52.0,62.0,loss,1370.6746536585683,1359.4077037260665,-11.266949932501802
match,112,2025-06-08T19:20:00,2025,13,Carlton,Essendon,78.0,70.0,win,1463.4382142633763,1479.4133615481862,15.975147284809964
match,112,2025-06-08T19:20:00,2025,13,Essendon,Carlton,70.0,78.0,loss,1511.8386429747027,1495.8634956898927,-15.975147284809964
match,113,2025-06-09T15:20:00,2025,13,Melbourne,Collingwood,71.0,72.0,loss,1471.989357111418,1459.0069287509996,-12.982428360418453
match,113,2025-06-09T15:20:00,2025,13,Collingwood,Melbourne,72.0,71.0,win,1607.282727644919,1620.2651560053375,12.982428360418453
match,114,2025-06-12T19:30:00,2025,14,St Kilda,Western Bulldogs,60.0,132.0,loss,1465.2919688930563,1447.3405596888115,-17.951409204244783
match,114,2025-06-12T19:30:00,2025,14,Western Bulldogs,St Kilda,132.0,60.0,win,1499.5755819224732,1517.526991126718,17.951409204244783
match,115,2025-06-13T19:40:00,2025,14,Hawthorn,Adelaide,47.0,44.0,win,1539.3275892549314,1554.296399729158,14.968810474226757
match,115,2025-06-13T19:40:00,2025,14,Adelaide,Hawthorn,44.0,47.0,loss,1568.7871232084358,1553.818312734209,-14.968810474226757
match,116,2025-06-14T13:20:00,2025,14,Brisbane Lions,Greater Western Sydney,96.0,107.0,loss,1570.746734075669,1548.3227322969867,-22.424001778682396
match,116,2025-06-14T13:20:00,2025,14,Greater Western Sydney,Brisbane Lions,107.0,96.0,win,1503.047325339967,1525.4713271186495,22.424001778682396
match,117,2025-06-14T16:15:00,2025,14,Essendon,Geelong,56.0,151.0,loss,1495.8634956898927,1479.9929920623704,-15.87050362752234
match,117,2025-06-14T16:15:00,2025,14,Geelong,Essendon,151.0,56.0,win,1575.5950033719598,1591.4655069994822,15.87050362752234
match,118,2025-06-14T19:35:00,2025,14,North Melbourne,Fremantle,67.0,73.0,loss,1436.8233399611688,1422.2626943794528,-14.560645581716017
match,118,2025-06-14T19:35:00,2025,14,Fremantle,North Melbourne,73.0,67.0,win,1538.2628386336726,1552.8234842153886,14.560645581716017
match,119,2025-06-15T15:20:00,2025,14,Port Adelaide,Melbourne,93.0,68.0,win,1476.0823863507828,1488.9712299698674,12.888843619084582
match,119,2025-06-15T15:20:00,2025,14,Melbourne,Port Adelaide,68.0,93.0,loss,1459.0069287509996,1446.118085131915,-12.888843619084582
match,120,2025-06-15T18:10:00,2025,14,West Coast,Carlton,52.0,86.0,loss,1359.4077037260665,1345.5274100194906,-13.880293706575912
match,120,2025-06-15T18:10:00,2025,14,Carlton,West Coast,86.0,52.0,win,1479.4133615481862,1493.2936552547621,13.880293706575912
match,121,2025-06-19T20:10:00,2025,15,Fremantle,Essendon,104.0,63.0,win,1552.8234842153886,1563.355771774142,10.532287558753524
match,121,2025-06-19T20:10:00,2025,15,Essendon,Fremantle,63.0,104.0,loss,1479.9929920623704,1469.4607045036169,-10.532287558753524
match,122,2025-06-20T19:40:00,2025,15,Geelong,Brisbane Lions,51.0,92.0,loss,1591.4655069994822,1569.9869328037537,-21.47857419572847
match,122,2025-06-20T19:40:00,2025,15,Brisbane Lions,Geelong,92.0,51.0,win,1548.3227322969867,1569.8013064927152,21.47857419572847
match,123,2025-06-21T13:20:00,2025,15,Carlton,North Melbourne,73.0,84.0,loss,1493.2936552547621,1470.8145465888,-22.47910866596203
match,123,2025-06-21T13:20:00,2025,15,North Melbourne,Carlton,84.0,73.0,win,1422.2626943794528,1444.7418030454148,22.47910866596203
match,124,2025-06-21T16:15:00,2025,15,Port Adelaide,Sydney,52.0,71.0,loss,1488.9712299698674,1468.5143719221664,-20.456858047700962
match,124,2025-06-21T16:15:00,2025,15,Sydney,Port Adelaide,71.0,52.0,win,1467.3667225124684,1487.8235805601694,20.456858047700962
match,125,2025-06-21T19:35:00,2025,15,Collingwood,St Kilda,108.0,74.0,win,1620.2651560053375,1627.2182467144792,6.953090709141634
match,125,2025-06-21T19:35:00,2025,15,St Kilda,Collingwood,74.0,108.0,loss,1447.3405596888115,1440.3874689796698,-6.953090709141634
match,126,2025-06-22T13:10:00,2025,15,Greater Western Sydney,Gold Coast,106.0,99.0,win,1525.4713271186495,1540.193627737635,14.722300618985628
match,126,2025-06-22T13:10:00,2025,15,Gold Coast,Greater Western Sydney,99.0,106.0,loss,1549.4116829007496,1534.689382281764,-14.722300618985628
match,127,2025-06-22T15:20:00,2025,15,Western Bulldogs,Richmond,135.0,56.0,win,1517.526991126718,1526.358319721557,8.831328594839079
match,127,2025-06-22T15:20:00,2025,15,Richmond,Western Bulldogs,56.0,135.0,loss,1395.7250578541825,1386.8937292593434,-8.831328594839079
match,133,2025-06-26T19:30:00,2025,16,Port Adelaide,Carlton,110.0,60.0,win,1468.5143719221664,1482.3681051761102,13.853733253943801
match,133,2025-06-26T19:30:00,2025,16,Carlton,Port Adelaide,60.0,110.0,loss,1470.8145465888,1456.9608133348563,-13.853733253943801
match,132,2025-06-27T19:40:00,2025,16,Sydney,Western Bulldogs,96.0,105.0,loss,1487.8235805601694,1470.1818446509321,-17.64173590923724
match,132,2025-06-27T19:40:00,2025,16,Western Bulldogs,Sydney,105.0,96.0,win,1526.358319721557,1544.0000556307943,17.64173590923724
match,129,2025-06-28T13:20:00,2025,16,Gold Coast,Melbourne,104.0,85.0,win,1534.689382281764,1544.5163627420693,9.826980460305322
match,129,2025-06-28T13:20:00,2025,16,Melbourne,Gold Coast,85.0,104.0,loss,1446.118085131915,1436.2911046716097,-9.826980460305322
match,130,2025-06-28T16:15:00,2025,16,Hawthorn,North Melbourne,150.0,65.0,win,1554.296399729158,1563.526785158026,9.230385428867976
match,130,2025-06-28T16:15:00,2025,16,North Melbourne,Hawthorn,65.0,150.0,loss,1444.7418030454148,1435.5114176165469,-9.230385428867976
match,128,2025-06-28T19:35:00,2025,16,Collingwood,West Coast,88.0,59.0,win,1627.2182467144792,1631.3208294663573,4.102582751878117
match,128,2025-06-28T19:35:00,2025,16,West Coast,Collingwood,59.0,88.0,loss,1345.5274100194906,1341.4248272676125,-4.102582751878117
match,131,2025-06-29T15:20:00,2025,16,Richmond,Adelaide,54.0,122.0,loss,1386.8937292593434,1375.0110929340697,-11.88263632527378
match,131,2025-06-29T15:20:00,2025,16,Adelaide,Richmond,122.0,54.0,win,1553.818312734209,1565.7009490594828,11.88263632527378
match,134,2025-06-29T17:10:00,2025,16,Fremantle,St Kilda,81.0,69.0,win,1563.355771774142,1571.8557042502805,8.499932476138383
match,134,2025-06-29T17:10:00,2025,16,St Kilda,Fremantle,69.0,81.0,loss,1440.3874689796698,1431.8875365035315,-8.499932476138383
match,139,2025-07-03T19:30:00,2025,17,North Melbourne,Western Bulldogs,85.0,134.0,loss,1435.5114176165469,1421.1412256835806,-14.370191932966236
match,139,2025-07-03T19:30:00,2025,17,Western Bulldogs,North Melbourne,134.0,85.0,win,1544.0000556307943,1558.3702475637606,14.370191932966236
match,136,2025-07-04T19:20:00,2025,17,Carlton,Collingwood,59.0,115.0,loss,1456.9608133348563,1445.5231579079332,-11.43765542692313
match,136,2025-07-04T19:20:00,2025,17,Collingwood,Carlton,115.0,59.0,win,1631.3208294663573,1642.7584848932804,11.43765542692313
match,143,2025-07-04T20:20:00,2025,17,West Coast,Greater Western Sydney,52.0,111.0,loss,1341.4248272676125,1330.913760217705,-10.511067049907524
match,143,2025-07-04T20:20:00,2025,17,Greater Western Sydney,West Coast,111.0,52.0,win,1540.193627737635,1550.7046947875426,10.511067049907524
match,137,2025-07-05T12:35:00,2025,17,Essendon,Gold Coast,74.0,115.0,loss,1469.4607045036169,1453.4481306180232,-16.01257388559361
match,137,2025-07-05T12:35:00,2025,17,Gold Coast,Essendon,115.0,74.0,win,1544.5163627420693,1560.528936627663,16.01257388559361
match,138,2025-07-05T16:15:00,2025,17,Geelong,Richmond,124.0,52.0,win,1569.9869328037537,1576.3996302640342,6.412697460280469
match,138,2025-07-05T16:15:00,2025,17,Richmond,Geelong,52.0,124.0,loss,1375.0110929340697,1368.5983954737892,-6.412697460280469
match,135,2025-07-05T19:35:00,2025,17,Brisbane Lions,Port Adelaide,120.0,92.0,win,1569.8013064927152,1579.7024355353205,9.901129042605362
match,135,2025-07-05T19:35:00,2025,17,Port Adelaide,Brisbane Lions,92.0,120.0,loss,1482.3681051761102,1472.4669761335049,-9.901129042605362
match,140,2025-07-05T19:40:00,2025,17,St Kilda,Hawthorn,74.0,94.0,loss,1431.8875365035315,1418.6777933563862,-13.209743147145218
match,140,2025-07-05T19:40:00,2025,17,Hawthorn,St Kilda,94.0,74.0,win,1563.526785158026,1576.7365283051713,13.209743147145218
match,141,2025-07-06T13:10:00,2025,17,Sydney,Fremantle,94.0,83.0,win,1470.1818446509321,1488.5933385067349,18.411493855802746
match,141,2025-07-06T13:10:00,2025,17,Fremantle,Sydney,83.0,94.0,loss,1571.8557042502805,1553.4442103944778,-18.411493855802746
match,142,2025-07-06T15:20:00,2025,17,Adelaide,Melbourne,90.0,77.0,win,1565.7009490594828,1573.972921969458,8.271972909975148
match,142,2025-07-06T15:20:00,2025,17,Melbourne,Adelaide,77.0,90.0,loss,1436.2911046716097,1428.0191317616345,-8.271972909975148
match,144,2025-07-10T19:30:00,2025,18,Carlton,Brisbane Lions,66.0,103.0,loss,1445.5231579079332,1432.2831345561399,-13.240023351793297
match,144,2025-07-10T19:30:00,2025,18,Brisbane Lions,Carlton,103.0,66.0,win,1579.7024355353205,1592.9424588871138,13.240023351793297
