match_id,round_number,match_date,venue,year,home_team,away_team,pre_match_home_rating,pre_match_away_rating,rating_difference,adjusted_rating_difference,home_win_probability,away_win_probability,predicted_winner,confidence,predicted_margin,hscore,ascore,actual_result,margin,margin_error,rating_change,post_match_home_rating,post_match_away_rating,correct
1,OR,2025-03-07T19:40:00,S.C.G.,2025,Sydney,Hawthorn,1569.8760582095892,1663.2906447037926,-93.41458649420338,-33.41458649420338,0.4520602614843493,0.5479397385156507,Hawthorn,0.5479397385156507,-5.012187974130506,76.0,96.0,away_win,-20.0,14.987812025869495,-9.367382516168435,1560.5086756934209,1672.658027219961,True
2,OR,2025-03-09T15:20:00,Sydney Showground,2025,Greater Western Sydney,Collingwood,1565.8947670268592,1526.8475618504826,39.047205176376565,99.04720517637656,0.638800450060695,0.36119954993930503,Greater Western Sydney,0.638800450060695,14.857080776456485,104.0,52.0,home_win,52.0,-37.142919223543515,23.214324514714697,1589.109091541574,1503.633237335768,True
3,1,2025-03-13T19:30:00,M.C.G.,2025,Richmond,Carlton,1277.1739554585304,1532.4410974706548,-255.2671420121244,-195.2671420121244,0.2452611885539534,0.7547388114460466,Carlton,0.7547388114460466,-29.290071301818656,82.0,69.0,home_win,13.0,-42.29007130181866,26.43129456363666,1303.605250022167,1506.0098029070182,False
4,1,2025-03-14T19:40:00,M.C.G.,2025,Hawthorn,Essendon,1672.658027219961,1434.7711557171185,237.8868715028425,297.8868715028425,0.8474545563650167,0.15254544363498335,Hawthorn,0.8474545563650167,44.68303072542637,111.0,85.0,home_win,26.0,18.68303072542637,-11.67689420339148,1660.9811330165696,1446.44804992051,True
5,1,2025-03-15T13:20:00,Kardinia Park,2025,Geelong,Fremantle,1587.6210422623042,1529.934425578513,57.68661668379127,117.68661668379127,0.663171252580223,0.336828747419777,Geelong,0.663171252580223,17.65299250256869,147.0,69.0,home_win,78.0,-60.347007497431306,37.71687968589457,1625.3379219481988,1492.2175458926183,True
6,1,2025-03-15T16:15:00,S.C.G.,2025,Sydney,Brisbane Lions,1560.5086756934209,1658.8244505676262,-98.31577487420532,-38.31577487420532,0.4450816270787873,0.5549183729212127,Brisbane Lions,0.5549183729212127,-5.747366231130798,82.0,86.0,away_win,-4.0,-1.7473662311307976,1.0921038944567485,1561.6007795878777,1657.7323466731693,True
7,1,2025-03-15T19:35:00,M.C.G.,2025,Collingwood,Port Adelaide,1503.633237335768,1541.3561735655828,-37.72293622981488,22.277063770185123,0.5320154100796274,0.4679845899203726,Collingwood,0.5320154100796274,3.3415595655277683,136.0,45.0,home_win,91.0,-87.65844043447223,54.786525271545145,1558.419762607313,1486.5696482940377,True
8,1,2025-03-15T19:35:00,Docklands,2025,Western Bulldogs,North Melbourne,1610.1079901904122,1288.0862053753747,322.02178481503756,382.02178481503756,0.9001681373073063,0.09983186269269373,Western Bulldogs,0.9001681373073063,57.30326772225563,113.0,97.0,home_win,16.0,41.30326772225563,-25.81454232640977,1584.2934478640025,1313.9007477017844,True
9,1,2025-03-16T12:35:00,Adelaide Oval,2025,Adelaide,St Kilda,1514.0477371371783,1516.8753751437052,-2.8276380065269677,57.17236199347303,0.5815429493758872,0.41845705062411276,Adelaide,0.5815429493758872,8.575854299020955,135.0,72.0,home_win,63.0,-54.42414570097905,34.0150910631119,1548.0628282002901,1482.8602840805934,True
10,1,2025-03-16T15:20:00,M.C.G.,2025,Melbourne,Greater Western Sydney,1478.307302394928,1589.109091541574,-110.80178914664589,-50.80178914664589,0.42740696104704723,0.5725930389529528,Greater Western Sydney,0.5725930389529528,-7.6202683719968825,74.0,77.0,away_win,-3.0,-4.6202683719968825,2.8876677324980515,1481.1949701274261,1586.2214238090758,True
11,1,2025-03-16T18:10:00,Perth Stadium,2025,West Coast,Gold Coast,1272.4572994391883,1432.0867592694485,-159.6294598302602,-99.6294598302602,0.36042655139266705,0.639573448607333,Gold Coast,0.639573448607333,-14.94441897453903,49.0,136.0,away_win,-87.0,72.05558102546097,-45.034738140913106,1227.4225612982752,1477.1214974103616,True
12,2,2025-03-20T19:30:00,M.C.G.,2025,Carlton,Hawthorn,1506.0098029070182,1660.9811330165696,-154.97133010955145,-94.97133010955145,0.3666306227938176,0.6333693772061824,Hawthorn,0.6333693772061824,-14.245699516432717,60.0,80.0,away_win,-20.0,5.754300483567283,-3.596437802229552,1502.4133651047887,1664.5775708187991,True
13,2,2025-03-21T19:40:00,M.C.G.,2025,Western Bulldogs,Collingwood,1584.2934478640025,1558.419762607313,25.87368525668944,85.87368525668944,0.6211256246415122,0.3788743753584878,Western Bulldogs,0.6211256246415122,12.881052788503416,70.0,76.0,away_win,-6.0,18.881052788503418,-11.800657992814637,1572.4927898711878,1570.2204206001277,False
14,2,2025-03-22T13:20:00,M.C.G.,2025,Essendon,Adelaide,1446.44804992051,1548.0628282002901,-101.61477827978024,-41.61477827978024,0.4403962829918991,0.559603717008101,Adelaide,0.559603717008101,-6.242216741967035,100.0,161.0,away_win,-61.0,54.757783258032966,-34.2236145362706,1412.2244353842393,1582.2864427365607,True
15,2,2025-03-22T16:15:00,Adelaide Oval,2025,Port Adelaide,Richmond,1486.5696482940377,1303.605250022167,182.96439827187078,242.96439827187078,0.8019640980292243,0.1980359019707757,Port Adelaide,0.8019640980292243,36.444659740780615,140.0,68.0,home_win,72.0,-35.555340259219385,22.222087662012115,1508.79173595605,1281.3831623601548,True
16,2,2025-03-22T19:35:00,Docklands,2025,St Kilda,Geelong,1482.8602840805934,1625.3379219481988,-142.47763786760538,-82.47763786760538,0.3834856378603001,0.6165143621396999,Geelong,0.6165143621396999,-12.371645680140807,98.0,91.0,home_win,7.0,-19.37164568014081,12.107278550088006,1494.9675626306814,1613.2306433981107,False
17,2,2025-03-23T13:10:00,Gabba,2025,Brisbane Lions,West Coast,1657.7323466731693,1227.4225612982752,430.3097853748941,490.3097853748941,0.9438769923994551,0.056123007600544894,Brisbane Lions,0.9438769923994551,73.5464678062341,94.0,75.0,home_win,19.0,54.546467806234105,-34.091542378896314,1623.640804294273,1261.5141036771715,True
18,2,2025-03-23T15:20:00,Docklands,2025,North Melbourne,Melbourne,1313.9007477017844,1481.1949701274261,-167.2942224256417,-107.29422242564169,0.35031948078038444,0.6496805192196156,Melbourne,0.6496805192196156,-16.094133363846254,125.0,66.0,home_win,59.0,-75.09413336384625,46.93383335240391,1360.8345810541884,1434.2611367750221,False
19,2,2025-03-23T18:10:00,Perth Stadium,2025,Fremantle,Sydney,1492.2175458926183,1561.6007795878777,-69.38323369525938,-9.383233695259378,0.4864997233682144,0.5135002766317855,Sydney,0.5135002766317855,-1.4074850542889066,65.0,68.0,away_win,-3.0,1.5925149457110934,-0.9953218410694333,1491.222224051549,1562.5961014289471,True
20,3,2025-03-27T19:30:00,Docklands,2025,Essendon,Port Adelaide,1412.2244353842393,1508.79173595605,-96.56730057181062,-36.56730057181062,0.4475688813128169,0.5524311186871831,Port Adelaide,0.5524311186871831,-5.485095085771593,72.0,60.0,home_win,12.0,-17.485095085771594,10.928184428607246,1423.1526198128465,1497.8635515274427,False
21,3,2025-03-28T19:40:00,Docklands,2025,Carlton,Western Bulldogs,1502.4133651047887,1572.4927898711878,-70.07942476639914,-10.079424766399143,0.48549860979777154,0.5145013902022284,Western Bulldogs,0.5145013902022284,-1.5119137149598714,75.0,83.0,away_win,-8.0,6.488086285040128,-4.05505392815008,1498.3583111766386,1576.547843799338,True
22,3,2025-03-29T13:20:00,M.C.G.,2025,Melbourne,Gold Coast,1434.2611367750221,1477.1214974103616,-42.860360635339475,17.139639364660525,0.5246459340177743,0.47535406598222574,Melbourne,0.5246459340177743,2.570945904699079,62.0,120.0,away_win,-58.0,60.57094590469908,-37.856841190436924,1396.4042955845853,1514.9783386007985,False
23,3,2025-03-29T16:15:00,Docklands,2025,St Kilda,Richmond,1494.9675626306814,1281.3831623601548,213.58440027052666,273.58440027052666,0.8284779517005948,0.1715220482994052,St Kilda,0.8284779517005948,41.037660040579,135.0,53.0,home_win,82.0,-40.962339959421,25.60146247463813,1520.5690251053195,1255.7816998855167,True
24,3,2025-03-29T19:35:00,Gabba,2025,Brisbane Lions,Geelong,1623.640804294273,1613.2306433981107,10.410160896162324,70.41016089616232,0.599963605627112,0.40003639437288796,Brisbane Lions,0.599963605627112,10.561524134424348,70.0,61.0,home_win,9.0,1.5615241344243476,-0.9759525840152172,1622.6648517102578,1614.206595982126,True
25,3,2025-03-29T19:35:00,York Park,2025,Hawthorn,Greater Western Sydney,1664.5775708187991,1586.2214238090758,78.35614700972337,138.35614700972337,0.6892128773121484,0.3107871226878516,Hawthorn,0.6892128773121484,20.753422051458504,76.0,64.0,home_win,12.0,8.753422051458504,-5.470888782161564,1659.1066820366375,1591.6923125912374,True
26,3,2025-03-30T15:20:00,Adelaide Oval,2025,Adelaide,North Melbourne,1582.2864427365607,1360.8345810541884,221.45186168237228,281.4518616823723,0.8348181809281657,0.16518181907183427,Adelaide,0.8348181809281657,42.21777925235584,114.0,78.0,home_win,36.0,6.2177792523558395,-3.8861120327224,1578.4003307038383,1364.7206930869108,True
27,3,2025-03-30T18:10:00,Perth Stadium,2025,West Coast,Fremantle,1261.5141036771715,1491.222224051549,-229.70812037437736,-169.70812037437736,0.27350365422840545,0.7264963457715945,Fremantle,0.7264963457715945,-25.456218056156604,68.0,106.0,away_win,-38.0,12.543781943843396,-7.839863714902123,1253.6742399622694,1499.062087766451,True
28,4,2025-04-03T19:30:00,M.C.G.,2025,Collingwood,Carlton,1570.2204206001277,1498.3583111766386,71.86210942348907,131.86210942348907,0.6811494668705407,0.3188505331294593,Collingwood,0.6811494668705407,19.77931641352336,63.0,46.0,home_win,17.0,2.779316413523361,-1.7370727584521006,1568.4833478416756,1500.0953839350907,True
29,4,2025-04-04T19:40:00,Kardinia Park,2025,Geelong,Melbourne,1614.206595982126,1396.4042955845853,217.80230039754065,277.80230039754065,0.8319007535200454,0.16809924647995456,Geelong,0.8319007535200454,41.670345059631096,85.0,46.0,home_win,39.0,2.670345059631096,-1.668965662269435,1612.5376303198566,1398.0732612468546,True
30,4,2025-04-05T13:20:00,Carrara,2025,Gold Coast,Adelaide,1514.9783386007985,1578.4003307038383,-63.421992103039884,-3.4219921030398837,0.4950755167347406,0.5049244832652594,Adelaide,0.5049244832652594,-0.5132988154559825,91.0,90.0,home_win,1.0,-1.5132988154559825,0.9458117596599891,1515.9241503604585,1577.4545189441783,False
31,4,2025-04-05T16:15:00,M.C.G.,2025,Richmond,Brisbane Lions,1255.7816998855167,1622.6648517102578,-366.88315182474116,-306.88315182474116,0.14597047049383935,0.8540295295061606,Brisbane Lions,0.8540295295061606,-46.03247277371117,90.0,118.0,away_win,-28.0,-18.03247277371117,11.27029548356948,1267.0519953690862,1611.3945562266883,True
32,4,2025-04-05T19:35:00,Docklands,2025,North Melbourne,Sydney,1364.7206930869108,1562.5961014289471,-197.87540834203628,-137.87540834203628,0.31138019594188426,0.6886198040581157,Sydney,0.6886198040581157,-20.68131125130544,52.0,117.0,away_win,-65.0,44.318688748694555,-27.6991804679341,1337.0215126189767,1590.2952818968813,True
33,4,2025-04-06T13:10:00,Sydney Showground,2025,Greater Western Sydney,West Coast,1591.6923125912374,1253.6742399622694,338.01807262896796,398.01807262896796,0.90814361452533,0.09185638547467001,Greater Western Sydney,0.90814361452533,59.70271089434519,132.0,51.0,home_win,81.0,-21.297289105654812,13.310805691034258,1605.0031182822715,1240.3634342712353,True
34,4,2025-04-06T15:20:00,Adelaide Oval,2025,Port Adelaide,St Kilda,1497.8635515274427,1520.5690251053195,-22.705473577876774,37.294526422123226,0.55346594407868,0.44653405592132,Port Adelaide,0.55346594407868,5.594178963318484,72.0,89.0,away_win,-17.0,22.594178963318484,-14.12136185207405,1483.7421896753688,1534.6903869573935,False
35,4,2025-04-06T17:10:00,Perth Stadium,2025,Fremantle,Western Bulldogs,1499.062087766451,1576.547843799338,-77.48575603288691,-17.48575603288691,0.47485719885209215,0.5251428011479078,Western Bulldogs,0.5251428011479078,-2.6228634049330366,97.0,81.0,home_win,16.0,-18.622863404933035,11.639289628083146,1510.7013773945341,1564.9085541712548,False
36,5,2025-04-10T19:40:00,Adelaide Oval,2025,Adelaide,Geelong,1577.4545189441783,1612.5376303198566,-35.0831113756783,24.9168886243217,0.5357969351679548,0.4642030648320452,Adelaide,0.5357969351679548,3.737533293648255,100.0,119.0,away_win,-19.0,22.737533293648255,-14.210958308530161,1563.2435606356482,1626.7485886283866,False
37,5,2025-04-11T19:40:00,Adelaide Oval,2025,Collingwood,Sydney,1568.4833478416756,1590.2952818968813,-21.81193405520571,38.18806594479429,0.5547367949131483,0.4452632050868517,Collingwood,0.5547367949131483,5.7282098917191435,109.0,78.0,home_win,31.0,-25.271790108280857,15.794868817675535,1584.278216659351,1574.5004130792058,True
38,5,2025-04-12T12:35:00,Barossa Park,2025,North Melbourne,Gold Coast,1337.0215126189767,1515.9241503604585,-178.90263774148184,-118.90263774148184,0.33526691620718324,0.6647330837928167,Gold Coast,0.6647330837928167,-17.835395661222275,89.0,141.0,away_win,-52.0,34.16460433877772,-21.352877711736078,1315.6686349072406,1537.2770280721945,True
39,5,2025-04-12T13:20:00,Adelaide Oval,2025,Carlton,West Coast,1500.0953839350907,1240.3634342712353,259.7319496638554,319.7319496638554,0.8630107926393352,0.13698920736066478,Carlton,0.8630107926393352,47.95979244957831,121.0,50.0,home_win,71.0,-23.04020755042169,14.400129719013558,1514.4955136541043,1225.9633045522216,True
40,5,2025-04-12T16:15:00,Norwood Oval,2025,Western Bulldogs,Brisbane Lions,1564.9085541712548,1611.3945562266883,-46.48600205543357,13.513997944566427,0.5194384043845851,0.4805615956154149,Western Bulldogs,0.5194384043845851,2.0270996916849637,97.0,118.0,away_win,-21.0,23.027099691684963,-14.3919373073031,1550.5166168639516,1625.7864935339915,False
41,5,2025-04-12T19:35:00,Adelaide Oval,2025,Melbourne,Essendon,1398.0732612468546,1423.1526198128465,-25.079358565991924,34.920641434008076,0.5500862956925958,0.4499137043074042,Melbourne,0.5500862956925958,5.238096215101211,57.0,96.0,away_win,-39.0,44.23809621510121,-27.648810134438254,1370.4244511124164,1450.8014299472848,False
42,5,2025-04-13T12:35:00,Barossa Park,2025,Richmond,Fremantle,1267.0519953690862,1510.7013773945341,-243.64938202544795,-183.64938202544795,0.2578504851256714,0.7421495148743287,Fremantle,0.7421495148743287,-27.54740730381719,47.0,108.0,away_win,-61.0,33.452592696182805,-20.907870435114255,1246.1441249339719,1531.6092478296484,True
43,5,2025-04-13T15:20:00,Norwood Oval,2025,St Kilda,Greater Western Sydney,1534.6903869573935,1605.0031182822715,-70.31273132487809,-10.312731324878087,0.4851631436785482,0.5148368563214518,Greater Western Sydney,0.5148368563214518,-1.546909698731713,82.0,110.0,away_win,-28.0,26.453090301268286,-16.53318143829268,1518.1572055191007,1621.5362997205643,True
44,5,2025-04-13T19:20:00,Adelaide Oval,2025,Port Adelaide,Hawthorn,1483.7421896753688,1659.1066820366375,-175.36449236126873,-115.36449236126873,0.33982113484184645,0.6601788651581535,Hawthorn,0.6601788651581535,-17.30467385419031,121.0,91.0,home_win,30.0,-47.30467385419031,29.565421158868947,1513.3076108342377,1629.5412608777685,False
45,6,2025-04-17T19:30:00,Gabba,2025,Brisbane Lions,Collingwood,1625.7864935339915,1584.278216659351,41.50827687464039,101.50827687464039,0.6420628107246065,0.35793718927539353,Brisbane Lions,0.6420628107246065,15.226241531196058,53.0,105.0,away_win,-52.0,67.22624153119605,-42.016400956997536,1583.7700925769939,1626.2946176163487,False
46,6,2025-04-18T15:20:00,Docklands,2025,North Melbourne,Carlton,1315.6686349072406,1514.4955136541043,-198.8268787468637,-138.8268787468637,0.31020699619856895,0.689793003801431,Carlton,0.689793003801431,-20.824031812029556,71.0,153.0,away_win,-82.0,61.17596818797044,-38.23498011748153,1277.4336547897592,1552.7304937715858,True
47,6,2025-04-18T18:10:00,Perth Stadium,2025,West Coast,Essendon,1225.9633045522216,1450.8014299472848,-224.83812539506312,-164.83812539506312,0.27910920818501966,0.7208907918149803,Essendon,0.7208907918149803,-24.725718809259465,75.0,77.0,away_win,-2.0,-22.725718809259465,14.203574255787165,1240.1668788080087,1436.5978556914977,True
48,6,2025-04-19T13:20:00,M.C.G.,2025,Melbourne,Fremantle,1370.4244511124164,1531.6092478296484,-161.18479671723208,-101.18479671723208,0.3583652471178219,0.6416347528821781,Fremantle,0.6416347528821781,-15.177719507584811,107.0,97.0,home_win,10.0,-25.17771950758481,15.736074692240507,1386.1605258046568,1515.873173137408,False
49,6,2025-04-19T16:15:00,Adelaide Oval,2025,Adelaide,Greater Western Sydney,1563.2435606356482,1621.5362997205643,-58.29273908491609,1.707260915083907,0.5024569261828559,0.49754307381714413,Adelaide,0.5024569261828559,0.25608913726258603,52.0,34.0,home_win,18.0,-17.743910862737415,11.089944289210885,1574.3335049248592,1610.4463554313534,True
50,6,2025-04-19T19:35:00,Docklands,2025,Richmond,Gold Coast,1246.1441249339719,1537.2770280721945,-291.1329031382227,-231.13290313822267,0.209075357869903,0.790924642130097,Gold Coast,0.790924642130097,-34.6699354707334,80.0,69.0,home_win,11.0,-45.6699354707334,28.543709669208376,1274.6878346031801,1508.7333184029862,False
51,6,2025-04-20T15:20:00,S.C.G.,2025,Sydney,Port Adelaide,1574.5004130792058,1513.3076108342377,61.19280224496811,121.1928022449681,0.667664732658961,0.332335267341039,Sydney,0.667664732658961,18.178920336745215,77.0,85.0,away_win,-8.0,26.178920336745215,-16.36182521046576,1558.1385878687402,1529.6694360447034,False
52,6,2025-04-20T19:20:00,Docklands,2025,Western Bulldogs,St Kilda,1550.5166168639516,1518.1572055191007,32.35941134485097,92.35941134485097,0.629871015482342,0.37012898451765797,Western Bulldogs,0.629871015482342,13.853911701727645,127.0,56.0,home_win,71.0,-57.14608829827235,35.71630518642022,1586.2329220503718,1482.4409003326805,True
53,6,2025-04-21T15:20:00,M.C.G.,2025,Geelong,Hawthorn,1626.7485886283866,1629.5412608777685,-2.7926722493818943,57.207327750618106,0.5815919299858574,0.4184080700141426,Geelong,0.5815919299858574,8.581099162592716,86.0,79.0,home_win,7.0,1.5810991625927162,-0.9881869766204476,1625.7604016517662,1630.529447854389,True
54,7,2025-04-24T19:30:00,M.C.G.,2025,Melbourne,Richmond,1386.1605258046568,1274.6878346031801,111.47269120147666,171.47269120147666,0.7285100218444305,0.2714899781555695,Melbourne,0.7285100218444305,25.7209036802215,83.0,63.0,home_win,20.0,5.7209036802215,-3.575564800138438,1382.5849610045184,1278.2633994033185,True
55,7,2025-04-25T15:20:00,M.C.G.,2025,Collingwood,Essendon,1626.2946176163487,1436.5978556914977,189.696761924851,249.696761924851,0.8080470666481147,0.19195293335188535,Collingwood,0.8080470666481147,37.454514288727644,107.0,66.0,home_win,41.0,-3.545485711272356,2.2159285695452224,1628.5105461858939,1434.3819271219525,True
56,7,2025-04-25T20:10:00,Perth Stadium,2025,Fremantle,Adelaide,1515.873173137408,1574.3335049248592,-58.460331787451196,1.5396682125488041,0.5022157461669452,0.4977842538330548,Fremantle,0.5022157461669452,0.2309502318823206,85.0,67.0,home_win,18.0,-17.76904976811768,11.10565610507355,1526.9788292424817,1563.2278488197855,True
57,7,2025-04-26T13:20:00,Docklands,2025,St Kilda,Brisbane Lions,1482.4409003326805,1583.7700925769939,-101.32919224431339,-41.32919224431339,0.4408014735899113,0.5591985264100887,Brisbane Lions,0.5591985264100887,-6.199378836647008,73.0,118.0,away_win,-45.0,38.80062116335299,-24.25038822709562,1458.190512105585,1608.0204808040894,True
58,7,2025-04-26T16:15:00,Adelaide Oval,2025,Port Adelaide,North Melbourne,1529.6694360447034,1277.4336547897592,252.2357812549442,312.2357812549442,0.8578289290290256,0.14217107097097437,Port Adelaide,0.8578289290290256,46.83536718824163,97.0,88.0,home_win,9.0,37.83536718824163,-23.647104492651017,1506.0223315520523,1301.0807592824103,True
59,7,2025-04-26T19:35:00,Manuka Oval,2025,Greater Western Sydney,Western Bulldogs,1610.4463554313534,1586.2329220503718,24.21343338098154,84.21343338098154,0.6188739580396646,0.3811260419603354,Greater Western Sydney,0.6188739580396646,12.632015007147231,81.0,113.0,away_win,-32.0,44.63201500714723,-27.89500937946702,1582.5513460518864,1614.1279314298388,False
60,7,2025-04-27T13:15:00,Carrara,2025,Gold Coast,Sydney,1508.7333184029862,1558.1385878687402,-49.40526946575392,10.594730534246082,0.5152423186069895,0.48475768139301045,Gold Coast,0.5152423186069895,1.5892095801369124,117.0,79.0,home_win,38.0,-36.41079041986309,22.756744012414433,1531.4900624154006,1535.3818438563258,True
61,7,2025-04-27T15:20:00,M.C.G.,2025,Carlton,Geelong,1552.7304937715858,1625.7604016517662,-73.02990788018042,-13.029907880180417,0.48125724151196214,0.5187427584880379,Geelong,0.5187427584880379,-1.9544861820270625,94.0,76.0,home_win,18.0,-19.95448618202706,12.471553863766912,1565.2020476353528,1613.2888477879992,False
62,7,2025-04-27T16:45:00,Docklands,2025,Hawthorn,West Coast,1630.529447854389,1240.1668788080087,390.36256904638026,450.36256904638026,0.930377028306549,0.069622971693451,Hawthorn,0.930377028306549,67.55438535695704,124.0,74.0,home_win,50.0,17.55438535695704,-10.971490848098151,1619.5579570062907,1251.138369656107,True
63,8,2025-05-01T19:30:00,Docklands,2025,Essendon,North Melbourne,1434.3819271219525,1301.0807592824103,133.30116783954213,193.30116783954213,0.7526378977994627,0.24736210220053734,Essendon,0.7526378977994627,28.99517517593132,65.0,62.0,home_win,3.0,25.99517517593132,-16.246984484957075,1418.1349426369954,1317.3277437673673,True
64,8,2025-05-02T19:40:00,Docklands,2025,St Kilda,Fremantle,1458.190512105585,1526.9788292424817,-68.7883171368967,-8.788317136896694,0.4873552916753693,0.5126447083246307,Fremantle,0.5126447083246307,-1.318247570534504,94.0,33.0,home_win,61.0,-62.3182475705345,38.948904731584065,1497.139416837169,1488.0299245108977,False
65,8,2025-05-03T13:20:00,Eureka Stadium,2025,Western Bulldogs,Port Adelaide,1614.1279314298388,1506.0223315520523,108.10559987778652,168.10559987778652,0.7246595488900932,0.2753404511099068,Western Bulldogs,0.7246595488900932,25.215839981667976,131.0,41.0,home_win,90.0,-64.78416001833202,40.49010001145751,1654.6180314412964,1465.5322315405947,True
66,8,2025-05-03T16:15:00,Adelaide Oval,2025,Adelaide,Carlton,1563.2278488197855,1565.2020476353528,-1.9741988155672061,58.025801184432794,0.5827379995677401,0.4172620004322599,Adelaide,0.5827379995677401,8.70387017766492,110.0,50.0,home_win,60.0,-51.29612982233508,32.060081138959426,1595.287929958745,1533.1419664963933,True
67,8,2025-05-03T19:35:00,M.C.G.,2025,Collingwood,Geelong,1628.5105461858939,1613.2888477879992,15.22169839789467,75.22169839789467,0.606592414724668,0.39340758527533204,Collingwood,0.606592414724668,11.2832547596842,87.0,90.0,away_win,-3.0,14.2832547596842,-8.927034224802625,1619.5835119610913,1622.2158820128018,False
68,8,2025-05-03T19:35:00,Perth Stadium,2025,West Coast,Melbourne,1251.138369656107,1382.5849610045184,-131.4465913484114,-71.4465913484114,0.39860532710192204,0.6013946728980779,Melbourne,0.6013946728980779,-10.71698870226171,76.0,108.0,away_win,-32.0,21.28301129773829,-13.301882061086431,1237.8364875950206,1395.8868430656048,True
69,8,2025-05-04T13:10:00,S.C.G.,2025,Sydney,Greater Western Sydney,1535.3818438563258,1582.5513460518864,-47.16950219556065,12.830497804439347,0.5184561814322646,0.4815438185677354,Sydney,0.5184561814322646,1.924574670665902,87.0,73.0,home_win,14.0,-12.075425329334099,7.547140830833811,1542.9289846871595,1575.0042052210526,True
70,8,2025-05-04T15:20:00,M.C.G.,2025,Hawthorn,Richmond,1619.5579570062907,1278.2633994033185,341.2945576029722,401.2945576029722,0.9097049081953549,0.09029509180464512,Hawthorn,0.9097049081953549,60.19418364044583,109.0,44.0,home_win,65.0,-4.805816359554171,3.003635224721357,1622.5615922310121,1275.2597641785972,True
71,8,2025-05-04T19:20:00,Gabba,2025,Brisbane Lions,Gold Coast,1608.0204808040894,1531.4900624154006,76.53041838868876,136.53041838868876,0.6869572424253054,0.3130427575746946,Brisbane Lions,0.6869572424253054,20.479562758303313,66.0,49.0,home_win,17.0,3.479562758303313,-2.1747267239395707,1605.8457540801498,1533.6647891393402,True
72,9,2025-05-08T20:10:00,Perth Stadium,2025,Fremantle,Collingwood,1488.0299245108977,1619.5835119610913,-131.55358745019362,-71.55358745019362,0.39845768874851545,0.6015423112514846,Collingwood,0.6015423112514846,-10.733038117529043,83.0,97.0,away_win,-14.0,3.266961882470957,-2.041851176544348,1485.9880733343534,1621.6253631376355,True
73,9,2025-05-09T19:40:00,M.C.G.,2025,St Kilda,Carlton,1497.139416837169,1533.1419664963933,-36.002549659224314,23.997450340775686,0.5344802929234723,0.4655197070765277,St Kilda,0.5344802929234723,3.599617551116353,62.0,77.0,away_win,-15.0,18.599617551116353,-11.62476096944772,1485.514655867721,1544.766727465841,False
74,9,2025-05-10T13:20:00,M.C.G.,2025,Melbourne,Hawthorn,1395.8868430656048,1622.5615922310121,-226.67474916540732,-166.67474916540732,0.27698692929403257,0.7230130707059674,Hawthorn,0.7230130707059674,-25.001212374811097,56.0,91.0,away_win,-35.0,9.998787625188903,-6.249242265743065,1389.6376007998617,1628.8108344967552,True
75,9,2025-05-10T16:15:00,Docklands,2025,Essendon,Sydney,1418.1349426369954,1542.9289846871595,-124.79404205016408,-64.79404205016408,0.40782006129041715,0.5921799387095829,Sydney,0.5921799387095829,-9.719106307524612,71.0,63.0,home_win,8.0,-17.719106307524612,11.074441442202883,1429.2093840791983,1531.8545432449566,False
76,9,2025-05-10T19:35:00,Marrara Oval,2025,Gold Coast,Western Bulldogs,1533.6647891393402,1654.6180314412964,-120.95324230195615,-60.95324230195615,0.41317023553278903,0.5868297644672109,Western Bulldogs,0.5868297644672109,-9.142986345293423,106.0,96.0,home_win,10.0,-19.142986345293423,11.96436646580839,1545.6291556051485,1642.653664975488,False
77,9,2025-05-10T20:10:00,Adelaide Oval,2025,Port Adelaide,Adelaide,1465.5322315405947,1595.287929958745,-129.75569841815036,-69.75569841815036,0.4009409346993563,0.5990590653006437,Adelaide,0.5990590653006437,-10.463354762722554,84.0,89.0,away_win,-5.0,-5.463354762722554,3.414596726701596,1468.9468282672963,1591.8733332320435,True
78,9,2025-05-11T13:10:00,M.C.G.,2025,Richmond,West Coast,1275.2597641785972,1237.8364875950206,37.42327658357658,97.42327658357658,0.6366407385442572,0.3633592614557428,Richmond,0.6366407385442572,14.613491487536486,81.0,79.0,home_win,2.0,12.613491487536486,-7.883432179710303,1267.3763319988868,1245.719919774731,True
79,9,2025-05-11T15:20:00,Kardinia Park,2025,Geelong,Greater Western Sydney,1622.2158820128018,1575.0042052210526,47.21167679174914,107.21167679174914,0.6495723646635571,0.35042763533644294,Geelong,0.6495723646635571,16.08175151876237,101.0,105.0,away_win,-4.0,20.08175151876237,-12.551094699226482,1609.6647873135753,1587.5552999202791,False
80,9,2025-05-11T16:40:00,Bellerive Oval,2025,North Melbourne,Brisbane Lions,1317.3277437673673,1605.8457540801498,-288.5180103127825,-228.5180103127825,0.21157538849385918,0.7884246115061408,Brisbane Lions,0.7884246115061408,-34.27770154691738,71.0,71.0,draw,0.0,-34.27770154691738,21.42356346682336,1338.7513072341908,1584.4221906133264,False
81,10,2025-05-15T19:30:00,Marrara Oval,2025,Gold Coast,Hawthorn,1545.6291556051485,1628.8108344967552,-83.18167889160668,-23.18167889160668,0.4666883006514639,0.5333116993485361,Hawthorn,0.5333116993485361,-3.477251833741002,104.0,96.0,home_win,8.0,-11.477251833741002,7.173282396088126,1552.8024380012366,1621.637552100667,False
82,10,2025-05-16T19:40:00,S.C.G.,2025,Sydney,Carlton,1531.8545432449566,1544.766727465841,-12.912184220884455,47.087815779115545,0.5673529324336252,0.43264706756637483,Sydney,0.5673529324336252,7.063172366867332,78.0,62.0,home_win,16.0,-8.936827633132669,5.585517270707919,1537.4400605156645,1539.1812101951332,True
83,10,2025-05-17T13:20:00,M.C.G.,2025,Collingwood,Adelaide,1621.6253631376355,1591.8733332320435,29.752029905592053,89.75202990559205,0.6263650777199888,0.37363492228001116,Collingwood,0.6263650777199888,13.462804485838808,78.0,68.0,home_win,10.0,3.4628044858388076,-2.1642528036492545,1619.4611103339862,1594.0375860356928,True
84,10,2025-05-17T16:15:00,Sydney Showground,2025,Greater Western Sydney,Fremantle,1587.5552999202791,1485.9880733343534,101.56722658592571,161.5672265859257,0.7170865894588977,0.2829134105411023,Greater Western Sydney,0.7170865894588977,24.235083987888856,61.0,95.0,away_win,-34.0,58.235083987888856,-36.396927492430535,1551.1583724278487,1522.3850008267839,False
85,10,2025-05-17T16:15:00,Adelaide Oval,2025,Port Adelaide,Geelong,1468.9468282672963,1609.6647873135753,-140.71795904627902,-80.71795904627902,0.385883314217284,0.614116685782716,Geelong,0.614116685782716,-12.107693856941852,39.0,115.0,away_win,-76.0,63.89230614305815,-39.93269133941134,1429.014136927885,1649.5974786529866,True
86,10,2025-05-17T19:35:00,Docklands,2025,Western Bulldogs,Essendon,1642.653664975488,1429.2093840791983,213.44428089628968,273.4442808962897,0.8283633028109896,0.17163669718901042,Western Bulldogs,0.8283633028109896,41.01664213444345,127.0,36.0,home_win,91.0,-49.98335786555655,31.239598665972842,1673.8932636414609,1397.9697854132255,True
87,10,2025-05-18T13:10:00,M.C.G.,2025,Richmond,North Melbourne,1267.3763319988868,1338.7513072341908,-71.37497523530396,-11.374975235303964,0.4836359411779795,0.5163640588220205,North Melbourne,0.5163640588220205,-1.7062462852955946,74.0,78.0,away_win,-4.0,2.2937537147044056,-1.4335960716902536,1265.9427359271965,1340.184903305881,True
88,10,2025-05-18T15:20:00,Gabba,2025,Brisbane Lions,Melbourne,1584.4221906133264,1389.6376007998617,194.78458981346466,254.78458981346466,0.8125488863619822,0.1874511136380178,Brisbane Lions,0.8125488863619822,38.217688472019695,88.0,99.0,away_win,-11.0,49.217688472019695,-30.761055295012312,1553.661135318314,1420.398656094874,False
89,10,2025-05-18T16:40:00,Perth Stadium,2025,West Coast,St Kilda,1245.719919774731,1485.514655867721,-239.7947360929902,-179.7947360929902,0.26211943867025544,0.7378805613297446,St Kilda,0.7378805613297446,-26.96921041394853,108.0,80.0,home_win,28.0,-54.96921041394853,34.35575650871783,1280.0756762834487,1451.1588993590033,False
90,11,2025-05-22T19:30:00,Kardinia Park,2025,Geelong,Western Bulldogs,1649.5974786529866,1673.8932636414609,-24.295784988474225,35.704215011525775,0.5512023791907067,0.4487976208092933,Geelong,0.5512023791907067,5.355632251728866,127.0,113.0,home_win,14.0,-8.644367748271133,5.402729842669458,1655.0002084956561,1668.4905337987914,True
91,11,2025-05-23T19:40:00,M.C.G.,2025,Essendon,Richmond,1397.9697854132255,1265.9427359271965,132.027049486029,192.027049486029,0.7512698910587068,0.24873010894129322,Essendon,0.7512698910587068,28.80405742290435,81.0,58.0,home_win,23.0,5.80405742290435,-3.6275358893152188,1394.3422495239104,1269.5702718165116,True
92,11,2025-05-24T12:35:00,Docklands,2025,Carlton,Greater Western Sydney,1539.1812101951332,1551.1583724278487,-11.9771622327155,48.0228377672845,0.5686736383670044,0.43132636163299565,Carlton,0.5686736383670044,7.2034256650926745,82.0,110.0,away_win,-28.0,35.203425665092674,-22.002141040682922,1517.1790691544502,1573.1605134685317,False
93,11,2025-05-24T16:15:00,M.C.G.,2025,Hawthorn,Brisbane Lions,1621.637552100667,1553.661135318314,67.976416782353,127.976416782353,0.6762719494062218,0.3237280505937782,Hawthorn,0.6762719494062218,19.19646251735295,60.0,93.0,away_win,-33.0,52.19646251735295,-32.622789073345594,1589.0147630273216,1586.2839243916596,False
94,11,2025-05-24T19:35:00,Docklands,2025,North Melbourne,Collingwood,1340.184903305881,1619.4611103339862,-279.2762070281051,-219.2762070281051,0.22058589682218463,0.7794141031778153,Collingwood,0.7794141031778153,-32.891431054215765,63.0,108.0,away_win,-45.0,12.108568945784235,-7.567855591115146,1332.617047714766,1627.0289659251014,True
95,11,2025-05-24T20:10:00,Perth Stadium,2025,Fremantle,Port Adelaide,1522.3850008267839,1429.014136927885,93.37086389889896,153.37086389889896,0.7074173603982399,0.2925826396017601,Fremantle,0.7074173603982399,23.005629584834843,100.0,51.0,home_win,49.0,-25.994370415165157,16.246481509478222,1538.631482336262,1412.7676554184068,True
96,11,2025-05-25T13:10:00,Adelaide Oval,2025,Adelaide,West Coast,1594.0375860356928,1280.0756762834487,313.9619097522441,373.9619097522441,0.8959206068324049,0.10407939316759507,Adelaide,0.8959206068324049,56.094286462836614,128.0,62.0,home_win,66.0,-9.905713537163386,6.191070960727116,1600.2286569964199,1273.8846053227217,True
97,11,2025-05-25T15:20:00,M.C.G.,2025,Melbourne,Sydney,1420.398656094874,1537.4400605156645,-117.04140442079051,-57.04140442079051,0.41864051243480316,0.5813594875651968,Sydney,0.5813594875651968,-8.556210663118577,131.0,78.0,home_win,53.0,-61.55621066311858,38.47263166444911,1458.8712877593232,1498.9674288512153,False
98,11,2025-05-25T16:40:00,Docklands,2025,St Kilda,Gold Coast,1451.1588993590033,1552.8024380012366,-101.64353864223335,-41.64353864223335,0.44035548206765174,0.5596445179323483,Gold Coast,0.5596445179323483,-6.246530796335002,61.0,80.0,away_win,-19.0,12.753469203664999,-7.970918252290625,1443.1879811067126,1560.7733562535273,True
99,12,2025-05-29T19:30:00,Gabba,2025,Brisbane Lions,Essendon,1586.2839243916596,1394.3422495239104,191.94167486774927,251.94167486774927,0.8100435016599052,0.18995649834009476,Brisbane Lions,0.8100435016599052,37.79125123016239,90.0,72.0,home_win,18.0,19.791251230162388,-12.369532018851492,1573.9143923728082,1406.7117815427619,True
100,12,2025-05-30T19:40:00,M.C.G.,2025,Collingwood,Hawthorn,1627.0289659251014,1589.0147630273216,38.014202897779796,98.0142028977798,0.6374272724587379,0.36257272754126213,Collingwood,0.6374272724587379,14.70213043466697,107.0,56.0,home_win,51.0,-36.29786956533303,22.686168478333144,1649.7151344034346,1566.3285945489883,True
101,12,2025-05-31T13:20:00,Carrara,2025,Gold Coast,Fremantle,1560.7733562535273,1538.631482336262,22.14187391726523,82.14187391726523,0.6160572952686135,0.3839427047313865,Gold Coast,0.6160572952686135,12.321281087589783,64.0,75.0,away_win,-11.0,23.32128108758978,-14.575800679743613,1546.1975555737836,1553.2072830160057,False
102,12,2025-05-31T16:15:00,Sydney Showground,2025,Greater Western Sydney,Richmond,1573.1605134685317,1269.5702718165116,303.59024165202004,363.59024165202004,0.8902203338294498,0.10977966617055024,Greater Western Sydney,0.8902203338294498,54.538536247803,80.0,77.0,home_win,3.0,51.538536247803,-32.21158515487688,1540.9489283136547,1301.7818569713886,True
103,12,2025-05-31T19:35:00,S.C.G.,2025,Sydney,Adelaide,1498.9674288512153,1600.2286569964199,-101.26122814520454,-41.26122814520454,0.4408979129612986,0.5591020870387013,Adelaide,0.5591020870387013,-6.189184221780681,41.0,131.0,away_win,-90.0,83.81081577821932,-52.38175986138708,1446.5856689898283,1652.610416857807,True
104,12,2025-06-01T15:20:00,Traeger Park,2025,Melbourne,St Kilda,1458.8712877593232,1443.1879811067126,15.683306652610554,75.68330665261055,0.6072263511703144,0.3927736488296856,Melbourne,0.6072263511703144,11.352495997891582,63.0,91.0,away_win,-28.0,39.35249599789158,-24.595309998682236,1434.275977760641,1467.783291105395,False
105,12,2025-06-01T19:20:00,Perth Stadium,2025,West Coast,Geelong,1273.8846053227217,1655.0002084956561,-381.11560317293447,-321.11560317293447,0.1360502855112142,0.8639497144887858,Geelong,0.8639497144887858,-48.16734047594017,73.0,116.0,away_win,-43.0,-5.167340475940172,3.2295877974626075,1277.1141931201842,1651.7706206981936,True
106,13,2025-06-05T19:30:00,Docklands,2025,Western Bulldogs,Hawthorn,1668.4905337987914,1566.3285945489883,102.16193924980303,162.16193924980303,0.7177805982222569,0.2822194017777431,Western Bulldogs,0.7177805982222569,24.324290887470454,59.0,81.0,away_win,-22.0,46.324290887470454,-28.952681804669034,1639.5378519941223,1595.2812763536574,False
107,13,2025-06-06T19:40:00,Adelaide Oval,2025,Adelaide,Brisbane Lions,1652.610416857807,1573.9143923728082,78.69602448499882,138.69602448499882,0.6896317997268034,0.31036820027319656,Adelaide,0.6896317997268034,20.80440367274982,68.0,63.0,home_win,5.0,15.804403672749821,-9.877752295468637,1642.7326645623384,1583.7921446682767,True
108,13,2025-06-07T13:20:00,M.C.G.,2025,Richmond,Sydney,1301.7818569713886,1446.5856689898283,-144.80381201843966,-84.80381201843966,0.38032476744422117,0.6196752325557788,Sydney,0.6196752325557788,-12.720571802765948,36.0,80.0,away_win,-44.0,31.279428197234054,-19.549642623271286,1282.2322143481174,1466.1353116130995,True
109,13,2025-06-07T16:15:00,Kardinia Park,2025,Geelong,Gold Coast,1651.7706206981936,1546.1975555737836,105.57306512441005,165.57306512441005,0.7217412339206689,0.2782587660793311,Geelong,0.7217412339206689,24.835959768661507,61.0,37.0,home_win,24.0,0.8359597686615068,-0.5224748554134417,1651.24814584278,1546.720030429197,True
110,13,2025-06-07T19:35:00,Manuka Oval,2025,Greater Western Sydney,Port Adelaide,1540.9489283136547,1412.7676554184068,128.18127289524796,188.18127289524796,0.7471101258252457,0.2528898741747543,Greater Western Sydney,0.7471101258252457,28.227190934287194,50.0,66.0,away_win,-16.0,44.227190934287194,-27.641994333929496,1513.3069339797253,1440.4096497523362,False
111,13,2025-06-08T15:20:00,Hands Oval,2025,North Melbourne,West Coast,1332.617047714766,1277.1141931201842,55.50285459458178,115.50285459458178,0.6603575261897294,0.3396424738102706,North Melbourne,0.6603575261897294,17.325428189187267,62.0,52.0,home_win,10.0,7.325428189187267,-4.5783926182420425,1328.0386550965238,1281.6925857384263,True
112,13,2025-06-08T19:20:00,M.C.G.,2025,Carlton,Essendon,1517.1790691544502,1406.7117815427619,110.46728761168833,170.46728761168833,0.7273638255757415,0.27263617442425847,Carlton,0.7273638255757415,25.57009314175325,78.0,70.0,home_win,8.0,17.57009314175325,-10.981308213595781,1506.1977609408543,1417.6930897563577,True
113,13,2025-06-09T15:20:00,M.C.G.,2025,Melbourne,Collingwood,1434.275977760641,1649.7151344034346,-215.4391566427937,-155.4391566427937,0.2901244482988806,0.7098755517011194,Collingwood,0.7098755517011194,-23.315873496419055,71.0,72.0,away_win,-1.0,-22.315873496419055,13.947420935261908,1448.223398695903,1635.7677134681726,True
114,14,2025-06-12T19:30:00,Docklands,2025,St Kilda,Western Bulldogs,1467.783291105395,1639.5378519941223,-171.75456088872738,-111.75456088872738,0.34449847522348215,0.6555015247765179,Western Bulldogs,0.6555015247765179,-16.763184133309107,60.0,132.0,away_win,-72.0,55.23681586669089,-34.5230099166818,1433.2602811887132,1674.060861910804,True
115,14,2025-06-13T19:40:00,York Park,2025,Hawthorn,Adelaide,1595.2812763536574,1642.7326645623384,-47.45138820868101,12.54861179131899,0.5180510555358813,0.48194894446411873,Hawthorn,0.5180510555358813,1.8822917686978484,47.0,44.0,home_win,3.0,-1.1177082313021516,0.6985676445638448,1595.9798439982212,1642.0340969177746,True
116,14,2025-06-14T13:20:00,Gabba,2025,Brisbane Lions,Greater Western Sydney,1583.7921446682767,1513.3069339797253,70.48521068855143,130.48521068855143,0.6794255790585384,0.3205744209414616,Brisbane Lions,0.6794255790585384,19.572781603282714,96.0,107.0,away_win,-11.0,30.572781603282714,-19.107988502051697,1564.684156166225,1532.414922481777,False
117,14,2025-06-14T16:15:00,M.C.G.,2025,Essendon,Geelong,1417.6930897563577,1651.24814584278,-233.55505608642238,-173.55505608642238,0.2691256448541017,0.7308743551458983,Geelong,0.7308743551458983,-26.033258412963356,56.0,151.0,away_win,-95.0,68.96674158703664,-43.1042134918979,1374.5888762644597,1694.352359334678,True
118,14,2025-06-14T19:35:00,Perth Stadium,2025,North Melbourne,Fremantle,1328.0386550965238,1553.2072830160057,-225.16862791948188,-165.16862791948188,0.27872656717323546,0.7212734328267645,Fremantle,0.7212734328267645,-24.77529418792228,67.0,73.0,away_win,-6.0,-18.77529418792228,11.734558867451426,1339.7732139639752,1541.4727241485543,True
119,14,2025-06-15T15:20:00,Adelaide Oval,2025,Port Adelaide,Melbourne,1440.4096497523362,1448.223398695903,-7.813748943566679,52.18625105643332,0.5745423039475389,0.4254576960524611,Port Adelaide,0.5745423039475389,7.827937658464998,93.0,68.0,home_win,25.0,-17.172062341535003,10.732538963459378,1451.1421887157956,1437.4908597324436,True
120,14,2025-06-15T18:10:00,Perth Stadium,2025,West Coast,Carlton,1281.6925857384263,1506.1977609408543,-224.50517520242806,-164.50517520242806,0.2794950083248593,0.7205049916751407,Carlton,0.7205049916751407,-24.675776280364207,52.0,86.0,away_win,-34.0,9.324223719635793,-5.827639824772371,1275.8649459136539,1512.0254007656267,True
121,15,2025-06-19T20:10:00,Perth Stadium,2025,Fremantle,Essendon,1541.4727241485543,1374.5888762644597,166.88384788409462,226.88384788409462,0.7868511614572318,0.21314883854276823,Fremantle,0.7868511614572318,34.03257718261419,104.0,63.0,home_win,41.0,-6.96742281738581,4.354639260866131,1545.8273634094205,1370.2342370035935,True
122,15,2025-06-20T19:40:00,Kardinia Park,2025,Geelong,Brisbane Lions,1694.352359334678,1564.684156166225,129.66820316845315,189.66820316845315,0.7487238975403848,0.2512761024596152,Geelong,0.7487238975403848,28.450230475267972,51.0,92.0,away_win,-41.0,69.45023047526797,-43.40639404704248,1650.9459652876355,1608.0905502132675,False
123,15,2025-06-21T13:20:00,M.C.G.,2025,Carlton,North Melbourne,1512.0254007656267,1339.7732139639752,172.25218680165153,232.25218680165153,0.7919880968725396,0.20801190312746043,Carlton,0.7919880968725396,34.83782802024773,73.0,84.0,away_win,-11.0,45.83782802024773,-28.648642512654828,1483.376758252972,1368.42185647663,False
124,15,2025-06-21T16:15:00,Adelaide Oval,2025,Port Adelaide,Sydney,1451.1421887157956,1466.1353116130995,-14.99312289730392,45.00687710269608,0.5644102229746538,0.4355897770253462,Port Adelaide,0.5644102229746538,6.7510315654044115,52.0,71.0,away_win,-19.0,25.75103156540441,-16.094394728377758,1435.047793987418,1482.2297063414771,False
125,15,2025-06-21T19:35:00,Docklands,2025,Collingwood,St Kilda,1635.7677134681726,1433.2602811887132,202.5074322794594,262.5074322794594,0.8192262800709544,0.18077371992904556,Collingwood,0.8192262800709544,39.37611484191891,108.0,74.0,home_win,34.0,5.376114841918913,-3.3600717761993204,1632.4076416919734,1436.6203529649124,True
126,15,2025-06-22T13:10:00,Sydney Showground,2025,Greater Western Sydney,Gold Coast,1532.414922481777,1546.720030429197,-14.305107947420083,45.69489205257992,0.5653836755111997,0.4346163244888003,Greater Western Sydney,0.5653836755111997,6.854233807886987,106.0,99.0,home_win,7.0,-0.14576619211301267,0.09110387007063292,1532.5060263518476,1546.6289265591265,True
127,15,2025-06-22T15:20:00,Docklands,2025,Western Bulldogs,Richmond,1674.060861910804,1282.2322143481174,391.8286475626867,451.8286475626867,0.9309217157142754,0.0690782842857246,Western Bulldogs,0.9309217157142754,67.774297134403,135.0,56.0,home_win,79.0,-11.225702865597,7.016064290998125,1681.0769262018023,1275.2161500571192,True
133,16,2025-06-26T19:30:00,Adelaide Oval,2025,Port Adelaide,Carlton,1435.047793987418,1483.376758252972,-48.32896426555408,11.671035734445923,0.5167896557859609,0.4832103442140391,Port Adelaide,0.5167896557859609,1.7506553601668884,110.0,60.0,home_win,50.0,-48.24934463983311,30.15584039989569,1465.2036343873135,1453.2209178530763,True
132,16,2025-06-27T19:40:00,S.C.G.,2025,Sydney,Western Bulldogs,1482.2297063414771,1681.0769262018023,-198.84721986032514,-138.84721986032514,0.3101819413869711,0.6898180586130289,Western Bulldogs,0.6898180586130289,-20.82708297904877,96.0,105.0,away_win,-9.0,-11.827082979048772,7.391926861905482,1489.6216332033825,1673.6849993398969,True
129,16,2025-06-28T13:20:00,Carrara,2025,Gold Coast,Melbourne,1546.6289265591265,1437.4908597324436,109.13806682668292,169.13806682668292,0.725843830868442,0.27415616913155805,Gold Coast,0.725843830868442,25.370710024002438,104.0,85.0,home_win,19.0,6.370710024002438,-3.9816937650015243,1542.6472327941249,1441.4725534974452,True
130,16,2025-06-28T16:15:00,York Park,2025,Hawthorn,North Melbourne,1595.9798439982212,1368.42185647663,227.55798752159126,287.55798752159126,0.8396083422174001,0.1603916577825999,Hawthorn,0.8396083422174001,43.133698128238684,150.0,65.0,home_win,85.0,-41.866301871761316,26.166438669850823,1622.146282668072,1342.2554178067792,True
128,16,2025-06-28T19:35:00,Docklands,2025,Collingwood,West Coast,1632.4076416919734,1275.8649459136539,356.5426957783195,416.5426957783195,0.9166603438883583,0.08333965611164174,Collingwood,0.9166603438883583,62.481404366747924,88.0,59.0,home_win,29.0,33.481404366747924,-20.925877729217454,1611.4817639627558,1296.7908236428714,True
131,16,2025-06-29T15:20:00,M.C.G.,2025,Richmond,Adelaide,1275.2161500571192,1642.0340969177746,-366.8179468606554,-306.8179468606554,0.1460172689970136,0.8539827310029864,Adelaide,0.8539827310029864,-46.02269202909831,54.0,122.0,away_win,-68.0,21.97730797090169,-13.735817481813559,1261.4803325753057,1655.769914399588,True
134,16,2025-06-29T17:10:00,Perth Stadium,2025,Fremantle,St Kilda,1545.8273634094205,1436.6203529649124,109.20701044450811,169.20701044450811,0.7259227990340084,0.27407720096599164,Fremantle,0.7259227990340084,25.381051566676216,81.0,69.0,home_win,12.0,13.381051566676216,-8.363157229172636,1537.4642061802479,1444.983510194085,True
139,17,2025-07-03T19:30:00,Docklands,2025,North Melbourne,Western Bulldogs,1342.2554178067792,1673.6849993398969,-331.4295815331177,-271.4295815331177,0.17329189194032615,0.8267081080596739,Western Bulldogs,0.8267081080596739,-40.71443722996765,85.0,134.0,away_win,-49.0,8.28556277003235,-5.1784767312702185,1337.076941075509,1678.863476071167,True
136,17,2025-07-04T19:20:00,M.C.G.,2025,Carlton,Collingwood,1453.2209178530763,1611.4817639627558,-158.2608461096795,-98.2608461096795,0.3622446580570269,0.6377553419429731,Collingwood,0.6377553419429731,-14.739126916451925,59.0,115.0,away_win,-56.0,41.26087308354808,-25.788045677217546,1427.4328721758588,1637.2698096399733,True
143,17,2025-07-04T20:20:00,Perth Stadium,2025,West Coast,Greater Western Sydney,1296.7908236428714,1532.5060263518476,-235.71520270897622,-175.71520270897622,0.2666867889859454,0.7333132110140546,Greater Western Sydney,0.7333132110140546,-26.357280406346433,52.0,111.0,away_win,-59.0,32.64271959365357,-20.40169974603348,1276.3891238968379,1552.907726097881,True
137,17,2025-07-05T12:35:00,Docklands,2025,Essendon,Gold Coast,1370.2342370035935,1542.6472327941249,-172.41299579053134,-112.41299579053134,0.3436430675576572,0.6563569324423428,Gold Coast,0.6563569324423428,-16.8619493685797,74.0,115.0,away_win,-41.0,24.1380506314203,-15.086281644637689,1355.1479553589559,1557.7335144387625,True
138,17,2025-07-05T16:15:00,Kardinia Park,2025,Geelong,Richmond,1650.9459652876355,1261.4803325753057,389.4656327123298,449.4656327123298,0.9300418360258891,0.06995816397411092,Geelong,0.9300418360258891,67.41984490684946,124.0,52.0,home_win,72.0,-4.5801550931505375,2.862596933219086,1653.8085622208546,1258.6177356420867,True
135,17,2025-07-05T19:35:00,Gabba,2025,Brisbane Lions,Port Adelaide,1608.0905502132675,1465.2036343873135,142.88691582595402,202.88691582595402,0.7627672061580492,0.23723279384195084,Brisbane Lions,0.7627672061580492,30.4330373738931,120.0,92.0,home_win,28.0,2.4330373738931,-1.5206483586831876,1606.5699018545843,1466.7242827459968,True
140,17,2025-07-05T19:40:00,Docklands,2025,St Kilda,Hawthorn,1444.983510194085,1622.146282668072,-177.16277247398693,-117.16277247398693,0.3375026639383578,0.6624973360616422,Hawthorn,0.6624973360616422,-17.57441587109804,74.0,94.0,away_win,-20.0,2.42558412890196,-1.515990080563725,1443.4675201135212,1623.6622727486358,True
141,17,2025-07-06T13:10:00,S.C.G.,2025,Sydney,Fremantle,1489.6216332033825,1537.4642061802479,-47.84257297686531,12.157427023134687,0.5174888065253088,0.4825111934746912,Sydney,0.5174888065253088,1.823614053470203,94.0,83.0,home_win,11.0,-9.176385946529797,5.735241216581123,1495.3568744199636,1531.7289649636668,True
142,17,2025-07-06T15:20:00,Adelaide Oval,2025,Adelaide,Melbourne,1655.769914399588,1441.4725534974452,214.29736090214283,274.2973609021428,0.8290603719449258,0.17093962805507423,Adelaide,0.8290603719449258,41.14460413532142,90.0,77.0,home_win,13.0,28.144604135321423,-17.59037758457589,1638.1795368150122,1459.0629310820211,True
144,18,2025-07-10T19:30:00,Docklands,2025,Carlton,Brisbane Lions,1427.4328721758588,1606.5699018545843,-179.1370296787254,-119.13702967872541,0.3349662810448182,0.6650337189551818,Brisbane Lions,0.6650337189551818,-17.87055445180881,66.0,103.0,away_win,-37.0,19.12944554819119,-11.955903467619493,1415.4769687082394,1618.5258053222037,True
145,18,2025-07-11T19:40:00,Carrara,2025,Gold Coast,Collingwood,1557.7335144387625,1637.2698096399733,-79.5362952012108,-19.536295201210805,0.4719146051793692,0.5280853948206308,Collingwood,0.5280853948206308,-2.9304442801816206,69.0,63.0,home_win,6.0,-8.930444280181622,5.581527675113514,1563.315042113876,1631.68828196486,False
150,18,2025-07-12T13:20:00,Docklands,2025,Western Bulldogs,Adelaide,1678.863476071167,1638.1795368150122,40.68393925615487,100.68393925615487,0.6409715281809002,0.3590284718190998,Western Bulldogs,0.6409715281809002,15.10259088842323,98.0,109.0,away_win,-11.0,26.10259088842323,-16.31411930526452,1662.5493567659025,1654.4936561202767,False
146,18,2025-07-12T16:15:00,Sydney Showground,2025,Greater Western Sydney,Geelong,1552.907726097881,1653.8085622208546,-100.90083612297349,-40.90083612297349,0.44140937466367963,0.5585906253363204,Geelong,0.5585906253363204,-6.135125418446023,111.0,85.0,home_win,26.0,-32.13512541844602,20.084453386528764,1572.99217948441,1633.7241088343258,False
148,18,2025-07-12T19:35:00,M.C.G.,2025,Richmond,Essendon,1258.6177356420867,1355.1479553589559,-96.53021971686917,-36.53021971686917,0.44762165875184917,0.5523783412481509,Essendon,0.5523783412481509,-5.479532957530375,46.0,37.0,home_win,9.0,-14.479532957530374,9.049708098456483,1267.6674437405431,1346.0982472604994,False
152,18,2025-07-12T20:10:00,Perth Stadium,2025,Fremantle,Hawthorn,1531.7289649636668,1623.6622727486358,-91.93330778496897,-31.933307784968974,0.4541732471079087,0.5458267528920913,Hawthorn,0.5458267528920913,-4.789996167745346,77.0,64.0,home_win,13.0,-17.789996167745347,11.118747604840841,1542.8477125685076,1612.543525143795,False
147,18,2025-07-13T13:10:00,M.C.G.,2025,Melbourne,North Melbourne,1459.0629310820211,1337.076941075509,121.98599000651211,181.9859900065121,0.7403129152602576,0.25968708473974245,Melbourne,0.7403129152602576,27.297898500976817,,,,,,,,,
149,18,2025-07-13T15:20:00,Docklands,2025,St Kilda,Sydney,1443.4675201135212,1495.3568744199636,-51.88935430644233,8.110645693557672,0.5116700376051537,0.4883299623948463,St Kilda,0.5116700376051537,1.2165968540336507,,,,,,,,,
151,18,2025-07-13T16:40:00,Adelaide Oval,2025,Port Adelaide,West Coast,1466.7242827459968,1276.3891238968379,190.33515884915892,250.33515884915892,0.808616425456313,0.19138357454368704,Port Adelaide,0.808616425456313,37.550273827373836,,,,,,,,,
156,19,2025-07-17T19:30:00,Docklands,2025,Essendon,Greater Western Sydney,1346.0982472604994,1572.99217948441,-226.8939322239105,-166.8939322239105,0.27673432201414266,0.7232656779858573,Greater Western Sydney,0.7232656779858573,-25.034089833586574,,,,,,,,,
153,19,2025-07-18T19:40:00,Gabba,2025,Brisbane Lions,Western Bulldogs,1618.5258053222037,1662.5493567659025,-44.02355144369881,15.976448556301193,0.5229757657180448,0.4770242342819552,Brisbane Lions,0.5229757657180448,2.396467283445179,,,,,,,,,
158,19,2025-07-19T13:20:00,York Park,2025,Hawthorn,Port Adelaide,1612.543525143795,1466.7242827459968,145.81924239779823,205.81924239779823,0.7658081084420383,0.23419189155796172,Hawthorn,0.7658081084420383,30.872886359669735,,,,,,,,,
159,19,2025-07-19T16:15:00,S.C.G.,2025,Sydney,North Melbourne,1495.3568744199636,1337.076941075509,158.27993334445455,218.27993334445455,0.7784265155137522,0.2215734844862478,Sydney,0.7784265155137522,32.74199000166818,,,,,,,,,
154,19,2025-07-19T19:35:00,M.C.G.,2025,Carlton,Melbourne,1415.4769687082394,1459.0629310820211,-43.58596237378174,16.41403762621826,0.5236041405857983,0.4763958594142017,Carlton,0.5236041405857983,2.462105643932739,,,,,,,,,
161,19,2025-07-19T20:10:00,Perth Stadium,2025,West Coast,Richmond,1276.3891238968379,1267.6674437405431,8.721680156294724,68.72168015629472,0.5976285621651422,0.40237143783485785,West Coast,0.5976285621651422,10.308252023444208,,,,,,,,,
157,19,2025-07-20T13:10:00,Kardinia Park,2025,Geelong,St Kilda,1633.7241088343258,1443.4675201135212,190.25658872080453,250.25658872080453,0.8085464217558843,0.19145357824411569,Geelong,0.8085464217558843,37.53848830812068,,,,,,,,,
155,19,2025-07-20T15:20:00,M.C.G.,2025,Collingwood,Fremantle,1631.68828196486,1542.8477125685076,88.8405693963523,148.8405693963523,0.7019906432669666,0.2980093567330334,Collingwood,0.7019906432669666,22.326085409452844,,,,,,,,,
160,19,2025-07-20T16:40:00,Adelaide Oval,2025,Adelaide,Gold Coast,1654.4936561202767,1563.315042113876,91.17861400640072,151.17861400640072,0.7047985593243787,0.29520144067562126,Adelaide,0.7047985593243787,22.676792100960107,,,,,,,,,
165,20,2025-07-24T19:30:00,M.C.G.,2025,Hawthorn,Carlton,1612.543525143795,1415.4769687082394,197.06655643555564,257.06655643555564,0.8145414714464635,0.1854585285535365,Hawthorn,0.8145414714464635,38.559983465333346,,,,,,,,,
162,20,2025-07-25T19:20:00,Docklands,2025,Essendon,Western Bulldogs,1346.0982472604994,1662.5493567659025,-316.4511095054031,-256.4511095054031,0.18599431298718522,0.8140056870128147,Western Bulldogs,0.8140056870128147,-38.467666425810464,,,,,,,,,
164,20,2025-07-25T19:50:00,Sydney Showground,2025,Greater Western Sydney,Sydney,1572.99217948441,1495.3568744199636,77.63530506444636,137.63530506444636,0.6883233636188407,0.3116766363811593,Greater Western Sydney,0.6883233636188407,20.645295759666954,,,,,,,,,
163,20,2025-07-26T13:20:00,Carrara,2025,Gold Coast,Brisbane Lions,1563.315042113876,1618.5258053222037,-55.21076320832776,4.789236791672238,0.5068918292695088,0.4931081707304912,Gold Coast,0.5068918292695088,0.7183855187508357,,,,,,,,,
170,20,2025-07-26T16:15:00,Perth Stadium,2025,Fremantle,West Coast,1542.8477125685076,1276.3891238968379,266.45858867166976,326.45858867166976,0.8675245768347066,0.13247542316529337,Fremantle,0.8675245768347066,48.96878830075046,,,,,,,,,
166,20,2025-07-26T19:35:00,Docklands,2025,North Melbourne,Geelong,1337.076941075509,1633.7241088343258,-296.64716775881675,-236.64716775881675,0.20387476396869036,0.7961252360313096,Geelong,0.7961252360313096,-35.49707516382251,,,,,,,,,
169,20,2025-07-26T20:10:00,Adelaide Oval,2025,Adelaide,Port Adelaide,1654.4936561202767,1466.7242827459968,187.7693733742799,247.7693733742799,0.8063202796442734,0.19367972035572656,Adelaide,0.8063202796442734,37.165406006141986,,,,,,,,,
167,20,2025-07-27T14:10:00,M.C.G.,2025,Richmond,Collingwood,1267.6674437405431,1631.68828196486,-364.0208382243168,-304.0208382243168,0.14803652464661055,0.8519634753533895,Collingwood,0.8519634753533895,-45.603125733647516,,,,,,,,,
168,20,2025-07-27T15:20:00,Docklands,2025,St Kilda,Melbourne,1443.4675201135212,1459.0629310820211,-15.595410968499891,44.40458903150011,0.5635576548949437,0.4364423451050563,St Kilda,0.5635576548949437,6.660688354725016,,,,,,,,,
177,21,2025-07-31T19:30:00,Docklands,2025,Western Bulldogs,Greater Western Sydney,1662.5493567659025,1572.99217948441,89.55717728149261,149.5571772814926,0.7028528991548626,0.2971471008451374,Western Bulldogs,0.7028528991548626,22.43357659222389,,,,,,,,,
178,21,2025-08-01T19:40:00,Adelaide Oval,2025,Adelaide,Hawthorn,1654.4936561202767,1612.543525143795,41.95013097648166,101.95013097648166,0.6426471455820887,0.3573528544179113,Adelaide,0.6426471455820887,15.292519646472249,,,,,,,,,
174,21,2025-08-02T13:20:00,Docklands,2025,Melbourne,West Coast,1459.0629310820211,1276.3891238968379,182.67380718518325,242.67380718518325,0.8016982973001492,0.1983017026998508,Melbourne,0.8016982973001492,36.40107107777749,,,,,,,,,
173,21,2025-08-02T16:10:00,Carrara,2025,Gold Coast,Richmond,1563.315042113876,1267.6674437405431,295.6475983733328,355.6475983733328,0.8856716939207407,0.11432830607925926,Gold Coast,0.8856716939207407,53.34713975599992,,,,,,,,,
176,21,2025-08-02T16:15:00,S.C.G.,2025,Sydney,Essendon,1495.3568744199636,1346.0982472604994,149.25862715946414,209.25862715946414,0.7693402216528319,0.2306597783471681,Sydney,0.7693402216528319,31.38879407391962,,,,,,,,,
171,21,2025-08-02T19:35:00,M.C.G.,2025,Collingwood,Brisbane Lions,1631.68828196486,1618.5258053222037,13.162476642656202,73.1624766426562,0.6037600934239612,0.3962399065760388,Collingwood,0.6037600934239612,10.97437149639843,,,,,,,,,
175,21,2025-08-03T13:40:00,Docklands,2025,St Kilda,North Melbourne,1443.4675201135212,1337.076941075509,106.39057903801222,166.39057903801222,0.7226853545064457,0.27731464549355433,St Kilda,0.7226853545064457,24.95858685570183,,,,,,,,,
172,21,2025-08-03T15:20:00,Kardinia Park,2025,Geelong,Port Adelaide,1633.7241088343258,1466.7242827459968,166.99982608832897,226.99982608832897,0.7869631115502361,0.21303688844976387,Geelong,0.7869631115502361,34.049973913249346,,,,,,,,,
179,21,2025-08-03T17:10:00,Perth Stadium,2025,Fremantle,Carlton,1542.8477125685076,1415.4769687082394,127.37074386026825,187.37074386026825,0.74622757329964,0.25377242670036004,Fremantle,0.74622757329964,28.105611579040236,,,,,,,,,
184,22,2025-08-07T19:30:00,M.C.G.,2025,Hawthorn,Collingwood,1612.543525143795,1631.68828196486,-19.144756821064902,40.8552431789351,0.5585259117892493,0.44147408821075074,Hawthorn,0.5585259117892493,6.128286476840264,,,,,,,,,
182,22,2025-08-08T19:40:00,Kardinia Park,2025,Geelong,Essendon,1633.7241088343258,1346.0982472604994,287.62586157382634,347.62586157382634,0.8809120312788621,0.11908796872113792,Geelong,0.8809120312788621,52.14387923607395,,,,,,,,,
186,22,2025-08-09T13:20:00,M.C.G.,2025,Richmond,St Kilda,1267.6674437405431,1443.4675201135212,-175.80007637297808,-115.80007637297808,0.3392588388216723,0.6607411611783277,St Kilda,0.6607411611783277,-17.370011455946713,,,,,,,,,
180,22,2025-08-09T16:15:00,Gabba,2025,Brisbane Lions,Sydney,1618.5258053222037,1495.3568744199636,123.16893090224016,183.16893090224016,0.7416199063775858,0.2583800936224142,Brisbane Lions,0.7416199063775858,27.475339635336024,,,,,,,,,
181,22,2025-08-09T19:35:00,Docklands,2025,Carlton,Gold Coast,1415.4769687082394,1563.315042113876,-147.83807340563658,-87.83807340563658,0.3762169649977411,0.6237830350022588,Gold Coast,0.6237830350022588,-13.175711010845486,,,,,,,,,
187,22,2025-08-09T20:10:00,Adelaide Oval,2025,Port Adelaide,Fremantle,1466.7242827459968,1542.8477125685076,-76.12342982251084,-16.123429822510843,0.47681316199244067,0.5231868380075593,Fremantle,0.5231868380075593,-2.4185144733766264,,,,,,,,,
183,22,2025-08-10T13:40:00,Manuka Oval,2025,Greater Western Sydney,North Melbourne,1572.99217948441,1337.076941075509,235.9152384089009,295.9152384089009,0.8459815358562691,0.15401846414373088,Greater Western Sydney,0.8459815358562691,44.387285761335136,,,,,,,,,
185,22,2025-08-10T15:20:00,M.C.G.,2025,Melbourne,Western Bulldogs,1459.0629310820211,1662.5493567659025,-203.4864256838814,-143.4864256838814,0.30449696354154254,0.6955030364584575,Western Bulldogs,0.6955030364584575,-21.522963852582212,,,,,,,,,
188,22,2025-08-10T17:10:00,Perth Stadium,2025,West Coast,Adelaide,1276.3891238968379,1654.4936561202767,-378.1045322234388,-318.1045322234388,0.13810051294879885,0.8618994870512011,Adelaide,0.8618994870512011,-47.71567983351582,,,,,,,,,
190,23,2025-08-15T19:20:00,Docklands,2025,Essendon,St Kilda,1346.0982472604994,1443.4675201135212,-97.36927285302181,-37.36927285302181,0.44642771959559885,0.5535722804044012,St Kilda,0.5535722804044012,-5.605390927953271,,,,,,,,,
197,23,2025-08-15T20:20:00,Perth Stadium,2025,Fremantle,Brisbane Lions,1542.8477125685076,1618.5258053222037,-75.67809275369609,-15.678092753696092,0.47745271296901465,0.5225472870309853,Brisbane Lions,0.5225472870309853,-2.3517139130544136,,,,,,,,,
191,23,2025-08-16T12:35:00,Carrara,2025,Gold Coast,Greater Western Sydney,1563.315042113876,1572.99217948441,-9.677137370533956,50.322862629466044,0.5719182019522349,0.42808179804776514,Gold Coast,0.5719182019522349,7.548429394419906,,,,,,,,,
189,23,2025-08-16T13:20:00,Docklands,2025,Carlton,Port Adelaide,1415.4769687082394,1466.7242827459968,-51.247314037757405,8.752685962242595,0.5125934636043372,0.4874065363956628,Carlton,0.5125934636043372,1.3129028943363892,,,,,,,,,
192,23,2025-08-16T16:15:00,M.C.G.,2025,Hawthorn,Melbourne,1612.543525143795,1459.0629310820211,153.4805940617739,213.4805940617739,0.7736247793315785,0.22637522066842153,Hawthorn,0.7736247793315785,32.02208910926608,,,,,,,,,
196,23,2025-08-16T19:35:00,Adelaide Oval,2025,Adelaide,Collingwood,1654.4936561202767,1631.68828196486,22.805374155416757,82.80537415541676,0.6169603026702372,0.38303969732976284,Adelaide,0.6169603026702372,12.420806123312513,,,,,,,,,
193,23,2025-08-17T13:10:00,Bellerive Oval,2025,North Melbourne,Richmond,1337.076941075509,1267.6674437405431,69.40949733496586,129.40949733496586,0.6780753594146738,0.3219246405853262,North Melbourne,0.6780753594146738,19.411424600244878,,,,,,,,,
194,23,2025-08-17T15:20:00,S.C.G.,2025,Sydney,Geelong,1495.3568744199636,1633.7241088343258,-138.3672344143622,-78.3672344143622,0.38909496914005015,0.6109050308599498,Geelong,0.6109050308599498,-11.75508516215433,,,,,,,,,
195,23,2025-08-17T16:40:00,Docklands,2025,Western Bulldogs,West Coast,1662.5493567659025,1276.3891238968379,386.16023286906466,446.16023286906466,0.9287936605473951,0.0712063394526049,Western Bulldogs,0.9287936605473951,66.9240349303597,,,,,,,,,
198,24,2025-08-23T00:00:00,Gabba,2025,Brisbane Lions,Hawthorn,1618.5258053222037,1612.543525143795,5.9822801784087005,65.9822801784087,0.5938307826592767,0.4061692173407233,Brisbane Lions,0.5938307826592767,9.897342026761304,,,,,,,,,
199,24,2025-08-23T00:00:00,M.C.G.,2025,Collingwood,Melbourne,1631.68828196486,1459.0629310820211,172.6253508828388,232.6253508828388,0.792341760089706,0.20765823991029397,Collingwood,0.792341760089706,34.89380263242582,,,,,,,,,
200,24,2025-08-23T00:00:00,M.C.G.,2025,Essendon,Carlton,1346.0982472604994,1415.4769687082394,-69.37872144773996,-9.378721447739963,0.48650621228259866,0.5134937877174013,Carlton,0.5134937877174013,-1.4068082171609944,,,,,,,,,
201,24,2025-08-23T00:00:00,Carrara,2025,Gold Coast,Essendon,1563.315042113876,1346.0982472604994,217.21679485337654,277.21679485337654,0.8314288973066846,0.16857110269331543,Gold Coast,0.8314288973066846,41.58251922800648,,,,,,,,,
202,24,2025-08-23T00:00:00,Sydney Showground,2025,Greater Western Sydney,St Kilda,1572.99217948441,1443.4675201135212,129.52465937088868,189.52465937088868,0.7485684076159332,0.25143159238406676,Greater Western Sydney,0.7485684076159332,28.4286989056333,,,,,,,,,
203,24,2025-08-23T00:00:00,Docklands,2025,North Melbourne,Adelaide,1337.076941075509,1654.4936561202767,-317.41671504476767,-257.41671504476767,0.18515422634220335,0.8148457736577966,Adelaide,0.8148457736577966,-38.61250725671515,,,,,,,,,
204,24,2025-08-23T00:00:00,M.C.G.,2025,Richmond,Geelong,1267.6674437405431,1633.7241088343258,-366.0566650937826,-306.0566650937826,0.146564572167775,0.853435427832225,Geelong,0.853435427832225,-45.90849976406739,,,,,,,,,
205,24,2025-08-23T00:00:00,Docklands,2025,Western Bulldogs,Fremantle,1662.5493567659025,1542.8477125685076,119.7016441973949,179.7016441973949,0.7377769020409382,0.26222309795906185,Western Bulldogs,0.7377769020409382,26.955246629609235,,,,,,,,,
206,24,2025-08-23T00:30:00,Adelaide Oval,2025,Port Adelaide,Gold Coast,1466.7242827459968,1563.315042113876,-96.59075936787917,-36.59075936787917,0.44753549285503164,0.5524645071449683,Gold Coast,0.5524645071449683,-5.488613905181876,,,,,,,,,
207,24,2025-08-23T02:00:00,Perth Stadium,2025,West Coast,Sydney,1276.3891238968379,1495.3568744199636,-218.9677505231257,-158.9677505231257,0.2859590016757219,0.7140409983242781,Sydney,0.7140409983242781,-23.84516257846885,,,,,,,,,
