match_id,round_number,match_date,venue,year,home_team,away_team,win_home_rating,win_away_rating,margin_home_rating,margin_away_rating,win_rating_difference,margin_rating_difference,adjusted_win_rating_difference,adjusted_margin_rating_difference,home_win_probability,away_win_probability,predicted_winner,confidence,predicted_margin,predicted_margin_builtin,margin_method_used_in_db,hscore,ascore,actual_result,margin,margin_error,win_rating_change,margin_rating_change,post_win_home_rating,post_win_away_rating,post_margin_home_rating,post_margin_away_rating,correct
1,OR,2025-03-07T19:40:00,S.C.G.,2025,Sydney,Hawthorn,1649.7979133275048,1605.4389312349465,1569.8760582095892,1663.2906447037926,44.358982092558335,-93.41458649420338,114.35898209255834,-23.414586494203377,0.6588791270963675,0.34112087290363247,Sydney,0.6588791270963675,-3.5121879741305064,3.1775825419273507,margin_only_elo,76.0,96.0,away_win,-20.0,16.487812025869495,-19.766373812891025,-10.304882516168435,1630.0315395146138,1625.2053050478376,1559.5711756934209,1673.595527219961,False
2,OR,2025-03-09T15:20:00,Sydney Showground,2025,Greater Western Sydney,Collingwood,1571.3570171681322,1554.8763860435708,1565.8947670268592,1526.8475618504826,16.48063112456134,39.047205176376565,86.48063112456134,109.04720517637656,0.6219474814207016,0.37805251857929845,Greater Western Sydney,0.6219474814207016,16.357080776456485,2.438949628414031,margin_only_elo,104.0,52.0,home_win,52.0,-35.642919223543515,18.835820304765083,22.276824514714697,1590.1928374728973,1536.0405657388058,1588.171591541574,1504.570737335768,True
3,1,2025-03-13T19:30:00,M.C.G.,2025,Richmond,Carlton,1239.7842911843334,1549.050952104295,1277.1739554585304,1532.4410974706548,-309.2666609199616,-255.2671420121244,-239.26666091996162,-185.2671420121244,0.20143821744878002,0.79856178255122,Carlton,0.79856178255122,-27.79007130181866,-5.9712356510244,margin_only_elo,82.0,69.0,home_win,13.0,-40.79007130181866,18.16280595369797,25.493794563636662,1257.9470971380313,1530.888146150597,1302.667750022167,1506.9473029070182,False
4,1,2025-03-14T19:40:00,M.C.G.,2025,Hawthorn,Essendon,1625.2053050478376,1438.8392647390845,1673.595527219961,1434.7711557171185,186.3660403087531,238.8243715028425,256.3660403087531,308.8243715028425,0.813931535176527,0.18606846482347295,Hawthorn,0.813931535176527,46.32365572542637,6.278630703530541,margin_only_elo,111.0,85.0,home_win,26.0,20.32365572542637,6.508430588952482,-12.70228482839148,1631.71373563679,1432.330834150132,1660.8932423915696,1447.47344054551,True
5,1,2025-03-15T13:20:00,Kardinia Park,2025,Geelong,Fremantle,1602.5586276517963,1535.9707847608506,1587.6210422623042,1529.934425578513,66.5878428909457,57.68661668379127,136.5878428909457,127.68661668379127,0.6870283243962113,0.3129716756037887,Geelong,0.6870283243962113,19.15299250256869,3.740566487924226,margin_only_elo,147.0,69.0,home_win,78.0,-58.847007497431306,18.58623913046566,36.77937968589457,1621.144866782262,1517.384545630385,1624.4004219481988,1493.1550458926183,True
6,1,2025-03-15T16:15:00,S.C.G.,2025,Sydney,Brisbane Lions,1630.0315395146138,1708.930979094196,1559.5711756934209,1658.8244505676262,-78.89943957958212,-99.25327487420532,-8.899439579582122,-29.253274874205317,0.4871954771997814,0.5128045228002186,Brisbane Lions,0.5128045228002186,-4.387991231130798,-0.25609045600437197,margin_only_elo,82.0,86.0,away_win,-4.0,-0.3879912311307976,-4.4764041029584405,0.2424945194567485,1625.5551354116553,1713.4073831971543,1559.8136702128777,1658.5819560481693,True
7,1,2025-03-15T19:35:00,M.C.G.,2025,Collingwood,Port Adelaide,1536.0405657388058,1553.395546727477,1504.570737335768,1541.3561735655828,-17.354980988671286,-36.78543622981488,52.64501901132871,33.21456377018512,0.5751877224771631,0.4248122775228369,Collingwood,0.5751877224771631,4.982184565527768,1.503754449543262,margin_only_elo,136.0,45.0,home_win,91.0,-86.01781543447223,25.488736651370214,53.761134646545145,1561.5293023901759,1527.906810076107,1558.331871982313,1487.5950389190377,True
8,1,2025-03-15T19:35:00,Docklands,2025,Western Bulldogs,North Melbourne,1605.3206281723983,1210.1523976075898,1610.1079901904122,1288.0862053753747,395.1682305648085,322.02178481503756,465.1682305648085,392.02178481503756,0.9356992962130114,0.0643007037869886,Western Bulldogs,0.9356992962130114,58.80326772225563,8.713985924260227,margin_only_elo,113.0,97.0,home_win,16.0,42.80326772225563,1.6777545370334275,-26.75204232640977,1606.9983827094318,1208.4746430705563,1583.3559478640025,1314.8382477017844,True
9,1,2025-03-16T12:35:00,Adelaide Oval,2025,Adelaide,St Kilda,1468.2799174860709,1491.4368809900607,1514.0477371371783,1516.8753751437052,-23.1569635039898,-2.8276380065269677,46.8430364960102,67.17236199347303,0.5670070260548103,0.43299297394518965,Adelaide,0.5670070260548103,10.075854299020955,1.340140521096207,margin_only_elo,135.0,72.0,home_win,63.0,-52.92414570097905,23.504259911753085,33.0775910631119,1491.784177397824,1467.9326210783076,1547.1253282002901,1483.7977840805934,True
10,1,2025-03-16T15:20:00,M.C.G.,2025,Melbourne,Greater Western Sydney,1518.6568205912638,1590.1928374728973,1478.307302394928,1588.171591541574,-71.53601688163349,-109.86428914664589,-1.5360168816334863,-39.86428914664589,0.49778950841769165,0.5022104915823083,Greater Western Sydney,0.5022104915823083,-5.979643371996883,-0.044209831646166986,margin_only_elo,74.0,77.0,away_win,-3.0,-2.9796433719968833,-3.566376771389724,1.862277107498052,1515.090443819874,1593.759214244287,1480.1695795024261,1586.3093144340758,True
11,1,2025-03-16T18:10:00,Perth Stadium,2025,West Coast,Gold Coast,1255.6772341337376,1440.4756452969116,1272.4572994391883,1432.0867592694485,-184.79841116317402,-159.6294598302602,-114.79841116317402,-89.6294598302602,0.34055256487815416,0.6594474351218458,Gold Coast,0.6594474351218458,-13.44441897453903,-3.1889487024369165,margin_only_elo,49.0,136.0,away_win,-87.0,73.55558102546097,-20.43315389268925,-45.972238140913106,1235.2440802410483,1460.9087991896008,1226.4850612982752,1478.0589974103616,True
12,2,2025-03-20T19:30:00,M.C.G.,2025,Carlton,Hawthorn,1530.888146150597,1631.71373563679,1506.9473029070182,1660.8932423915696,-100.82558948619294,-153.94593948455145,-30.82558948619294,-83.94593948455145,0.4557544472644345,0.5442455527355655,Hawthorn,0.5442455527355655,-12.591890922682717,-0.8849110547113104,margin_only_elo,60.0,80.0,away_win,-20.0,7.408109077317283,-13.672633417933035,-4.630068173323302,1517.2155127326641,1645.386369054723,1502.317234733695,1665.5233105648929,True
13,2,2025-03-21T19:40:00,M.C.G.,2025,Western Bulldogs,Collingwood,1606.9983827094318,1561.5293023901759,1583.3559478640025,1558.331871982313,45.46908031925591,25.02407588168944,115.46908031925591,95.02407588168944,0.6603139191703484,0.33968608082965157,Western Bulldogs,0.6603139191703484,14.253611382253416,3.2062783834069686,margin_only_elo,70.0,76.0,away_win,-6.0,20.253611382253418,-8.474780638794465,-12.658507113908387,1598.5236020706373,1570.0040830289704,1570.697440750094,1570.9903790962214,False
14,2,2025-03-22T13:20:00,M.C.G.,2025,Essendon,Adelaide,1432.330834150132,1491.784177397824,1447.47344054551,1547.1253282002901,-59.45334324769192,-99.65188765478024,10.546656752308081,-29.65188765478024,0.5151731988756943,0.48482680112430565,Essendon,0.5151731988756943,-4.447783148217035,0.303463977513887,margin_only_elo,100.0,161.0,away_win,-61.0,56.552216851782966,-27.574467637388274,-35.34513553236435,1404.7563665127436,1519.3586450352122,1412.1283050131456,1582.4704637326545,False
15,2,2025-03-22T16:15:00,Adelaide Oval,2025,Port Adelaide,Richmond,1527.906810076107,1257.9470971380313,1487.5950389190377,1302.667750022167,269.95971293807565,184.92728889687078,339.95971293807565,254.92728889687078,0.8762041656439835,0.12379583435601649,Port Adelaide,0.8762041656439835,38.239093334530615,7.52408331287967,margin_only_elo,140.0,68.0,home_win,72.0,-33.760906665469385,7.113056514432361,21.100566665918365,1535.0198665905393,1250.8340406235989,1508.6956055849562,1281.5671833562485,True
16,2,2025-03-22T19:35:00,Docklands,2025,St Kilda,Geelong,1467.9326210783076,1621.144866782262,1483.7977840805934,1624.4004219481988,-153.2122457039543,-140.60263786760538,-83.2122457039543,-70.60263786760538,0.38248635375175793,0.617513646248242,Geelong,0.617513646248242,-10.590395680140807,-2.350272924964841,margin_only_elo,98.0,91.0,home_win,7.0,-17.59039568014081,8.947747703959577,10.993997300088006,1476.8803687822672,1612.1971190783024,1494.7917813806814,1613.4064246481107,False
17,2,2025-03-23T13:10:00,Gabba,2025,Brisbane Lions,West Coast,1713.4073831971543,1235.2440802410483,1658.5819560481693,1226.4850612982752,478.163302956106,432.0968947498941,548.163302956106,502.0968947498941,0.9591241705676513,0.04087582943234869,Brisbane Lions,0.9591241705676513,75.3145342124841,9.182483411353026,margin_only_elo,94.0,75.0,home_win,19.0,56.314534212484105,1.1884338522971072,-35.196583882802564,1714.5958170494514,1234.0556463887513,1623.3853721653668,1261.6816451810778,True
18,2,2025-03-23T15:20:00,Docklands,2025,North Melbourne,Melbourne,1208.4746430705563,1515.090443819874,1314.8382477017844,1480.1695795024261,-306.6158007493177,-165.3313318006417,-236.6158007493177,-95.33133180064169,0.2039040726916372,0.7960959273083628,Melbourne,0.7960959273083628,-14.299699770096254,-5.921918546167255,margin_only_elo,125.0,66.0,home_win,59.0,-73.29969977009625,41.98959938315644,45.81231235631016,1250.4642424537128,1473.1008444367176,1360.6505600580947,1434.3572671461159,False
19,2,2025-03-23T18:10:00,Perth Stadium,2025,Fremantle,Sydney,1517.384545630385,1625.5551354116553,1493.1550458926183,1559.8136702128777,-108.17058978127034,-66.65862432025938,-38.17058978127034,3.341375679740622,0.4452880540326809,0.5547119459673191,Sydney,0.5547119459673191,0.5012063519610933,-1.094238919346382,margin_only_elo,65.0,68.0,away_win,-3.0,3.5012063519610934,-3.1902339153901,-2.1882539699756833,1514.194311714995,1628.7453693270454,1490.9667919226426,1562.0019241828534,True
20,3,2025-03-27T19:30:00,Docklands,2025,Essendon,Port Adelaide,1404.7563665127436,1535.0198665905393,1412.1283050131456,1508.6956055849562,-130.2635000777957,-96.56730057181062,-60.2635000777957,-26.56730057181062,0.41413325009021945,0.5858667499097805,Port Adelaide,0.5858667499097805,-3.9850950857715928,-1.717334998195611,margin_only_elo,72.0,60.0,home_win,12.0,-15.985095085771594,12.614030152140653,9.990684428607246,1417.3703966648843,1522.4058364383986,1422.1189894417528,1498.704921156349,False
21,3,2025-03-28T19:40:00,Docklands,2025,Carlton,Western Bulldogs,1517.2155127326641,1598.5236020706373,1502.317234733695,1570.697440750094,-81.30808933797312,-68.38020601639914,-11.308089337973115,1.6197939836008572,0.48373209522320604,0.516267904776794,Western Bulldogs,0.516267904776794,0.24296909754012858,-0.32535809553587924,margin_only_elo,75.0,83.0,away_win,-8.0,8.24296909754013,-7.76428439469037,-5.151855685962581,1509.4512283379738,1606.2878864653276,1497.1653790477324,1575.8492964360566,True
22,3,2025-03-29T13:20:00,M.C.G.,2025,Melbourne,Gold Coast,1473.1008444367176,1460.9087991896008,1434.3572671461159,1478.0589974103616,12.192045247116766,-43.701730264245725,82.19204524711677,26.298269735754275,0.6161256052670202,0.3838743947329798,Melbourne,0.6161256052670202,3.944740460363141,2.322512105340404,margin_only_elo,62.0,120.0,away_win,-58.0,61.94474046036314,-32.251553624415415,-38.71546278772696,1440.8492908123021,1493.1603528140163,1395.641804358389,1516.7744601980885,False
23,3,2025-03-29T16:15:00,Docklands,2025,St Kilda,Richmond,1476.8803687822672,1250.8340406235989,1494.7917813806814,1281.5671833562485,226.0463281586683,213.2245980244329,296.0463281586683,283.2245980244329,0.8460798338631719,0.15392016613682813,St Kilda,0.8460798338631719,42.483689703664936,6.921596677263437,margin_only_elo,135.0,53.0,home_win,82.0,-39.516310296335064,9.235209968209688,24.697693935209415,1486.1155787504767,1241.598830655389,1519.4894753158908,1256.8694894210391,True
24,3,2025-03-29T19:35:00,Gabba,2025,Brisbane Lions,Geelong,1714.5958170494514,1612.1971190783024,1623.3853721653668,1613.4064246481107,102.39869797114898,9.978947517256074,172.39869797114898,79.97894751725607,0.7295630245387691,0.2704369754612309,Brisbane Lions,0.7295630245387691,11.99684212758841,4.591260490775381,margin_only_elo,70.0,61.0,home_win,9.0,2.99684212758841,4.740007702124067,-1.8730263297427563,1719.3358247515755,1607.4571113761783,1621.512345835624,1615.2794509778535,True
25,3,2025-03-29T19:35:00,York Park,2025,Hawthorn,Greater Western Sydney,1645.386369054723,1593.759214244287,1665.5233105648929,1586.3093144340758,51.62715481043597,79.21399613081712,121.62715481043597,149.21399613081712,0.6682192954207095,0.33178070457929054,Hawthorn,0.6682192954207095,22.382099419622566,3.364385908414189,margin_only_elo,76.0,64.0,home_win,12.0,10.382099419622566,7.143419236722544,-6.488812137264103,1652.5297882914456,1586.6157950075644,1659.0344984276287,1592.79812657134,True
26,3,2025-03-30T15:20:00,Adelaide Oval,2025,Adelaide,North Melbourne,1519.3586450352122,1250.4642424537128,1582.4704637326545,1360.6505600580947,268.89440258149943,221.81990367455978,338.89440258149943,291.8199036745598,0.8755374434379332,0.12446255656206684,Adelaide,0.8755374434379332,43.772985551183965,7.510748868758663,margin_only_elo,114.0,78.0,home_win,36.0,7.7729855511839645,5.186639662139199,-4.858115969489978,1524.5452846973515,1245.2776027915736,1577.6123477631645,1365.5086760275847,True
27,3,2025-03-30T18:10:00,Perth Stadium,2025,West Coast,Fremantle,1234.0556463887513,1514.194311714995,1261.6816451810778,1490.9667919226426,-280.13866532624365,-229.28514674156486,-210.13866532624365,-159.28514674156486,0.22976203041006885,0.7702379695899312,Fremantle,0.7702379695899312,-23.89277201123473,-5.404759391798623,margin_only_elo,68.0,106.0,away_win,-38.0,14.10722798876527,-9.841735304191145,-8.817017492978295,1224.21391108456,1524.036047019186,1252.8646276880995,1499.783809415621,True
28,4,2025-04-03T19:30:00,M.C.G.,2025,Collingwood,Carlton,1570.0040830289704,1509.4512283379738,1570.9903790962214,1497.1653790477324,60.55285469099658,73.82500004848907,130.55285469099658,143.82500004848907,0.6795103848294742,0.32048961517052577,Collingwood,0.6795103848294742,21.57375000727336,3.5902076965894847,margin_only_elo,63.0,46.0,home_win,17.0,4.573750007273361,8.692608350997824,-2.8585937545458506,1578.6966913799681,1500.758619986976,1568.1317853416756,1500.0239728022782,True
29,4,2025-04-04T19:40:00,Kardinia Park,2025,Geelong,Melbourne,1607.4571113761783,1440.8492908123021,1615.2794509778535,1395.641804358389,166.6078205638762,219.63764661946448,236.6078205638762,289.6376466194645,0.796088470278359,0.20391152972164095,Geelong,0.796088470278359,43.44564699291967,5.921769405567181,margin_only_elo,85.0,46.0,home_win,39.0,4.44564699291967,8.849256059815673,-2.7785293705747938,1616.306367435994,1432.0000347524865,1612.5009216072788,1398.4203337289637,True
30,4,2025-04-05T13:20:00,Carrara,2025,Gold Coast,Adelaide,1493.1603528140163,1524.5452846973515,1516.7744601980885,1577.6123477631645,-31.384931883335184,-60.83788756507602,38.615068116664816,9.162112434923984,0.5553438539323925,0.4446561460676075,Gold Coast,0.5553438539323925,1.3743168652385975,1.10687707864785,margin_only_elo,91.0,90.0,home_win,1.0,0.37431686523859753,1.1572851770349584,-0.23394804077412346,1494.3176379910512,1523.3879995203165,1516.5405121573144,1577.8462958039386,True
31,4,2025-04-05T16:15:00,M.C.G.,2025,Richmond,Brisbane Lions,1241.598830655389,1719.3358247515755,1256.8694894210391,1621.512345835624,-477.73699409618644,-364.6428564145849,-407.73699409618644,-294.6428564145849,0.0872947386001761,0.9127052613998239,Brisbane Lions,0.9127052613998239,-44.19642846218773,-8.254105227996478,margin_only_elo,90.0,118.0,away_win,-28.0,-16.196428462187733,-3.1823393116958516,10.122767788867332,1238.4164913436932,1722.5181640632713,1266.9922572099065,1611.3895780467567,True
32,4,2025-04-05T19:35:00,Docklands,2025,North Melbourne,Sydney,1245.2776027915736,1628.7453693270454,1365.5086760275847,1562.0019241828534,-383.4677665354718,-196.4932481552687,-313.4677665354718,-126.4932481552687,0.14130834947368762,0.8586916505263124,Sydney,0.8586916505263124,-18.973987223290305,-7.173833010526247,margin_only_elo,52.0,117.0,away_win,-65.0,46.02601277670969,-7.774970927939156,-28.76625798544356,1237.5026318636344,1636.5203402549846,1336.742418042141,1590.768182168297,True
33,4,2025-04-06T13:10:00,Sydney Showground,2025,Greater Western Sydney,West Coast,1586.6157950075644,1224.21391108456,1592.79812657134,1252.8646276880995,362.40188392300433,339.9334988832404,432.40188392300433,409.9334988832404,0.9233745251475891,0.07662547485241089,Greater Western Sydney,0.9233745251475891,61.49002483248606,8.467490502951781,margin_only_elo,132.0,51.0,home_win,81.0,-19.509975167513943,4.5975284911446535,12.193734479696214,1591.213323498709,1219.6163825934154,1604.991861051036,1240.6708932084034,True
34,4,2025-04-06T15:20:00,Adelaide Oval,2025,Port Adelaide,St Kilda,1522.4058364383986,1486.1155787504767,1498.704921156349,1519.4894753158908,36.290257687921894,-20.784554159541813,106.2902576879219,49.21544584045819,0.6483640432762209,0.3516359567237791,Port Adelaide,0.6483640432762209,7.382316876068728,2.9672808655244176,margin_only_elo,72.0,89.0,away_win,-17.0,24.382316876068728,-17.58551425783581,-15.238948047542953,1504.820322180563,1503.7010930083125,1483.465973108806,1534.7284233634336,False
35,4,2025-04-06T17:10:00,Perth Stadium,2025,Fremantle,Western Bulldogs,1524.036047019186,1606.2878864653276,1499.783809415621,1575.8492964360566,-82.2518394461415,-76.06548702043574,-12.251839446141503,-6.065487020435739,0.48237549059762136,0.5176245094023786,Western Bulldogs,0.5176245094023786,-0.9098230530653608,-0.3524901880475728,margin_only_elo,97.0,81.0,home_win,16.0,-16.90982305306536,13.506024319834506,10.568639408165849,1537.5420713390206,1592.781862145493,1510.3524488237867,1565.2806570278908,False
36,5,2025-04-10T19:40:00,Adelaide Oval,2025,Adelaide,Geelong,1523.3879995203165,1616.306367435994,1577.8462958039386,1612.5009216072788,-92.91836791567744,-34.654625803340195,-22.918367915677436,35.345374196659805,0.4670655726134318,0.5329344273865682,Geelong,0.5329344273865682,5.301806129498971,-0.6586885477313642,margin_only_elo,100.0,119.0,away_win,-19.0,24.30180612949897,-13.579578578460684,-15.188628830936858,1509.8084209418557,1629.8859460144547,1562.6576669730018,1627.6895504382155,True
37,5,2025-04-11T19:40:00,Adelaide Oval,2025,Collingwood,Sydney,1578.6966913799681,1636.5203402549846,1568.1317853416756,1590.768182168297,-57.82364887501649,-22.63639682662142,12.176351124983512,47.36360317337858,0.517516007126269,0.482483992873731,Collingwood,0.517516007126269,7.104540476006787,0.3503201425253799,margin_only_elo,109.0,78.0,home_win,31.0,-23.895459523993214,18.590142382092328,14.934662202495758,1597.2868337620605,1617.9301978728922,1583.0664475441713,1575.8335199658013,True
38,5,2025-04-12T12:35:00,Barossa Park,2025,North Melbourne,Gold Coast,1237.5026318636344,1494.3176379910512,1336.742418042141,1516.5405121573144,-256.81500612741684,-179.7980941151734,-186.81500612741684,-109.7980941151734,0.25437872055509403,0.745621279444906,Gold Coast,0.745621279444906,-16.46971411727601,-4.912425588898119,margin_only_elo,89.0,141.0,away_win,-52.0,35.53028588272399,-12.673984788509683,-22.206428676702494,1224.8286470751248,1506.9916227795609,1314.5359893654386,1538.7469408340169,True
39,5,2025-04-12T13:20:00,Adelaide Oval,2025,Carlton,West Coast,1500.758619986976,1219.6163825934154,1500.0239728022782,1240.6708932084034,281.14223739356066,259.3530795938748,351.14223739356066,329.3530795938748,0.8830192080264218,0.11698079197357825,Carlton,0.8830192080264218,49.402961939081216,7.660384160528435,margin_only_elo,121.0,50.0,home_win,71.0,-21.597038060918784,6.682282289037749,13.498148788074241,1507.440902276014,1212.9341003043776,1513.5221215903525,1227.172744420329,True
40,5,2025-04-12T16:15:00,Norwood Oval,2025,Western Bulldogs,Brisbane Lions,1592.781862145493,1722.5181640632713,1565.2806570278908,1611.3895780467567,-129.7363019177783,-46.108921018865885,-59.73630191777829,23.891078981134115,0.4148697647374056,0.5851302352625944,Brisbane Lions,0.5851302352625944,3.583661847170117,-1.7026047052518878,margin_only_elo,97.0,118.0,away_win,-21.0,24.583661847170116,-12.817566287742054,-15.364788654481321,1579.964295857751,1735.3357303510134,1549.9158683734095,1626.754366701238,True
41,5,2025-04-12T19:35:00,Adelaide Oval,2025,Melbourne,Essendon,1432.0000347524865,1417.3703966648843,1398.4203337289637,1422.1189894417528,14.629638087602189,-23.698655712789105,84.62963808760219,46.301344287210895,0.6194389075511907,0.3805610924488093,Melbourne,0.6194389075511907,6.945201643081634,2.3887781510238137,margin_only_elo,57.0,96.0,away_win,-39.0,45.94520164308163,-26.8821165424822,-28.715751026926018,1405.1179182100043,1444.2525132073665,1369.7045827020377,1450.8347404686788,False
42,5,2025-04-13T12:35:00,Barossa Park,2025,Richmond,Fremantle,1238.4164913436932,1537.5420713390206,1266.9922572099065,1510.3524488237867,-299.12557999532737,-243.36019161388026,-229.12557999532737,-173.36019161388026,0.2109925626579656,0.7890074373420344,Fremantle,0.7890074373420344,-26.00402874208204,-5.780148746840688,margin_only_elo,47.0,108.0,away_win,-61.0,34.99597125791796,-11.293304083828149,-21.872482036198726,1227.123187259865,1548.8353754228488,1245.1197751737077,1532.2249308599855,True
43,5,2025-04-13T15:20:00,Norwood Oval,2025,St Kilda,Greater Western Sydney,1503.7010930083125,1591.213323498709,1534.7284233634336,1604.991861051036,-87.51223049039663,-70.26343768760239,-17.512230490396632,-0.2634376876023907,0.4748191955315448,0.5251808044684552,Greater Western Sydney,0.5251808044684552,-0.039515653140358604,-0.5036160893691044,margin_only_elo,82.0,110.0,away_win,-28.0,27.96048434685964,-17.30958607721618,-17.475302716787276,1486.3915069310963,1608.5229095759253,1517.2531206466463,1622.4671637678234,True
44,5,2025-04-13T19:20:00,Adelaide Oval,2025,Port Adelaide,Hawthorn,1504.820322180563,1652.5297882914456,1483.465973108806,1659.0344984276287,-147.70946611088266,-175.5685253188226,-77.70946611088266,-105.5685253188226,0.3899953781874184,0.6100046218125816,Hawthorn,0.6100046218125816,-15.835278797823388,-2.2000924362516314,margin_only_elo,121.0,91.0,home_win,30.0,-45.83527879782339,23.092203943059733,28.64704924863962,1527.9125261236227,1629.4375843483858,1512.1130223574457,1630.387449178989,False
45,6,2025-04-17T19:30:00,Gabba,2025,Brisbane Lions,Collingwood,1735.3357303510134,1597.2868337620605,1626.754366701238,1583.0664475441713,138.04889658895286,43.687919157066744,208.04889658895286,113.68791915706674,0.7681021429845961,0.23189785701540389,Brisbane Lions,0.7681021429845961,17.05318787356001,5.362042859691922,margin_only_elo,53.0,105.0,away_win,-52.0,69.05318787356,-38.269375893413404,-43.15824242097501,1697.0663544576,1635.5562096554738,1583.596124280263,1626.2246899651464,False
46,6,2025-04-18T15:20:00,Docklands,2025,North Melbourne,Carlton,1224.8286470751248,1507.440902276014,1314.5359893654386,1513.5221215903525,-282.6122552008892,-198.98613222491394,-212.6122552008892,-128.98613222491394,0.22725181305023934,0.7727481869497607,Carlton,0.7727481869497607,-19.34791983373709,-5.454963738995213,margin_only_elo,71.0,153.0,away_win,-82.0,62.652080166262905,-13.63510878301436,-39.15755010391432,1211.1935382921104,1521.0760110590284,1275.3784392615244,1552.6796716942667,True
47,6,2025-04-18T18:10:00,Perth Stadium,2025,West Coast,Essendon,1212.9341003043776,1444.2525132073665,1227.172744420329,1450.8347404686788,-231.31841290298894,-223.6619960483497,-161.31841290298894,-153.6619960483497,0.28320407375676676,0.7167959262432333,Essendon,0.7167959262432333,-23.04929940725245,-4.335918524864664,margin_only_elo,75.0,77.0,away_win,-2.0,-21.04929940725245,-1.4099844362833904,13.155812129532782,1211.5241158680942,1445.6624976436499,1240.3285565498618,1437.678928339146,True
48,6,2025-04-19T13:20:00,M.C.G.,2025,Melbourne,Fremantle,1405.1179182100043,1548.8353754228488,1369.7045827020377,1532.2249308599855,-143.71745721284447,-162.52034815794786,-73.71745721284447,-92.52034815794786,0.3954758741592894,0.6045241258407106,Fremantle,0.6045241258407106,-13.87805222369218,-2.0904825168142116,margin_only_elo,107.0,97.0,home_win,10.0,-23.87805222369218,11.442367732340406,14.923782639807612,1416.5602859423448,1537.3930076905083,1384.6283653418452,1517.301148220178,False
49,6,2025-04-19T16:15:00,Adelaide Oval,2025,Adelaide,Greater Western Sydney,1509.8084209418557,1608.5229095759253,1562.6576669730018,1622.4671637678234,-98.71448863406954,-59.8094967948216,-28.71448863406954,10.190503205178402,0.4587703596080014,0.5412296403919986,Greater Western Sydney,0.5412296403919986,1.5285754807767602,-0.8245928078399722,margin_only_elo,52.0,34.0,home_win,18.0,-16.47142451922324,15.217212277240211,10.294640324514527,1525.0256332190959,1593.3056972986851,1572.9523072975164,1612.1725234433088,False
50,6,2025-04-19T19:35:00,Docklands,2025,Richmond,Gold Coast,1227.123187259865,1506.9916227795609,1245.1197751737077,1538.7469408340169,-279.8684355196958,-293.6271656603092,-209.86843551969582,-223.62716566030917,0.2300374372033829,0.7699625627966171,Gold Coast,0.7699625627966171,-33.544074849046375,-5.3992512559323425,margin_only_elo,80.0,69.0,home_win,11.0,-44.544074849046375,15.599606483782756,27.840046780653985,1242.7227937436478,1491.3920162957781,1272.9598219543616,1510.906894053363,False
51,6,2025-04-20T15:20:00,S.C.G.,2025,Sydney,Port Adelaide,1617.9301978728922,1527.9125261236227,1575.8335199658013,1512.1130223574457,90.01767174926954,63.72049760835557,160.01767174926954,133.72049760835557,0.7152734689048184,0.28472653109518165,Sydney,0.7152734689048184,20.058074641253334,4.305469378096367,margin_only_elo,77.0,85.0,away_win,-8.0,28.058074641253334,-11.480707373760605,-17.536296650783335,1606.4494904991316,1539.3932334973833,1558.297223315018,1529.649319008229,False
52,6,2025-04-20T19:20:00,Docklands,2025,Western Bulldogs,St Kilda,1579.964295857751,1486.3915069310963,1549.9158683734095,1517.2531206466463,93.57278892665477,32.6627477267632,163.57278892665477,102.6627477267632,0.7194228705640624,0.2805771294359376,Western Bulldogs,0.7194228705640624,15.39941215901448,4.388457411281248,margin_only_elo,127.0,56.0,home_win,71.0,-55.60058784098552,16.02737980404757,34.75036740061595,1595.9916756617986,1470.3641271270487,1584.6662357740254,1482.5027532460304,True
53,6,2025-04-21T15:20:00,M.C.G.,2025,Geelong,Hawthorn,1629.8859460144547,1629.4375843483858,1627.6895504382155,1630.387449178989,0.44836166606887673,-2.697898740773553,70.44836166606888,67.30210125922645,0.6000163823810934,0.39998361761890655,Geelong,0.6000163823810934,10.095315188883967,2.000327647621869,margin_only_elo,86.0,79.0,home_win,7.0,3.0953151888839674,5.7957464064401725,-1.9345719930524798,1635.681692420895,1623.6418379419456,1625.754978445163,1632.3220211720416,True
54,7,2025-04-24T19:30:00,M.C.G.,2025,Melbourne,Richmond,1416.5602859423448,1242.7227937436478,1384.6283653418452,1272.9598219543616,173.83749219869696,111.66854338748362,243.83749219869696,181.66854338748362,0.8027610937711714,0.19723890622882856,Melbourne,0.8027610937711714,27.250281508122544,6.055221875423428,margin_only_elo,83.0,63.0,home_win,20.0,7.250281508122544,5.917167186864857,-4.531425942576591,1422.4774531292096,1236.805626556783,1380.0969393992686,1277.4912478969381,True
55,7,2025-04-25T15:20:00,M.C.G.,2025,Collingwood,Essendon,1635.5562096554738,1445.6624976436499,1626.2246899651464,1437.678928339146,189.89371201182394,188.54576162600029,259.89371201182394,258.5457616260003,0.8169873698074857,0.18301263019251435,Collingwood,0.8169873698074857,38.78186424390004,6.339747396149713,margin_only_elo,107.0,66.0,home_win,41.0,-2.2181357560999615,8.142224499066778,1.386334847562476,1643.6984341545406,1437.5202731445831,1627.6110248127088,1436.2925934915836,True
56,7,2025-04-25T20:10:00,Perth Stadium,2025,Fremantle,Adelaide,1537.3930076905083,1525.0256332190959,1517.301148220178,1572.9523072975164,12.367374471412404,-55.651159077338434,82.3673744714124,14.348840922661566,0.6163642860626237,0.3836357139373763,Fremantle,0.6163642860626237,2.1523261383992347,2.3272857212524745,margin_only_elo,85.0,67.0,home_win,18.0,-15.847673861600764,10.786301526072076,9.904796163500478,1548.1793092165804,1514.2393316930238,1527.2059443836786,1563.0475111340158,True
57,7,2025-04-26T13:20:00,Docklands,2025,St Kilda,Brisbane Lions,1470.3641271270487,1697.0663544576,1482.5027532460304,1583.596124280263,-226.7022273305513,-101.09337103423263,-156.7022273305513,-31.093371034232632,0.2886292948175375,0.7113707051824625,Brisbane Lions,0.7113707051824625,-4.664005655134894,-4.22741410364925,margin_only_elo,73.0,118.0,away_win,-45.0,40.33599434486511,-13.436229817732292,-25.20999646554069,1456.9278973093164,1710.5025842753323,1457.2927567804898,1608.8061207458036,True
58,7,2025-04-26T16:15:00,Adelaide Oval,2025,Port Adelaide,North Melbourne,1539.3932334973833,1211.1935382921104,1529.649319008229,1275.3784392615244,328.199695205273,254.27087974670462,398.199695205273,324.2708797467046,0.9082307919619093,0.09176920803809074,Port Adelaide,0.9082307919619093,48.64063196200569,8.164615839238184,margin_only_elo,97.0,88.0,home_win,9.0,39.64063196200569,1.6084588735564174,-24.77539497625356,1541.0016923709397,1209.585079418554,1504.8739240319753,1300.153834237778,True
59,7,2025-04-26T19:35:00,Manuka Oval,2025,Greater Western Sydney,Western Bulldogs,1593.3056972986851,1595.9916756617986,1612.1725234433088,1584.6662357740254,-2.6859783631134633,27.506287669283438,67.31402163688654,97.50628766928344,0.5956784803714346,0.40432151962856544,Greater Western Sydney,0.5956784803714346,14.625943150392516,1.9135696074286912,margin_only_elo,81.0,113.0,away_win,-32.0,46.625943150392516,-23.343511939010035,-29.141214468995322,1569.962185359675,1619.3351876008087,1583.0313089743136,1613.8074502430206,False
60,7,2025-04-27T13:15:00,Carrara,2025,Gold Coast,Sydney,1491.3920162957781,1606.4494904991316,1510.906894053363,1558.297223315018,-115.05747420335342,-47.3903292616551,-45.05747420335342,22.609670738344903,0.43551817163306045,0.5644818283669395,Sydney,0.5644818283669395,3.3914506107517353,-1.289636567338791,margin_only_elo,117.0,79.0,home_win,38.0,-34.60854938924827,24.17928118452864,21.63034336828017,1515.5712974803068,1582.2702093146029,1532.537237421643,1536.666879946738,False
61,7,2025-04-27T15:20:00,M.C.G.,2025,Carlton,Geelong,1521.0760110590284,1635.681692420895,1552.6796716942667,1625.754978445163,-114.60568136186657,-73.07530675089629,-44.60568136186657,-3.0753067508962886,0.43615764709042226,0.5638423529095777,Geelong,0.5638423529095777,-0.46129601263444325,-1.2768470581915548,margin_only_elo,94.0,76.0,home_win,18.0,-18.461296012634442,15.852991290183745,11.538310007896525,1536.9290023492122,1619.8287011307111,1564.2179817021633,1614.2166684372664,False
62,7,2025-04-27T16:45:00,Docklands,2025,Hawthorn,West Coast,1623.6418379419456,1211.5241158680942,1632.3220211720416,1240.3285565498618,412.1177220738514,391.9934646221798,482.1177220738514,461.9934646221798,0.9413259933059879,0.058674006694012126,Hawthorn,0.9413259933059879,69.29901969332697,8.826519866119757,margin_only_elo,124.0,74.0,home_win,50.0,19.29901969332697,2.870795498355457,-12.061887308329355,1626.512633440301,1208.6533203697388,1620.260133863712,1252.3904438581912,True
63,8,2025-05-01T19:30:00,Docklands,2025,Essendon,North Melbourne,1437.5202731445831,1209.585079418554,1436.2925934915836,1300.153834237778,227.93519372602918,136.13875925380557,297.9351937260292,206.13875925380557,0.8474905127720728,0.15250948722792723,Essendon,0.8474905127720728,30.920813888070835,6.949810255441455,margin_only_elo,65.0,62.0,home_win,3.0,27.920813888070835,1.0926431422693816,-17.450508680044273,1438.6129162868526,1208.4924362762845,1418.8420848115393,1317.6043429178224,True
64,8,2025-05-02T19:40:00,Docklands,2025,St Kilda,Fremantle,1456.9278973093164,1548.1793092165804,1457.2927567804898,1527.2059443836786,-91.2514119072639,-69.91318760318882,-21.2514119072639,0.08681239681118313,0.4694548435925297,0.5305451564074704,Fremantle,0.5305451564074704,0.01302185952167747,-0.610903128149406,margin_only_elo,94.0,33.0,home_win,61.0,-60.98697814047832,28.39724635803663,38.11686133779895,1485.3251436673531,1519.7820628585437,1495.4096181182888,1489.0890830458795,False
65,8,2025-05-03T13:20:00,Eureka Stadium,2025,Western Bulldogs,Port Adelaide,1619.3351876008087,1541.0016923709397,1613.8074502430206,1504.8739240319753,78.33349522986896,108.93352621104532,148.33349522986896,178.93352621104532,0.7013796390129846,0.2986203609870154,Western Bulldogs,0.7013796390129846,26.840028931656796,4.027592780259692,margin_only_elo,131.0,41.0,home_win,90.0,-63.159971068343204,17.917221659220925,39.4749819177145,1637.2524092600297,1523.0844707117187,1653.2824321607352,1465.3989421142608,True
66,8,2025-05-03T16:15:00,Adelaide Oval,2025,Adelaide,Carlton,1514.2393316930238,1536.9290023492122,1563.0475111340158,1564.2179817021633,-22.689670656188355,-1.1704705681474934,47.310329343811645,68.8295294318525,0.5676673173722074,0.43233268262779256,Adelaide,0.5676673173722074,10.324429414777876,1.3533463474441487,margin_only_elo,110.0,50.0,home_win,60.0,-49.675570585222125,22.972996849879998,31.047231615763828,1537.2123285429038,1513.9560054993322,1594.0947427497797,1533.1707500863995,True
67,8,2025-05-03T19:35:00,M.C.G.,2025,Collingwood,Geelong,1643.6984341545406,1619.8287011307111,1627.6110248127088,1614.2166684372664,23.86973302382944,13.394356375442385,93.86973302382944,83.39435637544238,0.6318956053077837,0.36810439469221634,Collingwood,0.6318956053077837,12.509153456316357,2.637912106155673,margin_only_elo,87.0,90.0,away_win,-3.0,15.509153456316357,-4.527170160488733,-9.693220910197724,1639.1712639940517,1624.3558712912,1617.9178039025112,1623.909889347464,False
68,8,2025-05-03T19:35:00,Perth Stadium,2025,West Coast,Melbourne,1208.6533203697388,1422.4774531292096,1252.3904438581912,1380.0969393992686,-213.82413275947079,-127.7064955410774,-143.82413275947079,-57.7064955410774,0.3040854229365376,0.6959145770634624,Melbourne,0.6959145770634624,-8.65597433116161,-3.9182915412692476,margin_only_elo,76.0,108.0,away_win,-32.0,23.34402566883839,-11.916532046569435,-14.590016043023994,1196.7367883231693,1434.393985175779,1237.8004278151673,1394.6869554422926,True
69,8,2025-05-04T13:10:00,S.C.G.,2025,Sydney,Greater Western Sydney,1582.2702093146029,1569.962185359675,1536.666879946738,1583.0313089743136,12.308023954927876,-46.364429027575625,82.30802395492788,23.635570972424375,0.6162834967415183,0.3837165032584817,Sydney,0.6162834967415183,3.545335645863656,2.3256699348303655,margin_only_elo,87.0,73.0,home_win,14.0,-10.454664354136344,9.173349126200465,6.534165221335215,1591.4435584408034,1560.7888362334745,1543.201045168073,1576.4971437529784,True
70,8,2025-05-04T15:20:00,M.C.G.,2025,Hawthorn,Richmond,1626.512633440301,1236.805626556783,1620.260133863712,1277.4912478969381,389.70700688351803,342.76888596677395,459.70700688351803,412.76888596677395,0.9337817264507181,0.06621827354928189,Hawthorn,0.9337817264507181,61.91533289501609,8.675634529014362,margin_only_elo,109.0,44.0,home_win,65.0,-3.0846671049839074,3.6434163562278115,1.9279169406149421,1630.1560497965288,1233.1622102005551,1622.188050804327,1275.5633309563232,True
71,8,2025-05-04T19:20:00,Gabba,2025,Brisbane Lions,Gold Coast,1710.5025842753323,1515.5712974803068,1608.8061207458036,1532.537237421643,194.93128679502547,76.26888332416047,264.93128679502547,146.26888332416047,0.8212834222206085,0.17871657777939154,Brisbane Lions,0.8212834222206085,21.94033249862407,6.425668444412169,margin_only_elo,66.0,49.0,home_win,17.0,4.94033249862407,4.847312184016632,-3.0877078116400436,1715.3498964593489,1510.7239852962903,1605.7184129341636,1535.6249452332831,True
72,9,2025-05-08T20:10:00,Perth Stadium,2025,Fremantle,Collingwood,1519.7820628585437,1639.1712639940517,1489.0890830458795,1617.9178039025112,-119.38920113550807,-128.82872085663166,-49.389201135508074,-58.82872085663166,0.4293981519977051,0.570601848002295,Collingwood,0.570601848002295,-8.82430812849475,-1.4120369600458982,margin_only_elo,83.0,97.0,away_win,-14.0,5.175691871505251,-10.26544109771274,-3.2348074196907817,1509.516621760831,1649.4367050917645,1485.8542756261888,1621.152611322202,True
73,9,2025-05-09T19:40:00,M.C.G.,2025,St Kilda,Carlton,1485.3251436673531,1513.9560054993322,1495.4096181182888,1533.1707500863995,-28.63086183197902,-37.7611319681107,41.36913816802098,32.2388680318893,0.5592552066014521,0.4407447933985479,St Kilda,0.5592552066014521,4.835830204783394,1.1851041320290423,margin_only_elo,62.0,77.0,away_win,-15.0,19.835830204783395,-13.99329957930457,-12.397393877989622,1471.3318440880485,1527.9493050786368,1483.0122242402992,1545.568143964389,False
74,9,2025-05-10T13:20:00,M.C.G.,2025,Melbourne,Hawthorn,1434.393985175779,1630.1560497965288,1394.6869554422926,1622.188050804327,-195.7620646207497,-227.50109536203445,-125.7620646207497,-157.50109536203445,0.32652493887113787,0.6734750611288621,Hawthorn,0.6734750611288621,-23.625164304305166,-3.4695012225772426,margin_only_elo,56.0,91.0,away_win,-35.0,11.374835695694834,-13.411067355761205,-7.109272309809272,1420.982917820018,1643.56711715229,1387.5776831324833,1629.2973231141364,True
75,9,2025-05-10T16:15:00,Docklands,2025,Essendon,Sydney,1438.6129162868526,1591.4435584408034,1418.8420848115393,1543.201045168073,-152.83064215395075,-124.35896035653377,-82.83064215395075,-54.35896035653377,0.38300532411450267,0.6169946758854974,Sydney,0.6169946758854974,-8.153844053480066,-2.3398935177099465,margin_only_elo,71.0,63.0,home_win,8.0,-16.153844053480064,9.90325467524404,10.09615253342504,1448.5161709620966,1581.5403037655594,1428.9382373449644,1533.104892634648,False
76,9,2025-05-10T19:35:00,Marrara Oval,2025,Gold Coast,Western Bulldogs,1510.7239852962903,1637.2524092600297,1535.6249452332831,1653.2824321607352,-126.52842396373944,-117.65748692745206,-56.52842396373944,-47.657486927452055,0.4193593761642911,0.5806406238357089,Western Bulldogs,0.5806406238357089,-7.148623039117808,-1.6128124767141783,margin_only_elo,106.0,96.0,home_win,10.0,-17.14862303911781,10.990303371307233,10.71788939944863,1521.7142886675974,1626.2621058887225,1546.3428346327319,1642.5645427612865,False
77,9,2025-05-10T20:10:00,Adelaide Oval,2025,Port Adelaide,Adelaide,1523.0844707117187,1537.2123285429038,1465.3989421142608,1594.0947427497797,-14.12785783118511,-128.69580063551894,55.87214216881489,-58.695800635518935,0.5797204462706079,0.4202795537293921,Port Adelaide,0.5797204462706079,-8.80437009532784,1.5944089254121585,margin_only_elo,84.0,89.0,away_win,-5.0,-3.8043700953278403,-6.4187270389427376,2.3777313095799,1516.665743672776,1543.6310555818466,1467.7766734238407,1591.7170114401997,False
78,9,2025-05-11T13:10:00,M.C.G.,2025,Richmond,West Coast,1233.1622102005551,1196.7367883231693,1275.5633309563232,1237.8004278151673,36.425421877385816,37.7629031411559,106.42542187738582,107.7629031411559,0.6485414129587214,0.35145858704127864,Richmond,0.6485414129587214,16.164435471173384,2.9708282591744273,margin_only_elo,81.0,79.0,home_win,2.0,14.164435471173384,1.7498022932818553,-8.852772169483364,1234.912012493837,1194.9869860298875,1266.7105587868398,1246.6531999846507,True
79,9,2025-05-11T15:20:00,Kardinia Park,2025,Geelong,Greater Western Sydney,1624.3558712912,1560.7888362334745,1623.909889347464,1576.4971437529784,63.567035057725434,47.412745594485614,133.56703505772543,117.41274559448561,0.6832771933399463,0.3167228066600537,Geelong,0.6832771933399463,17.61191183917284,3.665543866798926,margin_only_elo,101.0,105.0,away_win,-4.0,21.61191183917284,-6.278023862833666,-13.507444899483025,1618.0778474283663,1567.0668600963081,1610.402444447981,1590.0045886524615,False
80,9,2025-05-11T16:40:00,Bellerive Oval,2025,North Melbourne,Brisbane Lions,1208.4924362762845,1715.3498964593489,1317.6043429178224,1605.7184129341636,-506.8574601830644,-288.1140700163412,-436.8574601830644,-218.1140700163412,0.07483034209380517,0.9251696579061949,Brisbane Lions,0.9251696579061949,-32.71711050245118,-8.503393158123895,margin_only_elo,71.0,71.0,draw,0.0,-32.71711050245118,0.0,20.448194064031988,1208.4924362762845,1715.3498964593489,1338.0525369818542,1585.2702188701317,False
81,10,2025-05-15T19:30:00,Marrara Oval,2025,Gold Coast,Hawthorn,1521.7142886675974,1643.56711715229,1546.3428346327319,1629.2973231141364,-121.85282848469251,-82.9544884814045,-51.85282848469251,-12.954488481404496,0.4259269318063676,0.5740730681936324,Hawthorn,0.5740730681936324,-1.9431732722106743,-1.4814613638726482,margin_only_elo,104.0,96.0,home_win,8.0,-9.943173272210675,9.214328775788893,6.214483295131672,1530.9286174433864,1634.352788376501,1552.5573179278636,1623.0828398190047,False
82,10,2025-05-16T19:40:00,S.C.G.,2025,Sydney,Carlton,1581.5403037655594,1527.9493050786368,1533.104892634648,1545.568143964389,53.5909986869226,-12.46325132974107,123.5909986869226,57.53674867025893,0.6707208101839116,0.3292791898160884,Sydney,0.6707208101839116,8.63051230053884,3.414416203678232,margin_only_elo,78.0,62.0,home_win,16.0,-7.3694876994611604,8.591657977722212,4.605929812163225,1590.1319617432816,1519.3576471009146,1537.710822446811,1540.962214152226,True
83,10,2025-05-17T13:20:00,M.C.G.,2025,Collingwood,Adelaide,1649.4367050917645,1543.6310555818466,1621.152611322202,1591.7170114401997,105.80564950991788,29.43559988200218,175.80564950991788,99.43559988200218,0.7334150202449895,0.2665849797550105,Collingwood,0.7334150202449895,14.915339982300326,4.66830040489979,margin_only_elo,78.0,68.0,home_win,10.0,4.915339982300326,5.045891867480422,-3.0720874889377034,1654.4825969592448,1538.5851637143662,1618.0805238332641,1594.7890989291375,True
84,10,2025-05-17T16:15:00,Sydney Showground,2025,Greater Western Sydney,Fremantle,1567.0668600963081,1509.516621760831,1590.0045886524615,1485.8542756261888,57.55023833547716,104.15031302627267,127.55023833547716,174.15031302627267,0.6757346250626892,0.3242653749373108,Greater Western Sydney,0.6757346250626892,26.1225469539409,3.5146925012537844,margin_only_elo,61.0,95.0,away_win,-34.0,60.1225469539409,-27.33916685475168,-37.57659184621306,1539.7276932415564,1536.8557886155827,1552.4279968062485,1523.4308674724018,False
85,10,2025-05-17T16:15:00,Adelaide Oval,2025,Port Adelaide,Geelong,1516.665743672776,1618.0778474283663,1467.7766734238407,1610.402444447981,-101.41210375559035,-142.62577102414025,-31.41210375559035,-72.62577102414025,0.4549171208344037,0.5450828791655963,Geelong,0.5450828791655963,-10.893865653621036,-0.9016575833119256,margin_only_elo,39.0,115.0,away_win,-76.0,65.10613434637897,-26.730270805922274,-40.69133396648685,1489.9354728668536,1644.8081182342887,1427.085339457354,1651.0937784144678,True
86,10,2025-05-17T19:35:00,Docklands,2025,Western Bulldogs,Essendon,1626.2621058887225,1448.5161709620966,1642.5645427612865,1428.9382373449644,177.74593492662598,213.6263054163221,247.74593492662598,283.6263054163221,0.8062992082039215,0.19370079179607846,Western Bulldogs,0.8062992082039215,42.543945812448314,6.125984164078431,margin_only_elo,127.0,36.0,home_win,91.0,-48.456054187551686,11.622047507764709,30.285033867219806,1637.8841533964874,1436.8941234543317,1672.8495766285064,1398.6532034777445,True
87,10,2025-05-18T13:10:00,M.C.G.,2025,Richmond,North Melbourne,1234.912012493837,1208.4924362762845,1266.7105587868398,1338.0525369818542,26.419576217552503,-71.34197819501446,96.4195762175525,-1.3419781950144625,0.6353031201514415,0.3646968798485585,Richmond,0.6353031201514415,-0.20129672925216938,2.7060624030288305,margin_only_elo,74.0,78.0,away_win,-4.0,3.7987032707478305,-5.837232952189416,-2.374189544217394,1229.0747795416476,1214.329669228474,1264.3363692426224,1340.4267265260717,False
88,10,2025-05-18T15:20:00,Gabba,2025,Brisbane Lions,Melbourne,1715.3498964593489,1420.982917820018,1585.2702188701317,1387.5776831324833,294.3669786393309,197.6925357376483,364.3669786393309,267.6925357376483,0.8906565394838758,0.1093434605161242,Brisbane Lions,0.8906565394838758,40.15388036064724,7.8131307896775155,margin_only_elo,88.0,99.0,away_win,-11.0,51.15388036064724,-18.044892309687793,-31.97117522540453,1697.305004149661,1439.0278101297058,1553.2990436447271,1419.5488583578879,False
89,10,2025-05-18T16:40:00,Perth Stadium,2025,West Coast,St Kilda,1194.9869860298875,1471.3318440880485,1246.6531999846507,1483.0122242402992,-276.344858058161,-236.3590242556486,-206.34485805816098,-166.3590242556486,0.23364968304061917,0.7663503169593808,St Kilda,0.7663503169593808,-24.953853638347287,-5.327006339187617,margin_only_elo,108.0,80.0,home_win,28.0,-52.95385363834728,27.937385222727432,33.09615852396705,1222.924371252615,1443.394458865321,1279.7493585086177,1449.9160657163322,False
90,11,2025-05-22T19:30:00,Kardinia Park,2025,Geelong,Western Bulldogs,1644.8081182342887,1637.8841533964874,1651.0937784144678,1672.8495766285064,6.92396483780135,-21.755798214038577,76.92396483780135,48.24420178596142,0.6089283783863835,0.3910716216136165,Geelong,0.6089283783863835,7.236630267894213,2.1785675677276695,margin_only_elo,127.0,113.0,home_win,14.0,-6.763369732105787,9.34918484857159,4.227106082566117,1654.1573030828604,1628.5349685479157,1655.3208844970338,1668.6224705459404,True
91,11,2025-05-23T19:40:00,M.C.G.,2025,Essendon,Richmond,1436.8941234543317,1229.0747795416476,1398.6532034777445,1264.3363692426224,207.8193439126842,134.3168342351221,277.8193439126842,204.3168342351221,0.8319144730114062,0.1680855269885938,Essendon,0.8319144730114062,30.64752513526831,6.6382894602281235,margin_only_elo,81.0,58.0,home_win,23.0,7.64752513526831,5.480033930987757,-4.779703209542694,1442.3741573853194,1223.5947456106599,1393.8735002682017,1269.116072452165,True
92,11,2025-05-24T12:35:00,Docklands,2025,Carlton,Greater Western Sydney,1519.3576471009146,1539.7276932415564,1540.962214152226,1552.4279968062485,-20.37004614064176,-11.465782654022632,49.62995385935824,58.53421734597737,0.5709413776401684,0.4290586223598316,Carlton,0.5709413776401684,8.780132601896605,1.4188275528033678,margin_only_elo,82.0,110.0,away_win,-28.0,36.780132601896604,-20.813730814407062,-22.987582876185378,1498.5439162865075,1560.5414240559635,1517.9746312760406,1575.4155796824339,False
93,11,2025-05-24T16:15:00,M.C.G.,2025,Hawthorn,Brisbane Lions,1634.352788376501,1697.305004149661,1623.0828398190047,1553.2990436447271,-62.952215773160106,69.78379617427754,7.0477842268398945,139.78379617427754,0.5101411858599948,0.4898588141400052,Hawthorn,0.5101411858599948,20.96756942614163,0.2028237171998959,margin_only_elo,60.0,93.0,away_win,-33.0,53.96756942614163,-20.319259261934036,-33.72973089133852,1614.0335291145668,1717.6242634115952,1589.3531089276662,1587.0287745360656,False
94,11,2025-05-24T19:35:00,Docklands,2025,North Melbourne,Collingwood,1214.329669228474,1654.4825969592448,1340.4267265260717,1618.0805238332641,-440.1529277307709,-277.65379730719246,-370.1529277307709,-207.65379730719246,0.10614176962322924,0.8938582303767708,Collingwood,0.8938582303767708,-31.14806959607887,-7.8771646075354145,margin_only_elo,63.0,108.0,away_win,-45.0,13.85193040392113,-4.941096539836918,-8.657456502450707,1209.388572688637,1659.4236934990818,1331.769270023621,1626.7379803357148,True
95,11,2025-05-24T20:10:00,Perth Stadium,2025,Fremantle,Port Adelaide,1536.8557886155827,1489.9354728668536,1523.4308674724018,1427.085339457354,46.92031574872908,96.34552801504788,116.92031574872908,166.34552801504788,0.6621851958568896,0.3378148041431104,Fremantle,0.6621851958568896,24.95182920225718,3.2437039171377924,margin_only_elo,100.0,51.0,home_win,49.0,-24.04817079774282,16.373524681218658,15.030106748589262,1553.2293132968014,1473.561948185635,1538.4609742209911,1412.0552327087646,True
96,11,2025-05-25T13:10:00,Adelaide Oval,2025,Adelaide,West Coast,1538.5851637143662,1222.924371252615,1594.7890989291375,1279.7493585086177,315.66079246175127,315.0397404205198,385.66079246175127,385.0397404205198,0.9020349053790938,0.09796509462090619,Adelaide,0.9020349053790938,57.75596106307797,8.040698107581875,margin_only_elo,128.0,62.0,home_win,66.0,-8.244038936922031,5.425601106066926,5.1525243355762695,1544.0107648204332,1217.498770146548,1599.9416232647138,1274.5968341730413,True
97,11,2025-05-25T15:20:00,M.C.G.,2025,Melbourne,Sydney,1439.0278101297058,1590.1319617432816,1419.5488583578879,1537.710822446811,-151.10415161357582,-118.16196408892324,-81.10415161357582,-48.16196408892324,0.38535662289455014,0.6146433771054498,Sydney,0.6146433771054498,-7.224294613338486,-2.292867542108997,margin_only_elo,131.0,78.0,home_win,53.0,-60.224294613338486,30.892107818303913,37.640184133336554,1469.9199179480097,1559.2398539249778,1457.1890424912244,1500.0706383134745,False
98,11,2025-05-25T16:40:00,Docklands,2025,St Kilda,Gold Coast,1443.394458865321,1530.9286174433864,1449.9160657163322,1552.5573179278636,-87.53415857806544,-102.64125221153131,-17.534158578065444,-32.64125221153131,0.47478771861466673,0.5252122813853333,Gold Coast,0.5252122813853333,-4.896187831729696,-0.5042456277066654,margin_only_elo,61.0,80.0,away_win,-19.0,14.103812168270304,-13.804094138088338,-8.81488260516894,1429.5903647272326,1544.7327115814749,1441.1011831111632,1561.3722005330326,True
99,12,2025-05-29T19:30:00,Gabba,2025,Brisbane Lions,Essendon,1717.6242634115952,1442.3741573853194,1587.0287745360656,1393.8735002682017,275.2501060262757,193.1552742678639,345.2501060262757,263.1552742678639,0.8794698515986349,0.12053014840136511,Brisbane Lions,0.8794698515986349,39.47329114017958,7.589397031972697,margin_only_elo,90.0,72.0,home_win,18.0,21.473291140179583,3.3888255874205684,-13.420806962612238,1721.0130889990157,1438.9853317978989,1573.6079675734534,1407.294307230814,True
100,12,2025-05-30T19:40:00,M.C.G.,2025,Collingwood,Hawthorn,1659.4236934990818,1614.0335291145668,1626.7379803357148,1589.3531089276662,45.39016438451495,37.38487140804864,115.39016438451495,107.38487140804864,0.6602120177522549,0.3397879822477451,Collingwood,0.6602120177522549,16.107730711207296,3.204240355045098,margin_only_elo,107.0,56.0,home_win,51.0,-34.892269288792704,16.778479520518385,21.80766830549544,1676.2021730196002,1597.2550495940484,1648.5456486412104,1567.5454406221706,True
101,12,2025-05-31T13:20:00,Carrara,2025,Gold Coast,Fremantle,1544.7327115814749,1553.2293132968014,1561.3722005330326,1538.4609742209911,-8.496601715326506,22.911226312041435,61.503398284673494,92.91122631204144,0.5875974138895245,0.41240258611047553,Gold Coast,0.5875974138895245,13.936683946806214,1.7519482777904893,margin_only_elo,64.0,75.0,away_win,-11.0,24.936683946806212,-11.904849495891982,-15.585427466753881,1532.8278620855829,1565.1341627926934,1545.7867730662788,1554.046401687745,False
102,12,2025-05-31T16:15:00,Sydney Showground,2025,Greater Western Sydney,Richmond,1560.5414240559635,1223.5947456106599,1575.4155796824339,1269.116072452165,336.94667844530363,306.2995072302688,406.94667844530363,376.2995072302688,0.9123421078135304,0.08765789218646958,Greater Western Sydney,0.9123421078135304,56.44492608454031,8.246842156270608,margin_only_elo,80.0,77.0,home_win,3.0,53.44492608454031,0.6280186007064089,-33.4030788028377,1561.1694426566698,1222.9667270099535,1542.0125008795962,1302.5191512550027,True
103,12,2025-05-31T19:35:00,S.C.G.,2025,Sydney,Adelaide,1559.2398539249778,1544.0107648204332,1500.0706383134745,1599.9416232647138,15.229089104544528,-99.87098495123928,85.22908910454453,-29.87098495123928,0.6202520242417771,0.37974797575822294,Sydney,0.6202520242417771,-4.480647742685892,2.405040484835541,margin_only_elo,41.0,131.0,away_win,-90.0,85.51935225731411,-37.21512145450662,-53.44959516082132,1522.0247324704712,1581.2258862749397,1446.6210431526533,1653.391218425535,False
104,12,2025-06-01T15:20:00,Traeger Park,2025,Melbourne,St Kilda,1469.9199179480097,1429.5903647272326,1457.1890424912244,1441.1011831111632,40.32955322077714,16.087859380061218,110.32955322077714,86.08785938006122,0.6536467729760508,0.3463532270239492,Melbourne,0.6536467729760508,12.913178907009183,3.0729354595210157,margin_only_elo,63.0,91.0,away_win,-28.0,40.91317890700918,-23.82876511186006,-25.57073681688074,1446.0911528361496,1453.4191298390926,1431.6183056743437,1466.671919928044,False
105,12,2025-06-01T19:20:00,Perth Stadium,2025,West Coast,Geelong,1217.498770146548,1654.1573030828604,1274.5968341730413,1655.3208844970338,-436.65853293631244,-380.7240503239925,-366.65853293631244,-310.7240503239925,0.10806540305604437,0.8919345969439556,Geelong,0.8919345969439556,-46.608607548598876,-7.838691938879112,margin_only_elo,73.0,116.0,away_win,-43.0,-3.608607548598876,-4.921337898779892,2.2553797178742974,1212.577432247768,1659.0786409816403,1276.8522138909157,1653.0655047791595,True
106,13,2025-06-05T19:30:00,Docklands,2025,Western Bulldogs,Hawthorn,1628.5349685479157,1597.2550495940484,1668.6224705459404,1567.5454406221706,31.27991895386731,101.07702992376971,101.27991895386731,171.07702992376971,0.6417606505905875,0.3582393494094125,Western Bulldogs,0.6417606505905875,25.661554488565457,2.8352130118117502,margin_only_elo,59.0,81.0,away_win,-22.0,47.66155448856546,-20.383835902859694,-29.788471555353407,1608.151132645056,1617.6388854969082,1638.833998990587,1597.333912177524,False
107,13,2025-06-06T19:40:00,Adelaide Oval,2025,Adelaide,Brisbane Lions,1581.2258862749397,1721.0130889990157,1653.391218425535,1573.6079675734534,-139.787202724076,79.78325085208166,-69.787202724076,149.78325085208166,0.40089737670709635,0.5991026232929036,Brisbane Lions,0.5991026232929036,22.46748762781225,-1.982052465858073,margin_only_elo,68.0,63.0,home_win,5.0,17.46748762781225,6.633328584440947,-10.917179767382656,1587.8592148593807,1714.3797604145748,1642.4740386581525,1584.525147340836,False
108,13,2025-06-07T13:20:00,M.C.G.,2025,Richmond,Sydney,1222.9667270099535,1522.0247324704712,1302.5191512550027,1446.6210431526533,-299.05800546051773,-144.1018918976506,-229.05800546051773,-74.1018918976506,0.21105732698052268,0.7889426730194773,Sydney,0.7889426730194773,-11.11528378464759,-5.778853460389546,margin_only_elo,36.0,80.0,away_win,-44.0,32.88471621535241,-9.71935756684791,-20.55294763459526,1213.2473694431055,1531.7440900373192,1281.9662036204074,1467.1739907872486,True
109,13,2025-06-07T16:15:00,Kardinia Park,2025,Geelong,Gold Coast,1659.0786409816403,1532.8278620855829,1653.0655047791595,1545.7867730662788,126.25077889605745,107.2787317128807,196.25077889605745,177.2787317128807,0.755785431088958,0.24421456891104198,Geelong,0.755785431088958,26.591809756932104,5.11570862177916,margin_only_elo,61.0,37.0,home_win,24.0,2.591809756932104,8.161126338023495,-1.619881098082565,1667.2397673196638,1524.6667357475594,1651.445623681077,1547.4066541643613,True
110,13,2025-06-07T19:35:00,Manuka Oval,2025,Greater Western Sydney,Port Adelaide,1561.1694426566698,1473.561948185635,1542.0125008795962,1412.0552327087646,87.6074944710349,129.95726817083164,157.6074944710349,199.95726817083164,0.7124394887132772,0.2875605112867228,Greater Western Sydney,0.7124394887132772,29.993590225624743,4.2487897742655445,margin_only_elo,50.0,66.0,away_win,-16.0,45.99359022562474,-18.589199093530727,-28.745993891015463,1542.5802435631392,1492.1511472791656,1513.2665069885809,1440.80122659978,False
111,13,2025-06-08T15:20:00,Hands Oval,2025,North Melbourne,West Coast,1209.388572688637,1212.577432247768,1331.769270023621,1276.8522138909157,-3.1888595591310605,54.917056132705284,66.81114044086894,124.91705613270528,0.5949810837126915,0.40501891628730846,North Melbourne,0.5949810837126915,18.737558419905792,1.8996216742538308,margin_only_elo,62.0,52.0,home_win,10.0,8.737558419905792,7.6661545513479075,-5.4609740124411195,1217.054727239985,1204.91127769642,1326.30829601118,1282.3131879033567,True
112,13,2025-06-08T19:20:00,M.C.G.,2025,Carlton,Essendon,1498.5439162865075,1438.9853317978989,1517.9746312760406,1407.294307230814,59.55858448860863,110.6803240452266,129.55858448860863,180.6803240452266,0.678262669736294,0.321737330263706,Carlton,0.678262669736294,27.10204860678399,3.56525339472588,margin_only_elo,78.0,70.0,home_win,8.0,19.10204860678399,5.164139731938124,-11.938780379239992,1503.7080560184456,1433.8211920659608,1506.0358508968006,1419.2330876100539,True
113,13,2025-06-09T15:20:00,M.C.G.,2025,Melbourne,Collingwood,1446.0911528361496,1676.2021730196002,1431.6183056743437,1648.5456486412104,-230.1110201834506,-216.92734296686672,-160.1110201834506,-146.92734296686672,0.28461710710632704,0.715382892893673,Collingwood,0.715382892893673,-22.039101445030006,-4.307657857873459,margin_only_elo,71.0,72.0,away_win,-1.0,-21.039101445030006,-0.740759263304195,13.149438403143753,1445.3503935728454,1676.9429322829044,1444.7677440774874,1635.3962102380667,True
114,14,2025-06-12T19:30:00,Docklands,2025,St Kilda,Western Bulldogs,1453.4191298390926,1608.151132645056,1466.671919928044,1638.833998990587,-154.73200280596325,-172.16207906254294,-84.73200280596325,-102.16207906254294,0.38042219371672,0.61957780628328,Western Bulldogs,0.61957780628328,-15.32431185938144,-2.3915561256656,margin_only_elo,60.0,132.0,away_win,-72.0,56.67568814061856,-21.85828446754884,-35.4223050878866,1431.5608453715438,1630.0094171126048,1431.2496148401574,1674.2563040784735,True
115,14,2025-06-13T19:40:00,York Park,2025,Hawthorn,Adelaide,1617.6388854969082,1587.8592148593807,1597.333912177524,1642.4740386581525,29.779670637527488,-45.140126480628396,99.77967063752749,24.859873519371604,0.6397727506007479,0.3602272493992521,Hawthorn,0.6397727506007479,3.7289810279057405,2.795455012014958,margin_only_elo,47.0,44.0,home_win,3.0,0.7289810279057405,2.5808219597933304,-0.45561314244108775,1620.2197074567016,1585.2783928995873,1596.878299035083,1642.9296518005935,True
116,14,2025-06-14T13:20:00,Gabba,2025,Brisbane Lions,Greater Western Sydney,1714.3797604145748,1542.5802435631392,1584.525147340836,1513.2665069885809,171.79951685143556,71.25864035225504,241.79951685143556,141.25864035225504,0.8008969739621423,0.19910302603785768,Brisbane Lions,0.8008969739621423,21.188796052838256,6.0179394792428464,margin_only_elo,96.0,107.0,away_win,-11.0,32.188796052838256,-16.226344281575134,-20.11799753302391,1698.1534161329996,1558.8065878447144,1564.407149807812,1533.3845045216049,False
117,14,2025-06-14T16:15:00,M.C.G.,2025,Essendon,Geelong,1433.8211920659608,1667.2397673196638,1419.2330876100539,1651.445623681077,-233.418575253703,-232.21253607102312,-163.418575253703,-162.21253607102312,0.28075635487821415,0.7192436451217858,Geelong,0.7192436451217858,-24.33188041065347,-4.384872902435717,margin_only_elo,56.0,151.0,away_win,-95.0,70.66811958934653,-16.84538129269285,-44.16757474334158,1416.975810773268,1684.0851486123565,1375.0655128667122,1695.6131984244187,True
118,14,2025-06-14T19:35:00,Perth Stadium,2025,North Melbourne,Fremantle,1217.054727239985,1565.1341627926934,1326.30829601118,1554.046401687745,-348.07943555270845,-227.73810567656506,-278.07943555270845,-157.73810567656506,0.16787627227835084,0.8321237277216491,Fremantle,0.8321237277216491,-23.660715851484756,-6.642474554432983,margin_only_elo,67.0,73.0,away_win,-6.0,-17.660715851484756,-2.1546033495782213,11.037947407177972,1214.9001238904068,1567.2887661422715,1337.346243418358,1543.0084542805669,True
119,14,2025-06-15T15:20:00,Adelaide Oval,2025,Port Adelaide,Melbourne,1492.1511472791656,1445.3503935728454,1440.80122659978,1444.7677440774874,46.800753706320165,-3.9665174777073844,116.80075370632017,66.03348252229262,0.6620312189358167,0.33796878106418327,Port Adelaide,0.6620312189358167,9.905022378343892,3.2406243787163347,margin_only_elo,93.0,68.0,home_win,25.0,-15.094977621656108,11.561715933599068,9.434361013535067,1503.7128632127647,1433.7886776392463,1450.2355876133151,1435.3333830639522,True
120,14,2025-06-15T18:10:00,Perth Stadium,2025,West Coast,Carlton,1204.91127769642,1503.7080560184456,1282.3131879033567,1506.0358508968006,-298.7967783220256,-223.72266299344392,-228.7967783220256,-153.72266299344392,0.21130782744158735,0.7886921725584126,Carlton,0.7886921725584126,-23.058399449016587,-5.773843451168252,margin_only_elo,52.0,86.0,away_win,-34.0,10.941600550983413,-8.549184454777187,-6.838500344364633,1196.362093241643,1512.2572404732227,1275.4746875589922,1512.8743512411652,True
121,15,2025-06-19T20:10:00,Perth Stadium,2025,Fremantle,Essendon,1567.2887661422715,1416.975810773268,1543.0084542805669,1375.0655128667122,150.31295536900348,167.94294141385467,220.31295536900348,237.94294141385467,0.7804384573948293,0.2195615426051707,Fremantle,0.7804384573948293,35.691441212078196,5.608769147896586,margin_only_elo,104.0,63.0,home_win,41.0,-5.308558787921804,9.768284130839387,3.3178492424511274,1577.057050273111,1407.2075266424285,1546.326303523018,1371.7476636242611,True
122,15,2025-06-20T19:40:00,Kardinia Park,2025,Geelong,Brisbane Lions,1684.0851486123565,1698.1534161329996,1695.6131984244187,1564.407149807812,-14.068267520643076,131.20604861660672,55.931732479356924,201.20604861660672,0.5798040212630157,0.42019597873698433,Geelong,0.5798040212630157,30.180907292491007,1.5960804252603134,margin_only_elo,51.0,92.0,away_win,-41.0,71.18090729249101,-25.795457404328683,-44.48806705780688,1658.2896912080278,1723.9488735373284,1651.1251313666119,1608.8952168656187,False
123,15,2025-06-21T13:20:00,M.C.G.,2025,Carlton,North Melbourne,1512.2572404732227,1214.9001238904068,1512.8743512411652,1337.346243418358,297.35711658281593,175.52810782280721,367.35711658281593,245.52810782280721,0.8923215954214962,0.10767840457850375,Carlton,0.8923215954214962,36.82921617342108,7.846431908429925,margin_only_elo,73.0,84.0,away_win,-11.0,47.82921617342108,-18.078626699715826,-29.893260108388176,1494.1786137735069,1232.9787505901227,1482.981091132777,1367.2395035267461,False
124,15,2025-06-21T16:15:00,Adelaide Oval,2025,Port Adelaide,Sydney,1503.7128632127647,1531.7440900373192,1450.2355876133151,1467.1739907872486,-28.03122682455455,-16.938403173933466,41.96877317544545,53.061596826066534,0.5601058561047825,0.4398941438952175,Port Adelaide,0.5601058561047825,7.95923952390998,1.2021171220956495,margin_only_elo,52.0,71.0,away_win,-19.0,26.95923952390998,-16.28465451365223,-16.849524702443738,1487.4282086991125,1548.0287445509714,1433.3860629108715,1484.0235154896923,False
125,15,2025-06-21T19:35:00,Docklands,2025,Collingwood,St Kilda,1676.9429322829044,1431.5608453715438,1635.3962102380667,1431.2496148401574,245.3820869113606,204.14659539790932,315.3820869113606,274.1465953979093,0.860023508031944,0.13997649196805595,Collingwood,0.860023508031944,41.1219893096864,7.200470160638881,margin_only_elo,108.0,74.0,home_win,34.0,7.121989309686398,5.663230102057397,-4.451243318553999,1682.6061623849619,1425.8976152694863,1630.9449669195128,1435.7008581587113,True
126,15,2025-06-22T13:10:00,Sydney Showground,2025,Greater Western Sydney,Gold Coast,1558.8065878447144,1524.6667357475594,1533.3845045216049,1547.4066541643613,34.13985209715497,-14.022149642756403,104.13985209715497,55.9778503572436,0.6455366835850076,0.3544633164149924,Greater Western Sydney,0.6455366835850076,8.396677553586539,2.910733671700152,margin_only_elo,106.0,99.0,home_win,7.0,1.3966775535865388,5.136159087106448,-0.8729234709915868,1563.942746931821,1519.5305766604529,1532.5115810506134,1548.2795776353528,True
127,15,2025-06-22T15:20:00,Docklands,2025,Western Bulldogs,Richmond,1630.0094171126048,1213.2473694431055,1674.2563040784735,1281.9662036204074,416.7620476694992,392.29010045806604,486.7620476694992,462.29010045806604,0.9427852927873598,0.057214707212640215,Western Bulldogs,0.9427852927873598,69.3435150687099,8.855705855747194,margin_only_elo,135.0,56.0,home_win,79.0,-9.656484931290095,3.415425579355774,6.035303082056309,1633.4248426919605,1209.8319438637498,1680.2916071605298,1275.9309005383511,True
133,16,2025-06-26T19:30:00,Adelaide Oval,2025,Port Adelaide,Carlton,1487.4282086991125,1494.1786137735069,1433.3860629108715,1482.981091132777,-6.7504050743943935,-49.59502822190552,63.24959492560561,20.404971778094477,0.5900310980217538,0.4099689019782462,Port Adelaide,0.5900310980217538,3.0607457667141715,1.800621960435076,margin_only_elo,110.0,60.0,home_win,50.0,-46.93925423328583,20.05891440826026,29.337033895803643,1507.4871231073728,1474.1196993652466,1462.7230968066751,1453.6440572369734,True
132,16,2025-06-27T19:40:00,S.C.G.,2025,Sydney,Western Bulldogs,1548.0287445509714,1633.4248426919605,1484.0235154896923,1680.2916071605298,-85.39609814098912,-196.26809167083752,-15.396098140989125,-126.26809167083752,0.47785772532439486,0.5221422746756051,Western Bulldogs,0.5221422746756051,-18.940213750625627,-0.4428454935121029,margin_only_elo,96.0,105.0,away_win,-9.0,-9.940213750625627,-8.375516309092243,6.212633594141017,1539.653228241879,1641.8003590010528,1490.2361490838332,1674.0789735663889,True
129,16,2025-06-28T13:20:00,Carrara,2025,Gold Coast,Melbourne,1519.5305766604529,1433.7886776392463,1548.2795776353528,1435.3333830639522,85.74189902120656,112.94619457140061,155.74189902120656,182.9461945714006,0.71023433856691,0.28976566143309,Gold Coast,0.71023433856691,27.44192918571009,4.204686771338199,margin_only_elo,104.0,85.0,home_win,19.0,8.44192918571009,8.42471764029375,-5.276205741068806,1527.9552943007466,1425.3639599989526,1543.0033718942839,1440.609588805021,True
130,16,2025-06-28T16:15:00,York Park,2025,Hawthorn,North Melbourne,1620.2197074567016,1232.9787505901227,1596.878299035083,1367.2395035267461,387.2409568665789,229.6387955083369,457.2409568665789,299.6387955083369,0.9328985325710902,0.06710146742890977,Hawthorn,0.9328985325710902,44.945819326250536,8.657970651421804,margin_only_elo,150.0,65.0,home_win,85.0,-40.054180673749464,4.026088045734586,25.033862921093416,1624.2457955024363,1228.952662544388,1621.9121619561765,1342.2056406056527,True
128,16,2025-06-28T19:35:00,Docklands,2025,Collingwood,West Coast,1682.6061623849619,1196.362093241643,1630.9449669195128,1275.4746875589922,486.24406914331894,355.47027936052064,556.2440691433189,425.47027936052064,0.9609094058349498,0.03909059416505023,Collingwood,0.9609094058349498,63.82054190407809,9.218188116698995,margin_only_elo,88.0,59.0,home_win,29.0,34.82054190407809,1.452779547130429,-21.762838690048806,1684.0589419320922,1194.9093136945125,1609.182128229464,1297.237526249041,True
131,16,2025-06-29T15:20:00,M.C.G.,2025,Richmond,Adelaide,1209.8319438637498,1585.2783928995873,1275.9309005383511,1642.9296518005935,-375.44644903583753,-366.9987512622424,-305.44644903583753,-296.9987512622424,0.14700449658673548,0.8529955034132646,Adelaide,0.8529955034132646,-44.54981268933636,-7.05991006826529,margin_only_elo,54.0,122.0,away_win,-68.0,23.450187310663637,-8.245823258490864,-14.656367069164773,1201.5861206052589,1593.5242161580782,1261.2745334691863,1657.5860188697584,True
134,16,2025-06-29T17:10:00,Perth Stadium,2025,Fremantle,St Kilda,1577.057050273111,1425.8976152694863,1546.326303523018,1435.7008581587113,151.1594350036246,110.62544536430664,221.1594350036246,180.62544536430664,0.7812722791650178,0.21872772083498215,Fremantle,0.7812722791650178,27.093816804645996,5.6254455833003565,margin_only_elo,81.0,69.0,home_win,12.0,15.093816804645996,4.709326935086079,-9.433635502903748,1581.766377208197,1421.1882883344003,1536.8926680201141,1445.1344936616151,True
139,17,2025-07-03T19:30:00,Docklands,2025,North Melbourne,Western Bulldogs,1228.952662544388,1641.8003590010528,1342.2056406056527,1674.0789735663889,-412.84769645666483,-331.8733329607362,-342.84769645666483,-261.8733329607362,0.12200380923870338,0.8779961907612966,Western Bulldogs,0.8779961907612966,-39.28099994411043,-7.5599238152259325,margin_only_elo,85.0,134.0,away_win,-49.0,9.719000055889573,-5.913395023760813,-6.074375034930983,1223.0392675206272,1647.7137540248136,1336.1312655707218,1680.1533486013197,True
136,17,2025-07-04T19:20:00,M.C.G.,2025,Carlton,Collingwood,1474.1196993652466,1684.0589419320922,1453.6440572369734,1609.182128229464,-209.93924256684568,-155.5380709924907,-139.93924256684568,-85.5380709924907,0.30883849882893283,0.6911615011710672,Collingwood,0.6911615011710672,-12.830710648873605,-3.823230023421343,margin_only_elo,59.0,115.0,away_win,-56.0,43.169289351126395,-15.914616018887392,-26.980805844453993,1458.205083346359,1699.9735579509797,1426.6632513925194,1636.162934073918,True
143,17,2025-07-04T20:20:00,Perth Stadium,2025,West Coast,Greater Western Sydney,1194.9093136945125,1563.942746931821,1297.237526249041,1532.5115810506134,-369.0334332373084,-235.27405480157245,-299.0334332373084,-165.27405480157245,0.15169416365066876,0.8483058363493312,Greater Western Sydney,0.8483058363493312,-24.791108220235866,-6.966116726986624,margin_only_elo,52.0,111.0,away_win,-59.0,34.20889177976413,-8.00101714122617,-21.380557362352583,1186.9082965532864,1571.943764073047,1275.8569688866883,1553.892138412966,True
137,17,2025-07-05T12:35:00,Docklands,2025,Essendon,Gold Coast,1407.2075266424285,1527.9552943007466,1371.7476636242611,1543.0033718942839,-120.74776765831803,-171.25570827002275,-50.747767658318025,-101.25570827002275,0.4274830671874797,0.5725169328125204,Gold Coast,0.5725169328125204,-15.188356240503412,-1.4503386562504061,margin_only_elo,74.0,115.0,away_win,-41.0,25.81164375949659,-19.018704331655872,-16.13227734968537,1388.1888223107726,1546.9739986324025,1355.6153862745757,1559.1356492439693,True
138,17,2025-07-05T16:15:00,Kardinia Park,2025,Geelong,Richmond,1658.2896912080278,1201.5861206052589,1651.1251313666119,1261.2745334691863,456.7035706027689,389.8505978974256,526.7035706027689,459.8505978974256,0.953996805151605,0.04600319484839499,Geelong,0.953996805151605,68.97758968461383,9.0799361030321,margin_only_elo,124.0,52.0,home_win,72.0,-3.0224103153861677,2.643249883998816,1.8890064471163548,1660.9329410920266,1198.94287072126,1653.0141378137282,1259.38552702207,True
135,17,2025-07-05T19:35:00,Gabba,2025,Brisbane Lions,Port Adelaide,1723.9488735373284,1507.4871231073728,1608.8952168656187,1462.7230968066751,216.4617504299556,146.17212005894362,286.4617504299556,216.17212005894362,0.8387567160569734,0.16124328394302656,Brisbane Lions,0.8387567160569734,32.42581800884154,6.775134321139468,margin_only_elo,120.0,92.0,home_win,28.0,4.425818008841539,5.878141678034589,-2.7661362555259617,1729.827015215363,1501.6089814293382,1606.1290806100928,1465.489233062201,True
140,17,2025-07-05T19:40:00,Docklands,2025,St Kilda,Hawthorn,1421.1882883344003,1624.2457955024363,1445.1344936616151,1621.9121619561765,-203.05750716803595,-176.7776682945614,-133.05750716803595,-106.77766829456141,0.3173578935294036,0.6826421064705964,Hawthorn,0.6826421064705964,-16.01665024418421,-3.6528421294119284,margin_only_elo,74.0,94.0,away_win,-20.0,3.983349755815791,-9.520736805882107,-2.4895935973848693,1411.6675515285183,1633.7665323083183,1442.6449000642303,1624.4017555535613,True
141,17,2025-07-06T13:10:00,S.C.G.,2025,Sydney,Fremantle,1539.653228241879,1581.766377208197,1490.2361490838332,1536.8926680201141,-42.113148966317794,-46.65651893628092,27.886851033682206,23.343481063719082,0.5400464426593734,0.4599535573406266,Sydney,0.5400464426593734,3.501522159557862,0.8009288531874681,margin_only_elo,94.0,83.0,home_win,11.0,-7.498477840442138,9.318757615005053,4.686548650276337,1548.9719858568842,1572.4476195931918,1494.9226977341095,1532.2061193698378,True
142,17,2025-07-06T15:20:00,Adelaide Oval,2025,Adelaide,Melbourne,1593.5242161580782,1425.3639599989526,1657.5860188697584,1440.609588805021,168.16025615912554,216.97643006473731,238.16025615912554,286.9764300647373,0.797535314903949,0.20246468509605098,Adelaide,0.797535314903949,43.046464509710596,5.95070629807898,margin_only_elo,90.0,77.0,home_win,13.0,30.046464509710596,4.604937110974596,-18.779040318569123,1598.1291532690527,1420.759022887978,1638.8069785511893,1459.3886291235901,True
144,18,2025-07-10T19:30:00,Docklands,2025,Carlton,Brisbane Lions,1458.205083346359,1729.827015215363,1426.6632513925194,1606.1290806100928,-271.6219318690039,-179.4658292175734,-201.6219318690039,-109.4658292175734,0.23855298650734752,0.7614470134926525,Brisbane Lions,0.7614470134926525,-16.41987438263601,-5.228940269853049,margin_only_elo,66.0,103.0,away_win,-37.0,20.58012561736399,-10.081144969948603,-12.862578510852495,1448.1239383764105,1739.9081601853115,1413.800672881667,1618.9916591209453,True
145,18,2025-07-11T19:40:00,Carrara,2025,Gold Coast,Collingwood,1546.9739986324025,1699.9735579509797,1559.1356492439693,1636.162934073918,-152.9995593185772,-77.02728482994871,-82.99955931857721,-7.027284829948712,0.3827755684272788,0.6172244315727212,Collingwood,0.6172244315727212,-1.0540927244923068,-2.3444886314544244,margin_only_elo,69.0,63.0,home_win,6.0,-7.054092724492307,7.921749808115069,4.408807952807692,1554.8957484405175,1692.0518081428647,1563.5444571967769,1631.7541261211104,False
150,18,2025-07-12T13:20:00,Docklands,2025,Western Bulldogs,Adelaide,1647.7137540248136,1598.1291532690527,1680.1533486013197,1638.8069785511893,49.5846007557609,41.34637005013042,119.5846007557609,111.34637005013042,0.6656074093870842,0.3343925906129158,Western Bulldogs,0.6656074093870842,16.70195550751956,3.3121481877416836,margin_only_elo,98.0,109.0,away_win,-11.0,27.70195550751956,-13.485348718014606,-17.313722192199727,1634.228405306799,1611.6145019870673,1662.83962640912,1656.120700743389,False
146,18,2025-07-12T16:15:00,Sydney Showground,2025,Greater Western Sydney,Geelong,1571.943764073047,1660.9329410920266,1553.892138412966,1653.0141378137282,-88.98917701897949,-99.1219994007622,-18.98917701897949,-29.121999400762206,0.47269955605418124,0.5273004439458188,Geelong,0.5273004439458188,-4.368299910114331,-0.5460088789163753,margin_only_elo,111.0,85.0,home_win,26.0,-30.36829991011433,18.44427717615182,18.980187443821457,1590.388041249199,1642.4886639158747,1572.8723258567875,1634.0339503699067,False
148,18,2025-07-12T19:35:00,M.C.G.,2025,Richmond,Essendon,1198.94287072126,1388.1888223107726,1259.38552702207,1355.6153862745757,-189.24595158951252,-96.22985925250578,-119.24595158951252,-26.229859252505776,0.334826621457402,0.665173378542598,Essendon,0.665173378542598,-3.934478887875866,-3.30346757085196,margin_only_elo,46.0,37.0,home_win,9.0,-12.934478887875866,11.658638513326357,8.084049304922416,1210.6015092345865,1376.5301837974462,1267.4695763269924,1347.5313369696532,False
152,18,2025-07-12T20:10:00,Perth Stadium,2025,Fremantle,Hawthorn,1572.4476195931918,1633.7665323083183,1532.2061193698378,1624.4017555535613,-61.318912715126544,-92.19563618372354,8.681087284873456,-22.195636183723536,0.5124904896576952,0.48750951034230483,Fremantle,0.5124904896576952,-3.3293454275585304,0.2498097931539034,margin_only_elo,77.0,64.0,home_win,13.0,-16.32934542755853,11.088109687194631,10.20584089222408,1583.5357292803865,1622.6784226211237,1542.411960262062,1614.1959146613372,True
147,18,2025-07-13T13:10:00,M.C.G.,2025,Melbourne,North Melbourne,1420.759022887978,1223.0392675206272,1459.3886291235901,1336.1312655707218,197.7197553673509,123.25736355286836,267.7197553673509,193.25736355286836,0.8236273061665385,0.17637269383346155,Melbourne,0.8236273061665385,28.988604532930253,6.472546123330769,margin_only_elo,,,,,,,,,,,,
149,18,2025-07-13T15:20:00,Docklands,2025,St Kilda,Sydney,1411.6675515285183,1548.9719858568842,1442.6449000642303,1494.9226977341095,-137.30443432836591,-52.27779766987919,-67.30443432836591,17.72220233012081,0.40433481172433056,0.5956651882756694,Sydney,0.5956651882756694,2.658330349518121,-1.9133037655133889,margin_only_elo,,,,,,,,,,,,
151,18,2025-07-13T16:40:00,Adelaide Oval,2025,Port Adelaide,West Coast,1501.6089814293382,1186.9082965532864,1465.489233062201,1275.8569688866883,314.7006848760518,189.63226417551277,384.7006848760518,259.6322641755128,0.9015454250292608,0.09845457497073917,Port Adelaide,0.9015454250292608,38.94483962632692,8.030908500585216,margin_only_elo,,,,,,,,,,,,
156,19,2025-07-17T19:30:00,Docklands,2025,Essendon,Greater Western Sydney,1376.5301837974462,1590.388041249199,1347.5313369696532,1572.8723258567875,-213.8578574517528,-225.34098888713424,-143.8578574517528,-155.34098888713424,0.30404434215384635,0.6959556578461537,Greater Western Sydney,0.6959556578461537,-23.301148333070135,-3.919113156923073,margin_only_elo,,,,,,,,,,,,
153,19,2025-07-18T19:40:00,Gabba,2025,Brisbane Lions,Western Bulldogs,1739.9081601853115,1634.228405306799,1618.9916591209453,1662.83962640912,105.67975487851254,-43.84796728817469,175.67975487851254,26.152032711825314,0.7332733032823502,0.2667266967176498,Brisbane Lions,0.7332733032823502,3.9228049067737967,4.665466065647004,margin_only_elo,,,,,,,,,,,,
158,19,2025-07-19T13:20:00,York Park,2025,Hawthorn,Port Adelaide,1622.6784226211237,1501.6089814293382,1614.1959146613372,1465.489233062201,121.06944119178547,148.70668159913612,191.06944119178547,218.70668159913612,0.7502383920823501,0.2497616079176499,Hawthorn,0.7502383920823501,32.806002239870416,5.004767841647002,margin_only_elo,,,,,,,,,,,,
159,19,2025-07-19T16:15:00,S.C.G.,2025,Sydney,North Melbourne,1548.9719858568842,1223.0392675206272,1494.9226977341095,1336.1312655707218,325.93271833625704,158.79143216338775,395.93271833625704,228.79143216338775,0.9071373150824655,0.09286268491753447,Sydney,0.9071373150824655,34.31871482450816,8.14274630164931,margin_only_elo,,,,,,,,,,,,
154,19,2025-07-19T19:35:00,M.C.G.,2025,Carlton,Melbourne,1448.1239383764105,1420.759022887978,1413.800672881667,1459.3886291235901,27.364915488432416,-45.587956241923166,97.36491548843242,24.412043758076834,0.6365630190935347,0.36343698090646526,Carlton,0.6365630190935347,3.661806563711525,2.731260381870695,margin_only_elo,,,,,,,,,,,,
161,19,2025-07-19T20:10:00,Perth Stadium,2025,West Coast,Richmond,1186.9082965532864,1210.6015092345865,1275.8569688866883,1267.4695763269924,-23.69321268130011,8.387392559695854,46.30678731869989,78.38739255969585,0.5662490052570242,0.43375099474297585,West Coast,0.5662490052570242,11.758108883954378,1.324980105140483,margin_only_elo,,,,,,,,,,,,
157,19,2025-07-20T13:10:00,Kardinia Park,2025,Geelong,St Kilda,1642.4886639158747,1411.6675515285183,1634.0339503699067,1442.6449000642303,230.82111238735638,191.3890503056764,300.8211123873564,261.3890503056764,0.8496253348942957,0.1503746651057043,Geelong,0.8496253348942957,39.208357545851456,6.992506697885914,margin_only_elo,,,,,,,,,,,,
155,19,2025-07-20T15:20:00,M.C.G.,2025,Collingwood,Fremantle,1692.0518081428647,1583.5357292803865,1631.7541261211104,1542.411960262062,108.51607886247825,89.34216585904846,178.51607886247825,159.34216585904846,0.7364544472865976,0.2635455527134024,Collingwood,0.7364544472865976,23.90132487885727,4.729088945731951,margin_only_elo,,,,,,,,,,,,
160,19,2025-07-20T16:40:00,Adelaide Oval,2025,Adelaide,Gold Coast,1611.6145019870673,1554.8957484405175,1656.120700743389,1563.5444571967769,56.718753546549806,92.5762435466122,126.7187535465498,162.5762435466122,0.6746849584542473,0.32531504154575275,Adelaide,0.6746849584542473,24.38643653199183,3.493699169084945,margin_only_elo,,,,,,,,,,,,
165,20,2025-07-24T19:30:00,M.C.G.,2025,Hawthorn,Carlton,1622.6784226211237,1448.1239383764105,1614.1959146613372,1413.800672881667,174.5544842447132,200.3952417796702,244.5544842447132,270.3952417796702,0.8034137822799032,0.19658621772009677,Hawthorn,0.8034137822799032,40.55928626695053,6.068275645598065,margin_only_elo,,,,,,,,,,,,
162,20,2025-07-25T19:20:00,Docklands,2025,Essendon,Western Bulldogs,1376.5301837974462,1634.228405306799,1347.5313369696532,1662.83962640912,-257.69822150935283,-315.30828943946676,-187.69822150935283,-245.30828943946676,0.25341560486770265,0.7465843951322974,Western Bulldogs,0.7465843951322974,-36.79624341592001,-4.931687902645947,margin_only_elo,,,,,,,,,,,,
164,20,2025-07-25T19:50:00,Sydney Showground,2025,Greater Western Sydney,Sydney,1590.388041249199,1548.9719858568842,1572.8723258567875,1494.9226977341095,41.416055392314775,77.94962812267795,111.41605539231477,147.94962812267795,0.6550613613942025,0.34493863860579754,Greater Western Sydney,0.6550613613942025,22.192444218401693,3.101227227884049,margin_only_elo,,,,,,,,,,,,
163,20,2025-07-26T13:20:00,Carrara,2025,Gold Coast,Brisbane Lions,1554.8957484405175,1739.9081601853115,1563.5444571967769,1618.9916591209453,-185.012411744794,-55.44720192416844,-115.01241174479401,14.55279807583156,0.3402759664938798,0.6597240335061202,Brisbane Lions,0.6597240335061202,2.182919711374734,-3.1944806701224038,margin_only_elo,,,,,,,,,,,,
170,20,2025-07-26T16:15:00,Perth Stadium,2025,Fremantle,West Coast,1583.5357292803865,1186.9082965532864,1542.411960262062,1275.8569688866883,396.6274327271001,266.5549913753737,466.6274327271001,336.5549913753737,0.9362028363746213,0.06379716362537868,Fremantle,0.9362028363746213,50.48324870630605,8.724056727492426,margin_only_elo,,,,,,,,,,,,
166,20,2025-07-26T19:35:00,Docklands,2025,North Melbourne,Geelong,1223.0392675206272,1642.4886639158747,1336.1312655707218,1634.0339503699067,-419.4493963952475,-297.90268479918495,-349.4493963952475,-227.90268479918495,0.11799115427499496,0.882008845725005,Geelong,0.882008845725005,-34.18540271987774,-7.640176914500101,margin_only_elo,,,,,,,,,,,,
169,20,2025-07-26T20:10:00,Adelaide Oval,2025,Adelaide,Port Adelaide,1611.6145019870673,1501.6089814293382,1656.120700743389,1465.489233062201,110.00552055772914,190.63146768118804,180.00552055772914,260.63146768118804,0.738115175482305,0.261884824517695,Adelaide,0.738115175482305,39.094720152178205,4.7623035096461,margin_only_elo,,,,,,,,,,,,
167,20,2025-07-27T14:10:00,M.C.G.,2025,Richmond,Collingwood,1210.6015092345865,1692.0518081428647,1267.4695763269924,1631.7541261211104,-481.4502989082782,-364.284549794118,-411.4502989082782,-294.284549794118,0.08560661563153339,0.9143933843684666,Collingwood,0.9143933843684666,-44.142682469117695,-8.287867687369332,margin_only_elo,,,,,,,,,,,,
168,20,2025-07-27T15:20:00,Docklands,2025,St Kilda,Melbourne,1411.6675515285183,1420.759022887978,1442.6449000642303,1459.3886291235901,-9.091471359459774,-16.743729059359794,60.908528640540226,53.256270940640206,0.5867673555286297,0.4132326444713703,St Kilda,0.5867673555286297,7.98844064109603,1.7353471105725937,margin_only_elo,,,,,,,,,,,,
177,21,2025-07-31T19:30:00,Docklands,2025,Western Bulldogs,Greater Western Sydney,1634.228405306799,1590.388041249199,1662.83962640912,1572.8723258567875,43.84036405760003,89.96730055233252,113.84036405760003,159.96730055233252,0.6582078171580429,0.3417921828419571,Western Bulldogs,0.6582078171580429,23.995095082849875,3.1641563431608577,margin_only_elo,,,,,,,,,,,,
178,21,2025-08-01T19:40:00,Adelaide Oval,2025,Adelaide,Hawthorn,1611.6145019870673,1622.6784226211237,1656.120700743389,1614.1959146613372,-11.06392063405633,41.924786082051924,58.93607936594367,111.92478608205192,0.5840115694090467,0.41598843059095325,Adelaide,0.5840115694090467,16.78871791230779,1.680231388180935,margin_only_elo,,,,,,,,,,,,
174,21,2025-08-02T13:20:00,Docklands,2025,Melbourne,West Coast,1420.759022887978,1186.9082965532864,1459.3886291235901,1275.8569688866883,233.85072633469167,183.53166023690187,303.8507263346917,253.53166023690187,0.8518399290095794,0.1481600709904206,Melbourne,0.8518399290095794,38.02974903553528,7.036798580191587,margin_only_elo,,,,,,,,,,,,
173,21,2025-08-02T16:10:00,Carrara,2025,Gold Coast,Richmond,1554.8957484405175,1210.6015092345865,1563.5444571967769,1267.4695763269924,344.29423920593104,296.07488086978447,414.29423920593104,366.07488086978447,0.9156662149912621,0.0843337850087379,Gold Coast,0.9156662149912621,54.91123213046767,8.313324299825242,margin_only_elo,,,,,,,,,,,,
176,21,2025-08-02T16:15:00,S.C.G.,2025,Sydney,Essendon,1548.9719858568842,1376.5301837974462,1494.9226977341095,1347.5313369696532,172.44180205943803,147.3913607644563,242.44180205943803,217.3913607644563,0.8014858918572482,0.19851410814275183,Sydney,0.8014858918572482,32.60870411466844,6.029717837144963,margin_only_elo,,,,,,,,,,,,
171,21,2025-08-02T19:35:00,M.C.G.,2025,Collingwood,Brisbane Lions,1692.0518081428647,1739.9081601853115,1631.7541261211104,1618.9916591209453,-47.856352042446815,12.762467000165088,22.143647957553185,82.76246700016509,0.531824191791879,0.468175808208121,Collingwood,0.531824191791879,12.414370050024763,0.6364838358375802,margin_only_elo,,,,,,,,,,,,
175,21,2025-08-03T13:40:00,Docklands,2025,St Kilda,North Melbourne,1411.6675515285183,1223.0392675206272,1442.6449000642303,1336.1312655707218,188.62828400789112,106.51363449350856,258.6282840078911,176.51363449350856,0.8158956992682332,0.18410430073176676,St Kilda,0.8158956992682332,26.477045174026284,6.317913985364664,margin_only_elo,,,,,,,,,,,,
172,21,2025-08-03T15:20:00,Kardinia Park,2025,Geelong,Port Adelaide,1642.4886639158747,1501.6089814293382,1634.0339503699067,1465.489233062201,140.87968248653647,168.5447173077057,210.87968248653647,238.5447173077057,0.7709919952926968,0.2290080047073032,Geelong,0.7709919952926968,35.781707596155854,5.4198399058539355,margin_only_elo,,,,,,,,,,,,
179,21,2025-08-03T17:10:00,Perth Stadium,2025,Fremantle,Carlton,1583.5357292803865,1448.1239383764105,1542.411960262062,1413.800672881667,135.411790903976,128.61128738039497,205.411790903976,198.61128738039497,0.7653871937631403,0.23461280623685965,Fremantle,0.7653871937631403,29.791693107059245,5.3077438752628066,margin_only_elo,,,,,,,,,,,,
184,22,2025-08-07T19:30:00,M.C.G.,2025,Hawthorn,Collingwood,1622.6784226211237,1692.0518081428647,1614.1959146613372,1631.7541261211104,-69.37338552174106,-17.558211459773247,0.6266144782589436,52.44178854022675,0.5009017697451862,0.4990982302548138,Hawthorn,0.5009017697451862,7.866268281034013,0.018035394903723745,margin_only_elo,,,,,,,,,,,,
182,22,2025-08-08T19:40:00,Kardinia Park,2025,Geelong,Essendon,1642.4886639158747,1376.5301837974462,1634.0339503699067,1347.5313369696532,265.9584801184285,286.5026134002535,335.9584801184285,356.5026134002535,0.8736840463606462,0.12631595363935377,Geelong,0.8736840463606462,53.47539201003802,7.473680927212924,margin_only_elo,,,,,,,,,,,,
186,22,2025-08-09T13:20:00,M.C.G.,2025,Richmond,St Kilda,1210.6015092345865,1411.6675515285183,1267.4695763269924,1442.6449000642303,-201.0660422939318,-175.17532373723793,-131.0660422939318,-105.17532373723793,0.3198466146077098,0.6801533853922902,St Kilda,0.6801533853922902,-15.776298560585689,-3.603067707845804,margin_only_elo,,,,,,,,,,,,
180,22,2025-08-09T16:15:00,Gabba,2025,Brisbane Lions,Sydney,1739.9081601853115,1548.9719858568842,1618.9916591209453,1494.9226977341095,190.93617432842734,124.06896138683578,260.93617432842734,194.06896138683578,0.817882911548241,0.182117088451759,Brisbane Lions,0.817882911548241,29.110344208025367,6.3576582309648195,margin_only_elo,,,,,,,,,,,,
181,22,2025-08-09T19:35:00,Docklands,2025,Carlton,Gold Coast,1448.1239383764105,1554.8957484405175,1413.800672881667,1563.5444571967769,-106.77181006410706,-149.7437843151099,-36.77181006410706,-79.7437843151099,0.44727782278407935,0.5527221772159207,Gold Coast,0.5527221772159207,-11.961567647266486,-1.054443544318413,margin_only_elo,,,,,,,,,,,,
187,22,2025-08-09T20:10:00,Adelaide Oval,2025,Port Adelaide,Fremantle,1501.6089814293382,1583.5357292803865,1465.489233062201,1542.411960262062,-81.92674785104828,-76.9227271998609,-11.926747851048276,-6.922727199860901,0.48284276899246925,0.5171572310075307,Fremantle,0.5171572310075307,-1.0384090799791352,-0.343144620150615,margin_only_elo,,,,,,,,,,,,
183,22,2025-08-10T13:40:00,Manuka Oval,2025,Greater Western Sydney,North Melbourne,1590.388041249199,1223.0392675206272,1572.8723258567875,1336.1312655707218,367.3487737285718,236.7410602860657,437.3487737285718,306.7410602860657,0.9253652230008288,0.0746347769991712,Greater Western Sydney,0.9253652230008288,46.01115904290985,8.507304460016575,margin_only_elo,,,,,,,,,,,,
185,22,2025-08-10T15:20:00,M.C.G.,2025,Melbourne,Western Bulldogs,1420.759022887978,1634.228405306799,1459.3886291235901,1662.83962640912,-213.46938241882094,-203.45099728552987,-143.46938241882094,-133.45099728552987,0.30451774130615883,0.6954822586938412,Western Bulldogs,0.6954822586938412,-20.01764959282948,-3.9096451738768234,margin_only_elo,,,,,,,,,,,,
188,22,2025-08-10T17:10:00,Perth Stadium,2025,West Coast,Adelaide,1186.9082965532864,1611.6145019870673,1275.8569688866883,1656.120700743389,-424.70620543378095,-380.2637318567008,-354.70620543378095,-310.2637318567008,0.11487817696337156,0.8851218230366285,Adelaide,0.8851218230366285,-46.53955977850512,-7.702436460732569,margin_only_elo,,,,,,,,,,,,
190,23,2025-08-15T19:20:00,Docklands,2025,Essendon,St Kilda,1376.5301837974462,1411.6675515285183,1347.5313369696532,1442.6449000642303,-35.13736773107212,-95.1135630945771,34.86263226892788,-25.113563094577103,0.550003650114999,0.44999634988500103,Essendon,0.550003650114999,-3.7670344641865654,1.0000730022999793,margin_only_elo,,,,,,,,,,,,
197,23,2025-08-15T20:20:00,Perth Stadium,2025,Fremantle,Brisbane Lions,1583.5357292803865,1739.9081601853115,1542.411960262062,1618.9916591209453,-156.37243090492507,-76.57969885888338,-86.37243090492507,-6.579698858883376,0.3781989798045325,0.6218010201954676,Brisbane Lions,0.6218010201954676,-0.9869548288325063,-2.43602040390935,margin_only_elo,,,,,,,,,,,,
191,23,2025-08-16T12:35:00,Carrara,2025,Gold Coast,Greater Western Sydney,1554.8957484405175,1590.388041249199,1563.5444571967769,1572.8723258567875,-35.49229280868144,-9.327868660010608,34.50770719131856,60.67213133998939,0.5494979289075906,0.45050207109240936,Gold Coast,0.5494979289075906,9.100819700998409,0.9899585781518128,margin_only_elo,,,,,,,,,,,,
189,23,2025-08-16T13:20:00,Docklands,2025,Carlton,Port Adelaide,1448.1239383764105,1501.6089814293382,1413.800672881667,1465.489233062201,-53.48504305292772,-51.68856018053407,16.514956947072278,18.31143981946593,0.5237490494990764,0.4762509505009236,Carlton,0.5237490494990764,2.7467159729198896,0.47498098998152827,margin_only_elo,,,,,,,,,,,,
192,23,2025-08-16T16:15:00,M.C.G.,2025,Hawthorn,Melbourne,1622.6784226211237,1420.759022887978,1614.1959146613372,1459.3886291235901,201.9193997331456,154.80728553774702,271.9193997331456,224.80728553774702,0.8271116799261995,0.1728883200738005,Hawthorn,0.8271116799261995,33.72109283066205,6.54223359852399,margin_only_elo,,,,,,,,,,,,
196,23,2025-08-16T19:35:00,Adelaide Oval,2025,Adelaide,Collingwood,1611.6145019870673,1692.0518081428647,1656.120700743389,1631.7541261211104,-80.43730615579739,24.366574622278677,-10.437306155797387,94.36657462227868,0.48498402585823874,0.5150159741417613,Collingwood,0.5150159741417613,14.1549861933418,-0.30031948283522514,margin_only_elo,,,,,,,,,,,,
193,23,2025-08-17T13:10:00,Bellerive Oval,2025,North Melbourne,Richmond,1223.0392675206272,1210.6015092345865,1336.1312655707218,1267.4695763269924,12.437758286040662,68.66168924372937,82.43775828604066,138.66168924372937,0.6164600858431514,0.3835399141568486,North Melbourne,0.6164600858431514,20.799253386559403,2.3292017168630275,margin_only_elo,,,,,,,,,,,,
194,23,2025-08-17T15:20:00,S.C.G.,2025,Sydney,Geelong,1548.9719858568842,1642.4886639158747,1494.9226977341095,1634.0339503699067,-93.51667805899046,-139.1112526357972,-23.516678058990465,-69.1112526357972,0.46620836897237594,0.5337916310276241,Geelong,0.5337916310276241,-10.36668789536958,-0.6758326205524812,margin_only_elo,,,,,,,,,,,,
195,23,2025-08-17T16:40:00,Docklands,2025,Western Bulldogs,West Coast,1634.228405306799,1186.9082965532864,1662.83962640912,1275.8569688866883,447.3201087535126,386.98265752243174,517.3201087535126,456.98265752243174,0.9515672408967927,0.048432759103207323,Western Bulldogs,0.9515672408967927,68.54739862836476,9.031344817935853,margin_only_elo,,,,,,,,,,,,
198,24,2025-08-23T00:00:00,Gabba,2025,Brisbane Lions,Hawthorn,1739.9081601853115,1622.6784226211237,1618.9916591209453,1614.1959146613372,117.22973756418787,4.795744459608159,187.22973756418787,74.79574445960816,0.7460738298182669,0.25392617018173314,Brisbane Lions,0.7460738298182669,11.219361668941223,4.921476596365337,margin_only_elo,,,,,,,,,,,,
199,24,2025-08-23T00:00:00,M.C.G.,2025,Collingwood,Melbourne,1692.0518081428647,1420.759022887978,1631.7541261211104,1459.3886291235901,271.29278525488667,172.36549699752027,341.29278525488667,242.36549699752027,0.8770341438044285,0.12296585619557154,Collingwood,0.8770341438044285,36.35482454962804,7.540682876088569,margin_only_elo,,,,,,,,,,,,
200,24,2025-08-23T00:00:00,M.C.G.,2025,Essendon,Carlton,1376.5301837974462,1448.1239383764105,1347.5313369696532,1413.800672881667,-71.59375457896431,-66.26933591201373,-1.5937545789643082,3.73066408798627,0.49770641887779116,0.5022935811222089,Carlton,0.5022935811222089,0.5595996131979405,-0.04587162244417686,margin_only_elo,,,,,,,,,,,,
201,24,2025-08-23T00:00:00,Carrara,2025,Gold Coast,Essendon,1554.8957484405175,1376.5301837974462,1563.5444571967769,1347.5313369696532,178.36556464307137,216.01312022712364,248.36556464307137,286.01312022712364,0.8068556770856303,0.19314432291436967,Gold Coast,0.8068556770856303,42.901968034068545,6.137113541712607,margin_only_elo,,,,,,,,,,,,
202,24,2025-08-23T00:00:00,Sydney Showground,2025,Greater Western Sydney,St Kilda,1590.388041249199,1411.6675515285183,1572.8723258567875,1442.6449000642303,178.7204897206807,130.22742579255714,248.7204897206807,200.22742579255714,0.8071738753799238,0.1928261246200762,Greater Western Sydney,0.8071738753799238,30.03411386888357,6.143477507598476,margin_only_elo,,,,,,,,,,,,
203,24,2025-08-23T00:00:00,Docklands,2025,North Melbourne,Adelaide,1223.0392675206272,1611.6145019870673,1336.1312655707218,1656.120700743389,-388.5752344664402,-319.9894351726673,-318.5752344664402,-249.9894351726673,0.1377783111541471,0.8622216888458529,Adelaide,0.8622216888458529,-37.49841527590009,-7.244433776917059,margin_only_elo,,,,,,,,,,,,
204,24,2025-08-23T00:00:00,M.C.G.,2025,Richmond,Geelong,1210.6015092345865,1642.4886639158747,1267.4695763269924,1634.0339503699067,-431.88715468128817,-366.5643740429143,-361.88715468128817,-296.5643740429143,0.11074144027987241,0.8892585597201276,Geelong,0.8892585597201276,-44.48465610643715,-7.785171194402551,margin_only_elo,,,,,,,,,,,,
205,24,2025-08-23T00:00:00,Docklands,2025,Western Bulldogs,Fremantle,1634.228405306799,1583.5357292803865,1662.83962640912,1542.411960262062,50.69267602641253,120.42766614705806,120.69267602641253,190.42766614705806,0.6670256168330638,0.33297438316693617,Western Bulldogs,0.6670256168330638,28.564149922058707,3.3405123366612766,margin_only_elo,,,,,,,,,,,,
206,24,2025-08-23T00:30:00,Adelaide Oval,2025,Port Adelaide,Gold Coast,1501.6089814293382,1554.8957484405175,1465.489233062201,1563.5444571967769,-53.286767011179336,-98.05522413457584,16.713232988820664,-28.055224134575838,0.5240337401607719,0.47596625983922813,Port Adelaide,0.5240337401607719,-4.208283620186376,0.4806748032154373,margin_only_elo,,,,,,,,,,,,
207,24,2025-08-23T02:00:00,Perth Stadium,2025,West Coast,Sydney,1186.9082965532864,1548.9719858568842,1275.8569688866883,1494.9226977341095,-362.0636893035978,-219.06572884742127,-292.0636893035978,-149.06572884742127,0.1569295240127213,0.8430704759872787,Sydney,0.8430704759872787,-22.35985932711319,-6.861409519745574,margin_only_elo,,,,,,,,,,,,
