event,match_id,date,year,round,team,opponent,score,opponent_score,result,win_rating_before,win_rating_after,win_rating_change,margin_rating_before,margin_rating_after,margin_rating_change,margin_error
match,1,2025-03-07T19:40:00,2025,OR,Sydney,Hawthorn,76.0,96.0,loss,1649.7979133275048,1630.0315395146138,-19.766373812891025,1569.8760582095892,1559.5711756934209,-10.304882516168435,16.487812025869495
match,1,2025-03-07T19:40:00,2025,OR,Hawthorn,Sydney,96.0,76.0,win,1605.4389312349465,1625.2053050478376,19.766373812891025,1663.2906447037926,1673.595527219961,10.304882516168435,-16.487812025869495
match,2,2025-03-09T15:20:00,2025,OR,Greater Western Sydney,Collingwood,104.0,52.0,win,1571.3570171681322,1590.1928374728973,18.835820304765083,1565.8947670268592,1588.171591541574,22.276824514714697,-35.642919223543515
match,2,2025-03-09T15:20:00,2025,OR,Collingwood,Greater Western Sydney,52.0,104.0,loss,1554.8763860435708,1536.0405657388058,-18.835820304765083,1526.8475618504826,1504.570737335768,-22.276824514714697,35.642919223543515
match,3,2025-03-13T19:30:00,2025,1,Richmond,Carlton,82.0,69.0,win,1239.7842911843334,1257.9470971380313,18.16280595369797,1277.1739554585304,1302.667750022167,25.493794563636662,-40.79007130181866
match,3,2025-03-13T19:30:00,2025,1,Carlton,Richmond,69.0,82.0,loss,1549.050952104295,1530.888146150597,-18.16280595369797,1532.4410974706548,1506.9473029070182,-25.493794563636662,40.79007130181866
match,4,2025-03-14T19:40:00,2025,1,Hawthorn,Essendon,111.0,85.0,win,1625.2053050478376,1631.71373563679,6.508430588952482,1673.595527219961,1660.8932423915696,-12.70228482839148,20.32365572542637
match,4,2025-03-14T19:40:00,2025,1,Essendon,Hawthorn,85.0,111.0,loss,1438.8392647390845,1432.330834150132,-6.508430588952482,1434.7711557171185,1447.47344054551,12.70228482839148,-20.32365572542637
match,5,2025-03-15T13:20:00,2025,1,Geelong,Fremantle,147.0,69.0,win,1602.5586276517963,1621.144866782262,18.58623913046566,1587.6210422623042,1624.4004219481988,36.77937968589457,-58.847007497431306
match,5,2025-03-15T13:20:00,2025,1,Fremantle,Geelong,69.0,147.0,loss,1535.9707847608506,1517.384545630385,-18.58623913046566,1529.934425578513,1493.1550458926183,-36.77937968589457,58.847007497431306
match,6,2025-03-15T16:15:00,2025,1,Sydney,Brisbane Lions,82.0,86.0,loss,1630.0315395146138,1625.5551354116553,-4.4764041029584405,1559.5711756934209,1559.8136702128777,0.2424945194567485,-0.3879912311307976
match,6,2025-03-15T16:15:00,2025,1,Brisbane Lions,Sydney,86.0,82.0,win,1708.930979094196,1713.4073831971543,4.4764041029584405,1658.8244505676262,1658.5819560481693,-0.2424945194567485,0.3879912311307976
match,7,2025-03-15T19:35:00,2025,1,Collingwood,Port Adelaide,136.0,45.0,win,1536.0405657388058,1561.5293023901759,25.488736651370214,1504.570737335768,1558.331871982313,53.761134646545145,-86.01781543447223
match,7,2025-03-15T19:35:00,2025,1,Port Adelaide,Collingwood,45.0,136.0,loss,1553.395546727477,1527.906810076107,-25.488736651370214,1541.3561735655828,1487.5950389190377,-53.761134646545145,86.01781543447223
match,8,2025-03-15T19:35:00,2025,1,Western Bulldogs,North Melbourne,113.0,97.0,win,1605.3206281723983,1606.9983827094318,1.6777545370334275,1610.1079901904122,1583.3559478640025,-26.75204232640977,42.80326772225563
match,8,2025-03-15T19:35:00,2025,1,North Melbourne,Western Bulldogs,97.0,113.0,loss,1210.1523976075898,1208.4746430705563,-1.6777545370334275,1288.0862053753747,1314.8382477017844,26.75204232640977,-42.80326772225563
match,9,2025-03-16T12:35:00,2025,1,Adelaide,St Kilda,135.0,72.0,win,1468.2799174860709,1491.784177397824,23.504259911753085,1514.0477371371783,1547.1253282002901,33.0775910631119,-52.92414570097905
match,9,2025-03-16T12:35:00,2025,1,St Kilda,Adelaide,72.0,135.0,loss,1491.4368809900607,1467.9326210783076,-23.504259911753085,1516.8753751437052,1483.7977840805934,-33.0775910631119,52.92414570097905
match,10,2025-03-16T15:20:00,2025,1,Melbourne,Greater Western Sydney,74.0,77.0,loss,1518.6568205912638,1515.090443819874,-3.566376771389724,1478.307302394928,1480.1695795024261,1.862277107498052,-2.9796433719968833
match,10,2025-03-16T15:20:00,2025,1,Greater Western Sydney,Melbourne,77.0,74.0,win,1590.1928374728973,1593.759214244287,3.566376771389724,1588.171591541574,1586.3093144340758,-1.862277107498052,2.9796433719968833
match,11,2025-03-16T18:10:00,2025,1,West Coast,Gold Coast,49.0,136.0,loss,1255.6772341337376,1235.2440802410483,-20.43315389268925,1272.4572994391883,1226.4850612982752,-45.972238140913106,73.55558102546097
match,11,2025-03-16T18:10:00,2025,1,Gold Coast,West Coast,136.0,49.0,win,1440.4756452969116,1460.9087991896008,20.43315389268925,1432.0867592694485,1478.0589974103616,45.972238140913106,-73.55558102546097
match,12,2025-03-20T19:30:00,2025,2,Carlton,Hawthorn,60.0,80.0,loss,1530.888146150597,1517.2155127326641,-13.672633417933035,1506.9473029070182,1502.317234733695,-4.630068173323302,7.408109077317283
match,12,2025-03-20T19:30:00,2025,2,Hawthorn,Carlton,80.0,60.0,win,1631.71373563679,1645.386369054723,13.672633417933035,1660.8932423915696,1665.5233105648929,4.630068173323302,-7.408109077317283
match,13,2025-03-21T19:40:00,2025,2,Western Bulldogs,Collingwood,70.0,76.0,loss,1606.9983827094318,1598.5236020706373,-8.474780638794465,1583.3559478640025,1570.697440750094,-12.658507113908387,20.253611382253418
match,13,2025-03-21T19:40:00,2025,2,Collingwood,Western Bulldogs,76.0,70.0,win,1561.5293023901759,1570.0040830289704,8.474780638794465,1558.331871982313,1570.9903790962214,12.658507113908387,-20.253611382253418
match,14,2025-03-22T13:20:00,2025,2,Essendon,Adelaide,100.0,161.0,loss,1432.330834150132,1404.7563665127436,-27.574467637388274,1447.47344054551,1412.1283050131456,-35.34513553236435,56.552216851782966
match,14,2025-03-22T13:20:00,2025,2,Adelaide,Essendon,161.0,100.0,win,1491.784177397824,1519.3586450352122,27.574467637388274,1547.1253282002901,1582.4704637326545,35.34513553236435,-56.552216851782966
match,15,2025-03-22T16:15:00,2025,2,Port Adelaide,Richmond,140.0,68.0,win,1527.906810076107,1535.0198665905393,7.113056514432361,1487.5950389190377,1508.6956055849562,21.100566665918365,-33.760906665469385
match,15,2025-03-22T16:15:00,2025,2,Richmond,Port Adelaide,68.0,140.0,loss,1257.9470971380313,1250.8340406235989,-7.113056514432361,1302.667750022167,1281.5671833562485,-21.100566665918365,33.760906665469385
match,16,2025-03-22T19:35:00,2025,2,St Kilda,Geelong,98.0,91.0,win,1467.9326210783076,1476.8803687822672,8.947747703959577,1483.7977840805934,1494.7917813806814,10.993997300088006,-17.59039568014081
match,16,2025-03-22T19:35:00,2025,2,Geelong,St Kilda,91.0,98.0,loss,1621.144866782262,1612.1971190783024,-8.947747703959577,1624.4004219481988,1613.4064246481107,-10.993997300088006,17.59039568014081
match,17,2025-03-23T13:10:00,2025,2,Brisbane Lions,West Coast,94.0,75.0,win,1713.4073831971543,1714.5958170494514,1.1884338522971072,1658.5819560481693,1623.3853721653668,-35.196583882802564,56.314534212484105
match,17,2025-03-23T13:10:00,2025,2,West Coast,Brisbane Lions,75.0,94.0,loss,1235.2440802410483,1234.0556463887513,-1.1884338522971072,1226.4850612982752,1261.6816451810778,35.196583882802564,-56.314534212484105
match,18,2025-03-23T15:20:00,2025,2,North Melbourne,Melbourne,125.0,66.0,win,1208.4746430705563,1250.4642424537128,41.98959938315644,1314.8382477017844,1360.6505600580947,45.81231235631016,-73.29969977009625
match,18,2025-03-23T15:20:00,2025,2,Melbourne,North Melbourne,66.0,125.0,loss,1515.090443819874,1473.1008444367176,-41.98959938315644,1480.1695795024261,1434.3572671461159,-45.81231235631016,73.29969977009625
match,19,2025-03-23T18:10:00,2025,2,Fremantle,Sydney,65.0,68.0,loss,1517.384545630385,1514.194311714995,-3.1902339153901,1493.1550458926183,1490.9667919226426,-2.1882539699756833,3.5012063519610934
match,19,2025-03-23T18:10:00,2025,2,Sydney,Fremantle,68.0,65.0,win,1625.5551354116553,1628.7453693270454,3.1902339153901,1559.8136702128777,1562.0019241828534,2.1882539699756833,-3.5012063519610934
match,20,2025-03-27T19:30:00,2025,3,Essendon,Port Adelaide,72.0,60.0,win,1404.7563665127436,1417.3703966648843,12.614030152140653,1412.1283050131456,1422.1189894417528,9.990684428607246,-15.985095085771594
match,20,2025-03-27T19:30:00,2025,3,Port Adelaide,Essendon,60.0,72.0,loss,1535.0198665905393,1522.4058364383986,-12.614030152140653,1508.6956055849562,1498.704921156349,-9.990684428607246,15.985095085771594
match,21,2025-03-28T19:40:00,2025,3,Carlton,Western Bulldogs,75.0,83.0,loss,1517.2155127326641,1509.4512283379738,-7.76428439469037,1502.317234733695,1497.1653790477324,-5.151855685962581,8.24296909754013
match,21,2025-03-28T19:40:00,2025,3,Western Bulldogs,Carlton,83.0,75.0,win,1598.5236020706373,1606.2878864653276,7.76428439469037,1570.697440750094,1575.8492964360566,5.151855685962581,-8.24296909754013
match,22,2025-03-29T13:20:00,2025,3,Melbourne,Gold Coast,62.0,120.0,loss,1473.1008444367176,1440.8492908123021,-32.251553624415415,1434.3572671461159,1395.641804358389,-38.71546278772696,61.94474046036314
match,22,2025-03-29T13:20:00,2025,3,Gold Coast,Melbourne,120.0,62.0,win,1460.9087991896008,1493.1603528140163,32.251553624415415,1478.0589974103616,1516.7744601980885,38.71546278772696,-61.94474046036314
match,23,2025-03-29T16:15:00,2025,3,St Kilda,Richmond,135.0,53.0,win,1476.8803687822672,1486.1155787504767,9.235209968209688,1494.7917813806814,1519.4894753158908,24.697693935209415,-39.516310296335064
match,23,2025-03-29T16:15:00,2025,3,Richmond,St Kilda,53.0,135.0,loss,1250.8340406235989,1241.598830655389,-9.235209968209688,1281.5671833562485,1256.8694894210391,-24.697693935209415,39.516310296335064
match,24,2025-03-29T19:35:00,2025,3,Brisbane Lions,Geelong,70.0,61.0,win,1714.5958170494514,1719.3358247515755,4.740007702124067,1623.3853721653668,1621.512345835624,-1.8730263297427563,2.99684212758841
match,24,2025-03-29T19:35:00,2025,3,Geelong,Brisbane Lions,61.0,70.0,loss,1612.1971190783024,1607.4571113761783,-4.740007702124067,1613.4064246481107,1615.2794509778535,1.8730263297427563,-2.99684212758841
match,25,2025-03-29T19:35:00,2025,3,Hawthorn,Greater Western Sydney,76.0,64.0,win,1645.386369054723,1652.5297882914456,7.143419236722544,1665.5233105648929,1659.0344984276287,-6.488812137264103,10.382099419622566
match,25,2025-03-29T19:35:00,2025,3,Greater Western Sydney,Hawthorn,64.0,76.0,loss,1593.759214244287,1586.6157950075644,-7.143419236722544,1586.3093144340758,1592.79812657134,6.488812137264103,-10.382099419622566
match,26,2025-03-30T15:20:00,2025,3,Adelaide,North Melbourne,114.0,78.0,win,1519.3586450352122,1524.5452846973515,5.186639662139199,1582.4704637326545,1577.6123477631645,-4.858115969489978,7.7729855511839645
match,26,2025-03-30T15:20:00,2025,3,North Melbourne,Adelaide,78.0,114.0,loss,1250.4642424537128,1245.2776027915736,-5.186639662139199,1360.6505600580947,1365.5086760275847,4.858115969489978,-7.7729855511839645
match,27,2025-03-30T18:10:00,2025,3,West Coast,Fremantle,68.0,106.0,loss,1234.0556463887513,1224.21391108456,-9.841735304191145,1261.6816451810778,1252.8646276880995,-8.817017492978295,14.10722798876527
match,27,2025-03-30T18:10:00,2025,3,Fremantle,West Coast,106.0,68.0,win,1514.194311714995,1524.036047019186,9.841735304191145,1490.9667919226426,1499.783809415621,8.817017492978295,-14.10722798876527
match,28,2025-04-03T19:30:00,2025,4,Collingwood,Carlton,63.0,46.0,win,1570.0040830289704,1578.6966913799681,8.692608350997824,1570.9903790962214,1568.1317853416756,-2.8585937545458506,4.573750007273361
match,28,2025-04-03T19:30:00,2025,4,Carlton,Collingwood,46.0,63.0,loss,1509.4512283379738,1500.758619986976,-8.692608350997824,1497.1653790477324,1500.0239728022782,2.8585937545458506,-4.573750007273361
match,29,2025-04-04T19:40:00,2025,4,Geelong,Melbourne,85.0,46.0,win,1607.4571113761783,1616.306367435994,8.849256059815673,1615.2794509778535,1612.5009216072788,-2.7785293705747938,4.44564699291967
match,29,2025-04-04T19:40:00,2025,4,Melbourne,Geelong,46.0,85.0,loss,1440.8492908123021,1432.0000347524865,-8.849256059815673,1395.641804358389,1398.4203337289637,2.7785293705747938,-4.44564699291967
match,30,2025-04-05T13:20:00,2025,4,Gold Coast,Adelaide,91.0,90.0,win,1493.1603528140163,1494.3176379910512,1.1572851770349584,1516.7744601980885,1516.5405121573144,-0.23394804077412346,0.37431686523859753
match,30,2025-04-05T13:20:00,2025,4,Adelaide,Gold Coast,90.0,91.0,loss,1524.5452846973515,1523.3879995203165,-1.1572851770349584,1577.6123477631645,1577.8462958039386,0.23394804077412346,-0.37431686523859753
match,31,2025-04-05T16:15:00,2025,4,Richmond,Brisbane Lions,90.0,118.0,loss,1241.598830655389,1238.4164913436932,-3.1823393116958516,1256.8694894210391,1266.9922572099065,10.122767788867332,-16.196428462187733
match,31,2025-04-05T16:15:00,2025,4,Brisbane Lions,Richmond,118.0,90.0,win,1719.3358247515755,1722.5181640632713,3.1823393116958516,1621.512345835624,1611.3895780467567,-10.122767788867332,16.196428462187733
match,32,2025-04-05T19:35:00,2025,4,North Melbourne,Sydney,52.0,117.0,loss,1245.2776027915736,1237.5026318636344,-7.774970927939156,1365.5086760275847,1336.742418042141,-28.76625798544356,46.02601277670969
match,32,2025-04-05T19:35:00,2025,4,Sydney,North Melbourne,117.0,52.0,win,1628.7453693270454,1636.5203402549846,7.774970927939156,1562.0019241828534,1590.768182168297,28.76625798544356,-46.02601277670969
match,33,2025-04-06T13:10:00,2025,4,Greater Western Sydney,West Coast,132.0,51.0,win,1586.6157950075644,1591.213323498709,4.5975284911446535,1592.79812657134,1604.991861051036,12.193734479696214,-19.509975167513943
match,33,2025-04-06T13:10:00,2025,4,West Coast,Greater Western Sydney,51.0,132.0,loss,1224.21391108456,1219.6163825934154,-4.5975284911446535,1252.8646276880995,1240.6708932084034,-12.193734479696214,19.509975167513943
match,34,2025-04-06T15:20:00,2025,4,Port Adelaide,St Kilda,72.0,89.0,loss,1522.4058364383986,1504.820322180563,-17.58551425783581,1498.704921156349,1483.465973108806,-15.238948047542953,24.382316876068728
match,34,2025-04-06T15:20:00,2025,4,St Kilda,Port Adelaide,89.0,72.0,win,1486.1155787504767,1503.7010930083125,17.58551425783581,1519.4894753158908,1534.7284233634336,15.238948047542953,-24.382316876068728
match,35,2025-04-06T17:10:00,2025,4,Fremantle,Western Bulldogs,97.0,81.0,win,1524.036047019186,1537.5420713390206,13.506024319834506,1499.783809415621,1510.3524488237867,10.568639408165849,-16.90982305306536
match,35,2025-04-06T17:10:00,2025,4,Western Bulldogs,Fremantle,81.0,97.0,loss,1606.2878864653276,1592.781862145493,-13.506024319834506,1575.8492964360566,1565.2806570278908,-10.568639408165849,16.90982305306536
match,36,2025-04-10T19:40:00,2025,5,Adelaide,Geelong,100.0,119.0,loss,1523.3879995203165,1509.8084209418557,-13.579578578460684,1577.8462958039386,1562.6576669730018,-15.188628830936858,24.30180612949897
match,36,2025-04-10T19:40:00,2025,5,Geelong,Adelaide,119.0,100.0,win,1616.306367435994,1629.8859460144547,13.579578578460684,1612.5009216072788,1627.6895504382155,15.188628830936858,-24.30180612949897
match,37,2025-04-11T19:40:00,2025,5,Collingwood,Sydney,109.0,78.0,win,1578.6966913799681,1597.2868337620605,18.590142382092328,1568.1317853416756,1583.0664475441713,14.934662202495758,-23.895459523993214
match,37,2025-04-11T19:40:00,2025,5,Sydney,Collingwood,78.0,109.0,loss,1636.5203402549846,1617.9301978728922,-18.590142382092328,1590.768182168297,1575.8335199658013,-14.934662202495758,23.895459523993214
match,38,2025-04-12T12:35:00,2025,5,North Melbourne,Gold Coast,89.0,141.0,loss,1237.5026318636344,1224.8286470751248,-12.673984788509683,1336.742418042141,1314.5359893654386,-22.206428676702494,35.53028588272399
match,38,2025-04-12T12:35:00,2025,5,Gold Coast,North Melbourne,141.0,89.0,win,1494.3176379910512,1506.9916227795609,12.673984788509683,1516.5405121573144,1538.7469408340169,22.206428676702494,-35.53028588272399
match,39,2025-04-12T13:20:00,2025,5,Carlton,West Coast,121.0,50.0,win,1500.758619986976,1507.440902276014,6.682282289037749,1500.0239728022782,1513.5221215903525,13.498148788074241,-21.597038060918784
match,39,2025-04-12T13:20:00,2025,5,West Coast,Carlton,50.0,121.0,loss,1219.6163825934154,1212.9341003043776,-6.682282289037749,1240.6708932084034,1227.172744420329,-13.498148788074241,21.597038060918784
match,40,2025-04-12T16:15:00,2025,5,Western Bulldogs,Brisbane Lions,97.0,118.0,loss,1592.781862145493,1579.964295857751,-12.817566287742054,1565.2806570278908,1549.9158683734095,-15.364788654481321,24.583661847170116
match,40,2025-04-12T16:15:00,2025,5,Brisbane Lions,Western Bulldogs,118.0,97.0,win,1722.5181640632713,1735.3357303510134,12.817566287742054,1611.3895780467567,1626.754366701238,15.364788654481321,-24.583661847170116
match,41,2025-04-12T19:35:00,2025,5,Melbourne,Essendon,57.0,96.0,loss,1432.0000347524865,1405.1179182100043,-26.8821165424822,1398.4203337289637,1369.7045827020377,-28.715751026926018,45.94520164308163
match,41,2025-04-12T19:35:00,2025,5,Essendon,Melbourne,96.0,57.0,win,1417.3703966648843,1444.2525132073665,26.8821165424822,1422.1189894417528,1450.8347404686788,28.715751026926018,-45.94520164308163
match,42,2025-04-13T12:35:00,2025,5,Richmond,Fremantle,47.0,108.0,loss,1238.4164913436932,1227.123187259865,-11.293304083828149,1266.9922572099065,1245.1197751737077,-21.872482036198726,34.99597125791796
match,42,2025-04-13T12:35:00,2025,5,Fremantle,Richmond,108.0,47.0,win,1537.5420713390206,1548.8353754228488,11.293304083828149,1510.3524488237867,1532.2249308599855,21.872482036198726,-34.99597125791796
match,43,2025-04-13T15:20:00,2025,5,St Kilda,Greater Western Sydney,82.0,110.0,loss,1503.7010930083125,1486.3915069310963,-17.30958607721618,1534.7284233634336,1517.2531206466463,-17.475302716787276,27.96048434685964
match,43,2025-04-13T15:20:00,2025,5,Greater Western Sydney,St Kilda,110.0,82.0,win,1591.213323498709,1608.5229095759253,17.30958607721618,1604.991861051036,1622.4671637678234,17.475302716787276,-27.96048434685964
match,44,2025-04-13T19:20:00,2025,5,Port Adelaide,Hawthorn,121.0,91.0,win,1504.820322180563,1527.9125261236227,23.092203943059733,1483.465973108806,1512.1130223574457,28.64704924863962,-45.83527879782339
match,44,2025-04-13T19:20:00,2025,5,Hawthorn,Port Adelaide,91.0,121.0,loss,1652.5297882914456,1629.4375843483858,-23.092203943059733,1659.0344984276287,1630.387449178989,-28.64704924863962,45.83527879782339
match,45,2025-04-17T19:30:00,2025,6,Brisbane Lions,Collingwood,53.0,105.0,loss,1735.3357303510134,1697.0663544576,-38.269375893413404,1626.754366701238,1583.596124280263,-43.15824242097501,69.05318787356
match,45,2025-04-17T19:30:00,2025,6,Collingwood,Brisbane Lions,105.0,53.0,win,1597.2868337620605,1635.5562096554738,38.269375893413404,1583.0664475441713,1626.2246899651464,43.15824242097501,-69.05318787356
match,46,2025-04-18T15:20:00,2025,6,North Melbourne,Carlton,71.0,153.0,loss,1224.8286470751248,1211.1935382921104,-13.63510878301436,1314.5359893654386,1275.3784392615244,-39.15755010391432,62.652080166262905
match,46,2025-04-18T15:20:00,2025,6,Carlton,North Melbourne,153.0,71.0,win,1507.440902276014,1521.0760110590284,13.63510878301436,1513.5221215903525,1552.6796716942667,39.15755010391432,-62.652080166262905
match,47,2025-04-18T18:10:00,2025,6,West Coast,Essendon,75.0,77.0,loss,1212.9341003043776,1211.5241158680942,-1.4099844362833904,1227.172744420329,1240.3285565498618,13.155812129532782,-21.04929940725245
match,47,2025-04-18T18:10:00,2025,6,Essendon,West Coast,77.0,75.0,win,1444.2525132073665,1445.6624976436499,1.4099844362833904,1450.8347404686788,1437.678928339146,-13.155812129532782,21.04929940725245
match,48,2025-04-19T13:20:00,2025,6,Melbourne,Fremantle,107.0,97.0,win,1405.1179182100043,1416.5602859423448,11.442367732340406,1369.7045827020377,1384.6283653418452,14.923782639807612,-23.87805222369218
match,48,2025-04-19T13:20:00,2025,6,Fremantle,Melbourne,97.0,107.0,loss,1548.8353754228488,1537.3930076905083,-11.442367732340406,1532.2249308599855,1517.301148220178,-14.923782639807612,23.87805222369218
match,49,2025-04-19T16:15:00,2025,6,Adelaide,Greater Western Sydney,52.0,34.0,win,1509.8084209418557,1525.0256332190959,15.217212277240211,1562.6576669730018,1572.9523072975164,10.294640324514527,-16.47142451922324
match,49,2025-04-19T16:15:00,2025,6,Greater Western Sydney,Adelaide,34.0,52.0,loss,1608.5229095759253,1593.3056972986851,-15.217212277240211,1622.4671637678234,1612.1725234433088,-10.294640324514527,16.47142451922324
match,50,2025-04-19T19:35:00,2025,6,Richmond,Gold Coast,80.0,69.0,win,1227.123187259865,1242.7227937436478,15.599606483782756,1245.1197751737077,1272.9598219543616,27.840046780653985,-44.544074849046375
match,50,2025-04-19T19:35:00,2025,6,Gold Coast,Richmond,69.0,80.0,loss,1506.9916227795609,1491.3920162957781,-15.599606483782756,1538.7469408340169,1510.906894053363,-27.840046780653985,44.544074849046375
match,51,2025-04-20T15:20:00,2025,6,Sydney,Port Adelaide,77.0,85.0,loss,1617.9301978728922,1606.4494904991316,-11.480707373760605,1575.8335199658013,1558.297223315018,-17.536296650783335,28.058074641253334
match,51,2025-04-20T15:20:00,2025,6,Port Adelaide,Sydney,85.0,77.0,win,1527.9125261236227,1539.3932334973833,11.480707373760605,1512.1130223574457,1529.649319008229,17.536296650783335,-28.058074641253334
match,52,2025-04-20T19:20:00,2025,6,Western Bulldogs,St Kilda,127.0,56.0,win,1579.964295857751,1595.9916756617986,16.02737980404757,1549.9158683734095,1584.6662357740254,34.75036740061595,-55.60058784098552
match,52,2025-04-20T19:20:00,2025,6,St Kilda,Western Bulldogs,56.0,127.0,loss,1486.3915069310963,1470.3641271270487,-16.02737980404757,1517.2531206466463,1482.5027532460304,-34.75036740061595,55.60058784098552
match,53,2025-04-21T15:20:00,2025,6,Geelong,Hawthorn,86.0,79.0,win,1629.8859460144547,1635.681692420895,5.7957464064401725,1627.6895504382155,1625.754978445163,-1.9345719930524798,3.0953151888839674
match,53,2025-04-21T15:20:00,2025,6,Hawthorn,Geelong,79.0,86.0,loss,1629.4375843483858,1623.6418379419456,-5.7957464064401725,1630.387449178989,1632.3220211720416,1.9345719930524798,-3.0953151888839674
match,54,2025-04-24T19:30:00,2025,7,Melbourne,Richmond,83.0,63.0,win,1416.5602859423448,1422.4774531292096,5.917167186864857,1384.6283653418452,1380.0969393992686,-4.531425942576591,7.250281508122544
match,54,2025-04-24T19:30:00,2025,7,Richmond,Melbourne,63.0,83.0,loss,1242.7227937436478,1236.805626556783,-5.917167186864857,1272.9598219543616,1277.4912478969381,4.531425942576591,-7.250281508122544
match,55,2025-04-25T15:20:00,2025,7,Collingwood,Essendon,107.0,66.0,win,1635.5562096554738,1643.6984341545406,8.142224499066778,1626.2246899651464,1627.6110248127088,1.386334847562476,-2.2181357560999615
match,55,2025-04-25T15:20:00,2025,7,Essendon,Collingwood,66.0,107.0,loss,1445.6624976436499,1437.5202731445831,-8.142224499066778,1437.678928339146,1436.2925934915836,-1.386334847562476,2.2181357560999615
match,56,2025-04-25T20:10:00,2025,7,Fremantle,Adelaide,85.0,67.0,win,1537.3930076905083,1548.1793092165804,10.786301526072076,1517.301148220178,1527.2059443836786,9.904796163500478,-15.847673861600764
match,56,2025-04-25T20:10:00,2025,7,Adelaide,Fremantle,67.0,85.0,loss,1525.0256332190959,1514.2393316930238,-10.786301526072076,1572.9523072975164,1563.0475111340158,-9.904796163500478,15.847673861600764
match,57,2025-04-26T13:20:00,2025,7,St Kilda,Brisbane Lions,73.0,118.0,loss,1470.3641271270487,1456.9278973093164,-13.436229817732292,1482.5027532460304,1457.2927567804898,-25.20999646554069,40.33599434486511
match,57,2025-04-26T13:20:00,2025,7,Brisbane Lions,St Kilda,118.0,73.0,win,1697.0663544576,1710.5025842753323,13.436229817732292,1583.596124280263,1608.8061207458036,25.20999646554069,-40.33599434486511
match,58,2025-04-26T16:15:00,2025,7,Port Adelaide,North Melbourne,97.0,88.0,win,1539.3932334973833,1541.0016923709397,1.6084588735564174,1529.649319008229,1504.8739240319753,-24.77539497625356,39.64063196200569
match,58,2025-04-26T16:15:00,2025,7,North Melbourne,Port Adelaide,88.0,97.0,loss,1211.1935382921104,1209.585079418554,-1.6084588735564174,1275.3784392615244,1300.153834237778,24.77539497625356,-39.64063196200569
match,59,2025-04-26T19:35:00,2025,7,Greater Western Sydney,Western Bulldogs,81.0,113.0,loss,1593.3056972986851,1569.962185359675,-23.343511939010035,1612.1725234433088,1583.0313089743136,-29.141214468995322,46.625943150392516
match,59,2025-04-26T19:35:00,2025,7,Western Bulldogs,Greater Western Sydney,113.0,81.0,win,1595.9916756617986,1619.3351876008087,23.343511939010035,1584.6662357740254,1613.8074502430206,29.141214468995322,-46.625943150392516
match,60,2025-04-27T13:15:00,2025,7,Gold Coast,Sydney,117.0,79.0,win,1491.3920162957781,1515.5712974803068,24.17928118452864,1510.906894053363,1532.537237421643,21.63034336828017,-34.60854938924827
match,60,2025-04-27T13:15:00,2025,7,Sydney,Gold Coast,79.0,117.0,loss,1606.4494904991316,1582.2702093146029,-24.17928118452864,1558.297223315018,1536.666879946738,-21.63034336828017,34.60854938924827
match,61,2025-04-27T15:20:00,2025,7,Carlton,Geelong,94.0,76.0,win,1521.0760110590284,1536.9290023492122,15.852991290183745,1552.6796716942667,1564.2179817021633,11.538310007896525,-18.461296012634442
match,61,2025-04-27T15:20:00,2025,7,Geelong,Carlton,76.0,94.0,loss,1635.681692420895,1619.8287011307111,-15.852991290183745,1625.754978445163,1614.2166684372664,-11.538310007896525,18.461296012634442
match,62,2025-04-27T16:45:00,2025,7,Hawthorn,West Coast,124.0,74.0,win,1623.6418379419456,1626.512633440301,2.870795498355457,1632.3220211720416,1620.260133863712,-12.061887308329355,19.29901969332697
match,62,2025-04-27T16:45:00,2025,7,West Coast,Hawthorn,74.0,124.0,loss,1211.5241158680942,1208.6533203697388,-2.870795498355457,1240.3285565498618,1252.3904438581912,12.061887308329355,-19.29901969332697
match,63,2025-05-01T19:30:00,2025,8,Essendon,North Melbourne,65.0,62.0,win,1437.5202731445831,1438.6129162868526,1.0926431422693816,1436.2925934915836,1418.8420848115393,-17.450508680044273,27.920813888070835
match,63,2025-05-01T19:30:00,2025,8,North Melbourne,Essendon,62.0,65.0,loss,1209.585079418554,1208.4924362762845,-1.0926431422693816,1300.153834237778,1317.6043429178224,17.450508680044273,-27.920813888070835
match,64,2025-05-02T19:40:00,2025,8,St Kilda,Fremantle,94.0,33.0,win,1456.9278973093164,1485.3251436673531,28.39724635803663,1457.2927567804898,1495.4096181182888,38.11686133779895,-60.98697814047832
match,64,2025-05-02T19:40:00,2025,8,Fremantle,St Kilda,33.0,94.0,loss,1548.1793092165804,1519.7820628585437,-28.39724635803663,1527.2059443836786,1489.0890830458795,-38.11686133779895,60.98697814047832
match,65,2025-05-03T13:20:00,2025,8,Western Bulldogs,Port Adelaide,131.0,41.0,win,1619.3351876008087,1637.2524092600297,17.917221659220925,1613.8074502430206,1653.2824321607352,39.4749819177145,-63.159971068343204
match,65,2025-05-03T13:20:00,2025,8,Port Adelaide,Western Bulldogs,41.0,131.0,loss,1541.0016923709397,1523.0844707117187,-17.917221659220925,1504.8739240319753,1465.3989421142608,-39.4749819177145,63.159971068343204
match,66,2025-05-03T16:15:00,2025,8,Adelaide,Carlton,110.0,50.0,win,1514.2393316930238,1537.2123285429038,22.972996849879998,1563.0475111340158,1594.0947427497797,31.047231615763828,-49.675570585222125
match,66,2025-05-03T16:15:00,2025,8,Carlton,Adelaide,50.0,110.0,loss,1536.9290023492122,1513.9560054993322,-22.972996849879998,1564.2179817021633,1533.1707500863995,-31.047231615763828,49.675570585222125
match,67,2025-05-03T19:35:00,2025,8,Collingwood,Geelong,87.0,90.0,loss,1643.6984341545406,1639.1712639940517,-4.527170160488733,1627.6110248127088,1617.9178039025112,-9.693220910197724,15.509153456316357
match,67,2025-05-03T19:35:00,2025,8,Geelong,Collingwood,90.0,87.0,win,1619.8287011307111,1624.3558712912,4.527170160488733,1614.2166684372664,1623.909889347464,9.693220910197724,-15.509153456316357
match,68,2025-05-03T19:35:00,2025,8,West Coast,Melbourne,76.0,108.0,loss,1208.6533203697388,1196.7367883231693,-11.916532046569435,1252.3904438581912,1237.8004278151673,-14.590016043023994,23.34402566883839
match,68,2025-05-03T19:35:00,2025,8,Melbourne,West Coast,108.0,76.0,win,1422.4774531292096,1434.393985175779,11.916532046569435,1380.0969393992686,1394.6869554422926,14.590016043023994,-23.34402566883839
match,69,2025-05-04T13:10:00,2025,8,Sydney,Greater Western Sydney,87.0,73.0,win,1582.2702093146029,1591.4435584408034,9.173349126200465,1536.666879946738,1543.201045168073,6.534165221335215,-10.454664354136344
match,69,2025-05-04T13:10:00,2025,8,Greater Western Sydney,Sydney,73.0,87.0,loss,1569.962185359675,1560.7888362334745,-9.173349126200465,1583.0313089743136,1576.4971437529784,-6.534165221335215,10.454664354136344
match,70,2025-05-04T15:20:00,2025,8,Hawthorn,Richmond,109.0,44.0,win,1626.512633440301,1630.1560497965288,3.6434163562278115,1620.260133863712,1622.188050804327,1.9279169406149421,-3.0846671049839074
match,70,2025-05-04T15:20:00,2025,8,Richmond,Hawthorn,44.0,109.0,loss,1236.805626556783,1233.1622102005551,-3.6434163562278115,1277.4912478969381,1275.5633309563232,-1.9279169406149421,3.0846671049839074
match,71,2025-05-04T19:20:00,2025,8,Brisbane Lions,Gold Coast,66.0,49.0,win,1710.5025842753323,1715.3498964593489,4.847312184016632,1608.8061207458036,1605.7184129341636,-3.0877078116400436,4.94033249862407
match,71,2025-05-04T19:20:00,2025,8,Gold Coast,Brisbane Lions,49.0,66.0,loss,1515.5712974803068,1510.7239852962903,-4.847312184016632,1532.537237421643,1535.6249452332831,3.0877078116400436,-4.94033249862407
match,72,2025-05-08T20:10:00,2025,9,Fremantle,Collingwood,83.0,97.0,loss,1519.7820628585437,1509.516621760831,-10.26544109771274,1489.0890830458795,1485.8542756261888,-3.2348074196907817,5.175691871505251
match,72,2025-05-08T20:10:00,2025,9,Collingwood,Fremantle,97.0,83.0,win,1639.1712639940517,1649.4367050917645,10.26544109771274,1617.9178039025112,1621.152611322202,3.2348074196907817,-5.175691871505251
match,73,2025-05-09T19:40:00,2025,9,St Kilda,Carlton,62.0,77.0,loss,1485.3251436673531,1471.3318440880485,-13.99329957930457,1495.4096181182888,1483.0122242402992,-12.397393877989622,19.835830204783395
match,73,2025-05-09T19:40:00,2025,9,Carlton,St Kilda,77.0,62.0,win,1513.9560054993322,1527.9493050786368,13.99329957930457,1533.1707500863995,1545.568143964389,12.397393877989622,-19.835830204783395
match,74,2025-05-10T13:20:00,2025,9,Melbourne,Hawthorn,56.0,91.0,loss,1434.393985175779,1420.982917820018,-13.411067355761205,1394.6869554422926,1387.5776831324833,-7.109272309809272,11.374835695694834
match,74,2025-05-10T13:20:00,2025,9,Hawthorn,Melbourne,91.0,56.0,win,1630.1560497965288,1643.56711715229,13.411067355761205,1622.188050804327,1629.2973231141364,7.109272309809272,-11.374835695694834
match,75,2025-05-10T16:15:00,2025,9,Essendon,Sydney,71.0,63.0,win,1438.6129162868526,1448.5161709620966,9.90325467524404,1418.8420848115393,1428.9382373449644,10.09615253342504,-16.153844053480064
match,75,2025-05-10T16:15:00,2025,9,Sydney,Essendon,63.0,71.0,loss,1591.4435584408034,1581.5403037655594,-9.90325467524404,1543.201045168073,1533.104892634648,-10.09615253342504,16.153844053480064
match,76,2025-05-10T19:35:00,2025,9,Gold Coast,Western Bulldogs,106.0,96.0,win,1510.7239852962903,1521.7142886675974,10.990303371307233,1535.6249452332831,1546.3428346327319,10.71788939944863,-17.14862303911781
match,76,2025-05-10T19:35:00,2025,9,Western Bulldogs,Gold Coast,96.0,106.0,loss,1637.2524092600297,1626.2621058887225,-10.990303371307233,1653.2824321607352,1642.5645427612865,-10.71788939944863,17.14862303911781
match,77,2025-05-10T20:10:00,2025,9,Port Adelaide,Adelaide,84.0,89.0,loss,1523.0844707117187,1516.665743672776,-6.4187270389427376,1465.3989421142608,1467.7766734238407,2.3777313095799,-3.8043700953278403
match,77,2025-05-10T20:10:00,2025,9,Adelaide,Port Adelaide,89.0,84.0,win,1537.2123285429038,1543.6310555818466,6.4187270389427376,1594.0947427497797,1591.7170114401997,-2.3777313095799,3.8043700953278403
match,78,2025-05-11T13:10:00,2025,9,Richmond,West Coast,81.0,79.0,win,1233.1622102005551,1234.912012493837,1.7498022932818553,1275.5633309563232,1266.7105587868398,-8.852772169483364,14.164435471173384
match,78,2025-05-11T13:10:00,2025,9,West Coast,Richmond,79.0,81.0,loss,1196.7367883231693,1194.9869860298875,-1.7498022932818553,1237.8004278151673,1246.6531999846507,8.852772169483364,-14.164435471173384
match,79,2025-05-11T15:20:00,2025,9,Geelong,Greater Western Sydney,101.0,105.0,loss,1624.3558712912,1618.0778474283663,-6.278023862833666,1623.909889347464,1610.402444447981,-13.507444899483025,21.61191183917284
match,79,2025-05-11T15:20:00,2025,9,Greater Western Sydney,Geelong,105.0,101.0,win,1560.7888362334745,1567.0668600963081,6.278023862833666,1576.4971437529784,1590.0045886524615,13.507444899483025,-21.61191183917284
match,80,2025-05-11T16:40:00,2025,9,North Melbourne,Brisbane Lions,71.0,71.0,draw,1208.4924362762845,1208.4924362762845,0.0,1317.6043429178224,1338.0525369818542,20.448194064031988,-32.71711050245118
match,80,2025-05-11T16:40:00,2025,9,Brisbane Lions,North Melbourne,71.0,71.0,draw,1715.3498964593489,1715.3498964593489,-0.0,1605.7184129341636,1585.2702188701317,-20.448194064031988,32.71711050245118
match,81,2025-05-15T19:30:00,2025,10,Gold Coast,Hawthorn,104.0,96.0,win,1521.7142886675974,1530.9286174433864,9.214328775788893,1546.3428346327319,1552.5573179278636,6.214483295131672,-9.943173272210675
match,81,2025-05-15T19:30:00,2025,10,Hawthorn,Gold Coast,96.0,104.0,loss,1643.56711715229,1634.352788376501,-9.214328775788893,1629.2973231141364,1623.0828398190047,-6.214483295131672,9.943173272210675
match,82,2025-05-16T19:40:00,2025,10,Sydney,Carlton,78.0,62.0,win,1581.5403037655594,1590.1319617432816,8.591657977722212,1533.104892634648,1537.710822446811,4.605929812163225,-7.3694876994611604
match,82,2025-05-16T19:40:00,2025,10,Carlton,Sydney,62.0,78.0,loss,1527.9493050786368,1519.3576471009146,-8.591657977722212,1545.568143964389,1540.962214152226,-4.605929812163225,7.3694876994611604
match,83,2025-05-17T13:20:00,2025,10,Collingwood,Adelaide,78.0,68.0,win,1649.4367050917645,1654.4825969592448,5.045891867480422,1621.152611322202,1618.0805238332641,-3.0720874889377034,4.915339982300326
match,83,2025-05-17T13:20:00,2025,10,Adelaide,Collingwood,68.0,78.0,loss,1543.6310555818466,1538.5851637143662,-5.045891867480422,1591.7170114401997,1594.7890989291375,3.0720874889377034,-4.915339982300326
match,84,2025-05-17T16:15:00,2025,10,Greater Western Sydney,Fremantle,61.0,95.0,loss,1567.0668600963081,1539.7276932415564,-27.33916685475168,1590.0045886524615,1552.4279968062485,-37.57659184621306,60.1225469539409
match,84,2025-05-17T16:15:00,2025,10,Fremantle,Greater Western Sydney,95.0,61.0,win,1509.516621760831,1536.8557886155827,27.33916685475168,1485.8542756261888,1523.4308674724018,37.57659184621306,-60.1225469539409
match,85,2025-05-17T16:15:00,2025,10,Port Adelaide,Geelong,39.0,115.0,loss,1516.665743672776,1489.9354728668536,-26.730270805922274,1467.7766734238407,1427.085339457354,-40.69133396648685,65.10613434637897
match,85,2025-05-17T16:15:00,2025,10,Geelong,Port Adelaide,115.0,39.0,win,1618.0778474283663,1644.8081182342887,26.730270805922274,1610.402444447981,1651.0937784144678,40.69133396648685,-65.10613434637897
match,86,2025-05-17T19:35:00,2025,10,Western Bulldogs,Essendon,127.0,36.0,win,1626.2621058887225,1637.8841533964874,11.622047507764709,1642.5645427612865,1672.8495766285064,30.285033867219806,-48.456054187551686
match,86,2025-05-17T19:35:00,2025,10,Essendon,Western Bulldogs,36.0,127.0,loss,1448.5161709620966,1436.8941234543317,-11.622047507764709,1428.9382373449644,1398.6532034777445,-30.285033867219806,48.456054187551686
match,87,2025-05-18T13:10:00,2025,10,Richmond,North Melbourne,74.0,78.0,loss,1234.912012493837,1229.0747795416476,-5.837232952189416,1266.7105587868398,1264.3363692426224,-2.374189544217394,3.7987032707478305
match,87,2025-05-18T13:10:00,2025,10,North Melbourne,Richmond,78.0,74.0,win,1208.4924362762845,1214.329669228474,5.837232952189416,1338.0525369818542,1340.4267265260717,2.374189544217394,-3.7987032707478305
match,88,2025-05-18T15:20:00,2025,10,Brisbane Lions,Melbourne,88.0,99.0,loss,1715.3498964593489,1697.305004149661,-18.044892309687793,1585.2702188701317,1553.2990436447271,-31.97117522540453,51.15388036064724
match,88,2025-05-18T15:20:00,2025,10,Melbourne,Brisbane Lions,99.0,88.0,win,1420.982917820018,1439.0278101297058,18.044892309687793,1387.5776831324833,1419.5488583578879,31.97117522540453,-51.15388036064724
match,89,2025-05-18T16:40:00,2025,10,West Coast,St Kilda,108.0,80.0,win,1194.9869860298875,1222.924371252615,27.937385222727432,1246.6531999846507,1279.7493585086177,33.09615852396705,-52.95385363834728
match,89,2025-05-18T16:40:00,2025,10,St Kilda,West Coast,80.0,108.0,loss,1471.3318440880485,1443.394458865321,-27.937385222727432,1483.0122242402992,1449.9160657163322,-33.09615852396705,52.95385363834728
match,90,2025-05-22T19:30:00,2025,11,Geelong,Western Bulldogs,127.0,113.0,win,1644.8081182342887,1654.1573030828604,9.34918484857159,1651.0937784144678,1655.3208844970338,4.227106082566117,-6.763369732105787
match,90,2025-05-22T19:30:00,2025,11,Western Bulldogs,Geelong,113.0,127.0,loss,1637.8841533964874,1628.5349685479157,-9.34918484857159,1672.8495766285064,1668.6224705459404,-4.227106082566117,6.763369732105787
match,91,2025-05-23T19:40:00,2025,11,Essendon,Richmond,81.0,58.0,win,1436.8941234543317,1442.3741573853194,5.480033930987757,1398.6532034777445,1393.8735002682017,-4.779703209542694,7.64752513526831
match,91,2025-05-23T19:40:00,2025,11,Richmond,Essendon,58.0,81.0,loss,1229.0747795416476,1223.5947456106599,-5.480033930987757,1264.3363692426224,1269.116072452165,4.779703209542694,-7.64752513526831
match,92,2025-05-24T12:35:00,2025,11,Carlton,Greater Western Sydney,82.0,110.0,loss,1519.3576471009146,1498.5439162865075,-20.813730814407062,1540.962214152226,1517.9746312760406,-22.987582876185378,36.780132601896604
match,92,2025-05-24T12:35:00,2025,11,Greater Western Sydney,Carlton,110.0,82.0,win,1539.7276932415564,1560.5414240559635,20.813730814407062,1552.4279968062485,1575.4155796824339,22.987582876185378,-36.780132601896604
match,93,2025-05-24T16:15:00,2025,11,Hawthorn,Brisbane Lions,60.0,93.0,loss,1634.352788376501,1614.0335291145668,-20.319259261934036,1623.0828398190047,1589.3531089276662,-33.72973089133852,53.96756942614163
match,93,2025-05-24T16:15:00,2025,11,Brisbane Lions,Hawthorn,93.0,60.0,win,1697.305004149661,1717.6242634115952,20.319259261934036,1553.2990436447271,1587.0287745360656,33.72973089133852,-53.96756942614163
match,94,2025-05-24T19:35:00,2025,11,North Melbourne,Collingwood,63.0,108.0,loss,1214.329669228474,1209.388572688637,-4.941096539836918,1340.4267265260717,1331.769270023621,-8.657456502450707,13.85193040392113
match,94,2025-05-24T19:35:00,2025,11,Collingwood,North Melbourne,108.0,63.0,win,1654.4825969592448,1659.4236934990818,4.941096539836918,1618.0805238332641,1626.7379803357148,8.657456502450707,-13.85193040392113
match,95,2025-05-24T20:10:00,2025,11,Fremantle,Port Adelaide,100.0,51.0,win,1536.8557886155827,1553.2293132968014,16.373524681218658,1523.4308674724018,1538.4609742209911,15.030106748589262,-24.04817079774282
match,95,2025-05-24T20:10:00,2025,11,Port Adelaide,Fremantle,51.0,100.0,loss,1489.9354728668536,1473.561948185635,-16.373524681218658,1427.085339457354,1412.0552327087646,-15.030106748589262,24.04817079774282
match,96,2025-05-25T13:10:00,2025,11,Adelaide,West Coast,128.0,62.0,win,1538.5851637143662,1544.0107648204332,5.425601106066926,1594.7890989291375,1599.9416232647138,5.1525243355762695,-8.244038936922031
match,96,2025-05-25T13:10:00,2025,11,West Coast,Adelaide,62.0,128.0,loss,1222.924371252615,1217.498770146548,-5.425601106066926,1279.7493585086177,1274.5968341730413,-5.1525243355762695,8.244038936922031
match,97,2025-05-25T15:20:00,2025,11,Melbourne,Sydney,131.0,78.0,win,1439.0278101297058,1469.9199179480097,30.892107818303913,1419.5488583578879,1457.1890424912244,37.640184133336554,-60.224294613338486
match,97,2025-05-25T15:20:00,2025,11,Sydney,Melbourne,78.0,131.0,loss,1590.1319617432816,1559.2398539249778,-30.892107818303913,1537.710822446811,1500.0706383134745,-37.640184133336554,60.224294613338486
match,98,2025-05-25T16:40:00,2025,11,St Kilda,Gold Coast,61.0,80.0,loss,1443.394458865321,1429.5903647272326,-13.804094138088338,1449.9160657163322,1441.1011831111632,-8.81488260516894,14.103812168270304
match,98,2025-05-25T16:40:00,2025,11,Gold Coast,St Kilda,80.0,61.0,win,1530.9286174433864,1544.7327115814749,13.804094138088338,1552.5573179278636,1561.3722005330326,8.81488260516894,-14.103812168270304
match,99,2025-05-29T19:30:00,2025,12,Brisbane Lions,Essendon,90.0,72.0,win,1717.6242634115952,1721.0130889990157,3.3888255874205684,1587.0287745360656,1573.6079675734534,-13.420806962612238,21.473291140179583
match,99,2025-05-29T19:30:00,2025,12,Essendon,Brisbane Lions,72.0,90.0,loss,1442.3741573853194,1438.9853317978989,-3.3888255874205684,1393.8735002682017,1407.294307230814,13.420806962612238,-21.473291140179583
match,100,2025-05-30T19:40:00,2025,12,Collingwood,Hawthorn,107.0,56.0,win,1659.4236934990818,1676.2021730196002,16.778479520518385,1626.7379803357148,1648.5456486412104,21.80766830549544,-34.892269288792704
match,100,2025-05-30T19:40:00,2025,12,Hawthorn,Collingwood,56.0,107.0,loss,1614.0335291145668,1597.2550495940484,-16.778479520518385,1589.3531089276662,1567.5454406221706,-21.80766830549544,34.892269288792704
match,101,2025-05-31T13:20:00,2025,12,Gold Coast,Fremantle,64.0,75.0,loss,1544.7327115814749,1532.8278620855829,-11.904849495891982,1561.3722005330326,1545.7867730662788,-15.585427466753881,24.936683946806212
match,101,2025-05-31T13:20:00,2025,12,Fremantle,Gold Coast,75.0,64.0,win,1553.2293132968014,1565.1341627926934,11.904849495891982,1538.4609742209911,1554.046401687745,15.585427466753881,-24.936683946806212
match,102,2025-05-31T16:15:00,2025,12,Greater Western Sydney,Richmond,80.0,77.0,win,1560.5414240559635,1561.1694426566698,0.6280186007064089,1575.4155796824339,1542.0125008795962,-33.4030788028377,53.44492608454031
match,102,2025-05-31T16:15:00,2025,12,Richmond,Greater Western Sydney,77.0,80.0,loss,1223.5947456106599,1222.9667270099535,-0.6280186007064089,1269.116072452165,1302.5191512550027,33.4030788028377,-53.44492608454031
match,103,2025-05-31T19:35:00,2025,12,Sydney,Adelaide,41.0,131.0,loss,1559.2398539249778,1522.0247324704712,-37.21512145450662,1500.0706383134745,1446.6210431526533,-53.44959516082132,85.51935225731411
match,103,2025-05-31T19:35:00,2025,12,Adelaide,Sydney,131.0,41.0,win,1544.0107648204332,1581.2258862749397,37.21512145450662,1599.9416232647138,1653.391218425535,53.44959516082132,-85.51935225731411
match,104,2025-06-01T15:20:00,2025,12,Melbourne,St Kilda,63.0,91.0,loss,1469.9199179480097,1446.0911528361496,-23.82876511186006,1457.1890424912244,1431.6183056743437,-25.57073681688074,40.91317890700918
match,104,2025-06-01T15:20:00,2025,12,St Kilda,Melbourne,91.0,63.0,win,1429.5903647272326,1453.4191298390926,23.82876511186006,1441.1011831111632,1466.671919928044,25.57073681688074,-40.91317890700918
match,105,2025-06-01T19:20:00,2025,12,West Coast,Geelong,73.0,116.0,loss,1217.498770146548,1212.577432247768,-4.921337898779892,1274.5968341730413,1276.8522138909157,2.2553797178742974,-3.608607548598876
match,105,2025-06-01T19:20:00,2025,12,Geelong,West Coast,116.0,73.0,win,1654.1573030828604,1659.0786409816403,4.921337898779892,1655.3208844970338,1653.0655047791595,-2.2553797178742974,3.608607548598876
match,106,2025-06-05T19:30:00,2025,13,Western Bulldogs,Hawthorn,59.0,81.0,loss,1628.5349685479157,1608.151132645056,-20.383835902859694,1668.6224705459404,1638.833998990587,-29.788471555353407,47.66155448856546
match,106,2025-06-05T19:30:00,2025,13,Hawthorn,Western Bulldogs,81.0,59.0,win,1597.2550495940484,1617.6388854969082,20.383835902859694,1567.5454406221706,1597.333912177524,29.788471555353407,-47.66155448856546
match,107,2025-06-06T19:40:00,2025,13,Adelaide,Brisbane Lions,68.0,63.0,win,1581.2258862749397,1587.8592148593807,6.633328584440947,1653.391218425535,1642.4740386581525,-10.917179767382656,17.46748762781225
match,107,2025-06-06T19:40:00,2025,13,Brisbane Lions,Adelaide,63.0,68.0,loss,1721.0130889990157,1714.3797604145748,-6.633328584440947,1573.6079675734534,1584.525147340836,10.917179767382656,-17.46748762781225
match,108,2025-06-07T13:20:00,2025,13,Richmond,Sydney,36.0,80.0,loss,1222.9667270099535,1213.2473694431055,-9.71935756684791,1302.5191512550027,1281.9662036204074,-20.55294763459526,32.88471621535241
match,108,2025-06-07T13:20:00,2025,13,Sydney,Richmond,80.0,36.0,win,1522.0247324704712,1531.7440900373192,9.71935756684791,1446.6210431526533,1467.1739907872486,20.55294763459526,-32.88471621535241
match,109,2025-06-07T16:15:00,2025,13,Geelong,Gold Coast,61.0,37.0,win,1659.0786409816403,1667.2397673196638,8.161126338023495,1653.0655047791595,1651.445623681077,-1.619881098082565,2.591809756932104
match,109,2025-06-07T16:15:00,2025,13,Gold Coast,Geelong,37.0,61.0,loss,1532.8278620855829,1524.6667357475594,-8.161126338023495,1545.7867730662788,1547.4066541643613,1.619881098082565,-2.591809756932104
match,110,2025-06-07T19:35:00,2025,13,Greater Western Sydney,Port Adelaide,50.0,66.0,loss,1561.1694426566698,1542.5802435631392,-18.589199093530727,1542.0125008795962,1513.2665069885809,-28.745993891015463,45.99359022562474
match,110,2025-06-07T19:35:00,2025,13,Port Adelaide,Greater Western Sydney,66.0,50.0,win,1473.561948185635,1492.1511472791656,18.589199093530727,1412.0552327087646,1440.80122659978,28.745993891015463,-45.99359022562474
match,111,2025-06-08T15:20:00,2025,13,North Melbourne,West Coast,62.0,52.0,win,1209.388572688637,1217.054727239985,7.6661545513479075,1331.769270023621,1326.30829601118,-5.4609740124411195,8.737558419905792
match,111,2025-06-08T15:20:00,2025,13,West Coast,North Melbourne,52.0,62.0,loss,1212.577432247768,1204.91127769642,-7.6661545513479075,1276.8522138909157,1282.3131879033567,5.4609740124411195,-8.737558419905792
match,112,2025-06-08T19:20:00,2025,13,Carlton,Essendon,78.0,70.0,win,1498.5439162865075,1503.7080560184456,5.164139731938124,1517.9746312760406,1506.0358508968006,-11.938780379239992,19.10204860678399
match,112,2025-06-08T19:20:00,2025,13,Essendon,Carlton,70.0,78.0,loss,1438.9853317978989,1433.8211920659608,-5.164139731938124,1407.294307230814,1419.2330876100539,11.938780379239992,-19.10204860678399
match,113,2025-06-09T15:20:00,2025,13,Melbourne,Collingwood,71.0,72.0,loss,1446.0911528361496,1445.3503935728454,-0.740759263304195,1431.6183056743437,1444.7677440774874,13.149438403143753,-21.039101445030006
match,113,2025-06-09T15:20:00,2025,13,Collingwood,Melbourne,72.0,71.0,win,1676.2021730196002,1676.9429322829044,0.740759263304195,1648.5456486412104,1635.3962102380667,-13.149438403143753,21.039101445030006
match,114,2025-06-12T19:30:00,2025,14,St Kilda,Western Bulldogs,60.0,132.0,loss,1453.4191298390926,1431.5608453715438,-21.85828446754884,1466.671919928044,1431.2496148401574,-35.4223050878866,56.67568814061856
match,114,2025-06-12T19:30:00,2025,14,Western Bulldogs,St Kilda,132.0,60.0,win,1608.151132645056,1630.0094171126048,21.85828446754884,1638.833998990587,1674.2563040784735,35.4223050878866,-56.67568814061856
match,115,2025-06-13T19:40:00,2025,14,Hawthorn,Adelaide,47.0,44.0,win,1617.6388854969082,1620.2197074567016,2.5808219597933304,1597.333912177524,1596.878299035083,-0.45561314244108775,0.7289810279057405
match,115,2025-06-13T19:40:00,2025,14,Adelaide,Hawthorn,44.0,47.0,loss,1587.8592148593807,1585.2783928995873,-2.5808219597933304,1642.4740386581525,1642.9296518005935,0.45561314244108775,-0.7289810279057405
match,116,2025-06-14T13:20:00,2025,14,Brisbane Lions,Greater Western Sydney,96.0,107.0,loss,1714.3797604145748,1698.1534161329996,-16.226344281575134,1584.525147340836,1564.407149807812,-20.11799753302391,32.188796052838256
match,116,2025-06-14T13:20:00,2025,14,Greater Western Sydney,Brisbane Lions,107.0,96.0,win,1542.5802435631392,1558.8065878447144,16.226344281575134,1513.2665069885809,1533.3845045216049,20.11799753302391,-32.188796052838256
match,117,2025-06-14T16:15:00,2025,14,Essendon,Geelong,56.0,151.0,loss,1433.8211920659608,1416.975810773268,-16.84538129269285,1419.2330876100539,1375.0655128667122,-44.16757474334158,70.66811958934653
match,117,2025-06-14T16:15:00,2025,14,Geelong,Essendon,151.0,56.0,win,1667.2397673196638,1684.0851486123565,16.84538129269285,1651.445623681077,1695.6131984244187,44.16757474334158,-70.66811958934653
match,118,2025-06-14T19:35:00,2025,14,North Melbourne,Fremantle,67.0,73.0,loss,1217.054727239985,1214.9001238904068,-2.1546033495782213,1326.30829601118,1337.346243418358,11.037947407177972,-17.660715851484756
match,118,2025-06-14T19:35:00,2025,14,Fremantle,North Melbourne,73.0,67.0,win,1565.1341627926934,1567.2887661422715,2.1546033495782213,1554.046401687745,1543.0084542805669,-11.037947407177972,17.660715851484756
match,119,2025-06-15T15:20:00,2025,14,Port Adelaide,Melbourne,93.0,68.0,win,1492.1511472791656,1503.7128632127647,11.561715933599068,1440.80122659978,1450.2355876133151,9.434361013535067,-15.094977621656108
match,119,2025-06-15T15:20:00,2025,14,Melbourne,Port Adelaide,68.0,93.0,loss,1445.3503935728454,1433.7886776392463,-11.561715933599068,1444.7677440774874,1435.3333830639522,-9.434361013535067,15.094977621656108
match,120,2025-06-15T18:10:00,2025,14,West Coast,Carlton,52.0,86.0,loss,1204.91127769642,1196.362093241643,-8.549184454777187,1282.3131879033567,1275.4746875589922,-6.838500344364633,10.941600550983413
match,120,2025-06-15T18:10:00,2025,14,Carlton,West Coast,86.0,52.0,win,1503.7080560184456,1512.2572404732227,8.549184454777187,1506.0358508968006,1512.8743512411652,6.838500344364633,-10.941600550983413
match,121,2025-06-19T20:10:00,2025,15,Fremantle,Essendon,104.0,63.0,win,1567.2887661422715,1577.057050273111,9.768284130839387,1543.0084542805669,1546.326303523018,3.3178492424511274,-5.308558787921804
match,121,2025-06-19T20:10:00,2025,15,Essendon,Fremantle,63.0,104.0,loss,1416.975810773268,1407.2075266424285,-9.768284130839387,1375.0655128667122,1371.7476636242611,-3.3178492424511274,5.308558787921804
match,122,2025-06-20T19:40:00,2025,15,Geelong,Brisbane Lions,51.0,92.0,loss,1684.0851486123565,1658.2896912080278,-25.795457404328683,1695.6131984244187,1651.1251313666119,-44.48806705780688,71.18090729249101
match,122,2025-06-20T19:40:00,2025,15,Brisbane Lions,Geelong,92.0,51.0,win,1698.1534161329996,1723.9488735373284,25.795457404328683,1564.407149807812,1608.8952168656187,44.48806705780688,-71.18090729249101
match,123,2025-06-21T13:20:00,2025,15,Carlton,North Melbourne,73.0,84.0,loss,1512.2572404732227,1494.1786137735069,-18.078626699715826,1512.8743512411652,1482.981091132777,-29.893260108388176,47.82921617342108
match,123,2025-06-21T13:20:00,2025,15,North Melbourne,Carlton,84.0,73.0,win,1214.9001238904068,1232.9787505901227,18.078626699715826,1337.346243418358,1367.2395035267461,29.893260108388176,-47.82921617342108
match,124,2025-06-21T16:15:00,2025,15,Port Adelaide,Sydney,52.0,71.0,loss,1503.7128632127647,1487.4282086991125,-16.28465451365223,1450.2355876133151,1433.3860629108715,-16.849524702443738,26.95923952390998
match,124,2025-06-21T16:15:00,2025,15,Sydney,Port Adelaide,71.0,52.0,win,1531.7440900373192,1548.0287445509714,16.28465451365223,1467.1739907872486,1484.0235154896923,16.849524702443738,-26.95923952390998
match,125,2025-06-21T19:35:00,2025,15,Collingwood,St Kilda,108.0,74.0,win,1676.9429322829044,1682.6061623849619,5.663230102057397,1635.3962102380667,1630.9449669195128,-4.451243318553999,7.121989309686398
match,125,2025-06-21T19:35:00,2025,15,St Kilda,Collingwood,74.0,108.0,loss,1431.5608453715438,1425.8976152694863,-5.663230102057397,1431.2496148401574,1435.7008581587113,4.451243318553999,-7.121989309686398
match,126,2025-06-22T13:10:00,2025,15,Greater Western Sydney,Gold Coast,106.0,99.0,win,1558.8065878447144,1563.942746931821,5.136159087106448,1533.3845045216049,1532.5115810506134,-0.8729234709915868,1.3966775535865388
match,126,2025-06-22T13:10:00,2025,15,Gold Coast,Greater Western Sydney,99.0,106.0,loss,1524.6667357475594,1519.5305766604529,-5.136159087106448,1547.4066541643613,1548.2795776353528,0.8729234709915868,-1.3966775535865388
match,127,2025-06-22T15:20:00,2025,15,Western Bulldogs,Richmond,135.0,56.0,win,1630.0094171126048,1633.4248426919605,3.415425579355774,1674.2563040784735,1680.2916071605298,6.035303082056309,-9.656484931290095
match,127,2025-06-22T15:20:00,2025,15,Richmond,Western Bulldogs,56.0,135.0,loss,1213.2473694431055,1209.8319438637498,-3.415425579355774,1281.9662036204074,1275.9309005383511,-6.035303082056309,9.656484931290095
match,133,2025-06-26T19:30:00,2025,16,Port Adelaide,Carlton,110.0,60.0,win,1487.4282086991125,1507.4871231073728,20.05891440826026,1433.3860629108715,1462.7230968066751,29.337033895803643,-46.93925423328583
match,133,2025-06-26T19:30:00,2025,16,Carlton,Port Adelaide,60.0,110.0,loss,1494.1786137735069,1474.1196993652466,-20.05891440826026,1482.981091132777,1453.6440572369734,-29.337033895803643,46.93925423328583
match,132,2025-06-27T19:40:00,2025,16,Sydney,Western Bulldogs,96.0,105.0,loss,1548.0287445509714,1539.653228241879,-8.375516309092243,1484.0235154896923,1490.2361490838332,6.212633594141017,-9.940213750625627
match,132,2025-06-27T19:40:00,2025,16,Western Bulldogs,Sydney,105.0,96.0,win,1633.4248426919605,1641.8003590010528,8.375516309092243,1680.2916071605298,1674.0789735663889,-6.212633594141017,9.940213750625627
match,129,2025-06-28T13:20:00,2025,16,Gold Coast,Melbourne,104.0,85.0,win,1519.5305766604529,1527.9552943007466,8.42471764029375,1548.2795776353528,1543.0033718942839,-5.276205741068806,8.44192918571009
match,129,2025-06-28T13:20:00,2025,16,Melbourne,Gold Coast,85.0,104.0,loss,1433.7886776392463,1425.3639599989526,-8.42471764029375,1435.3333830639522,1440.609588805021,5.276205741068806,-8.44192918571009
match,130,2025-06-28T16:15:00,2025,16,Hawthorn,North Melbourne,150.0,65.0,win,1620.2197074567016,1624.2457955024363,4.026088045734586,1596.878299035083,1621.9121619561765,25.033862921093416,-40.054180673749464
match,130,2025-06-28T16:15:00,2025,16,North Melbourne,Hawthorn,65.0,150.0,loss,1232.9787505901227,1228.952662544388,-4.026088045734586,1367.2395035267461,1342.2056406056527,-25.033862921093416,40.054180673749464
match,128,2025-06-28T19:35:00,2025,16,Collingwood,West Coast,88.0,59.0,win,1682.6061623849619,1684.0589419320922,1.452779547130429,1630.9449669195128,1609.182128229464,-21.762838690048806,34.82054190407809
match,128,2025-06-28T19:35:00,2025,16,West Coast,Collingwood,59.0,88.0,loss,1196.362093241643,1194.9093136945125,-1.452779547130429,1275.4746875589922,1297.237526249041,21.762838690048806,-34.82054190407809
match,131,2025-06-29T15:20:00,2025,16,Richmond,Adelaide,54.0,122.0,loss,1209.8319438637498,1201.5861206052589,-8.245823258490864,1275.9309005383511,1261.2745334691863,-14.656367069164773,23.450187310663637
match,131,2025-06-29T15:20:00,2025,16,Adelaide,Richmond,122.0,54.0,win,1585.2783928995873,1593.5242161580782,8.245823258490864,1642.9296518005935,1657.5860188697584,14.656367069164773,-23.450187310663637
match,134,2025-06-29T17:10:00,2025,16,Fremantle,St Kilda,81.0,69.0,win,1577.057050273111,1581.766377208197,4.709326935086079,1546.326303523018,1536.8926680201141,-9.433635502903748,15.093816804645996
match,134,2025-06-29T17:10:00,2025,16,St Kilda,Fremantle,69.0,81.0,loss,1425.8976152694863,1421.1882883344003,-4.709326935086079,1435.7008581587113,1445.1344936616151,9.433635502903748,-15.093816804645996
match,139,2025-07-03T19:30:00,2025,17,North Melbourne,Western Bulldogs,85.0,134.0,loss,1228.952662544388,1223.0392675206272,-5.913395023760813,1342.2056406056527,1336.1312655707218,-6.074375034930983,9.719000055889573
match,139,2025-07-03T19:30:00,2025,17,Western Bulldogs,North Melbourne,134.0,85.0,win,1641.8003590010528,1647.7137540248136,5.913395023760813,1674.0789735663889,1680.1533486013197,6.074375034930983,-9.719000055889573
match,136,2025-07-04T19:20:00,2025,17,Carlton,Collingwood,59.0,115.0,loss,1474.1196993652466,1458.205083346359,-15.914616018887392,1453.6440572369734,1426.6632513925194,-26.980805844453993,43.169289351126395
match,136,2025-07-04T19:20:00,2025,17,Collingwood,Carlton,115.0,59.0,win,1684.0589419320922,1699.9735579509797,15.914616018887392,1609.182128229464,1636.162934073918,26.980805844453993,-43.169289351126395
match,143,2025-07-04T20:20:00,2025,17,West Coast,Greater Western Sydney,52.0,111.0,loss,1194.9093136945125,1186.9082965532864,-8.00101714122617,1297.237526249041,1275.8569688866883,-21.380557362352583,34.20889177976413
match,143,2025-07-04T20:20:00,2025,17,Greater Western Sydney,West Coast,111.0,52.0,win,1563.942746931821,1571.943764073047,8.00101714122617,1532.5115810506134,1553.892138412966,21.380557362352583,-34.20889177976413
match,137,2025-07-05T12:35:00,2025,17,Essendon,Gold Coast,74.0,115.0,loss,1407.2075266424285,1388.1888223107726,-19.018704331655872,1371.7476636242611,1355.6153862745757,-16.13227734968537,25.81164375949659
match,137,2025-07-05T12:35:00,2025,17,Gold Coast,Essendon,115.0,74.0,win,1527.9552943007466,1546.9739986324025,19.018704331655872,1543.0033718942839,1559.1356492439693,16.13227734968537,-25.81164375949659
match,138,2025-07-05T16:15:00,2025,17,Geelong,Richmond,124.0,52.0,win,1658.2896912080278,1660.9329410920266,2.643249883998816,1651.1251313666119,1653.0141378137282,1.8890064471163548,-3.0224103153861677
match,138,2025-07-05T16:15:00,2025,17,Richmond,Geelong,52.0,124.0,loss,1201.5861206052589,1198.94287072126,-2.643249883998816,1261.2745334691863,1259.38552702207,-1.8890064471163548,3.0224103153861677
match,135,2025-07-05T19:35:00,2025,17,Brisbane Lions,Port Adelaide,120.0,92.0,win,1723.9488735373284,1729.827015215363,5.878141678034589,1608.8952168656187,1606.1290806100928,-2.7661362555259617,4.425818008841539
match,135,2025-07-05T19:35:00,2025,17,Port Adelaide,Brisbane Lions,92.0,120.0,loss,1507.4871231073728,1501.6089814293382,-5.878141678034589,1462.7230968066751,1465.489233062201,2.7661362555259617,-4.425818008841539
match,140,2025-07-05T19:40:00,2025,17,St Kilda,Hawthorn,74.0,94.0,loss,1421.1882883344003,1411.6675515285183,-9.520736805882107,1445.1344936616151,1442.6449000642303,-2.4895935973848693,3.983349755815791
match,140,2025-07-05T19:40:00,2025,17,Hawthorn,St Kilda,94.0,74.0,win,1624.2457955024363,1633.7665323083183,9.520736805882107,1621.9121619561765,1624.4017555535613,2.4895935973848693,-3.983349755815791
match,141,2025-07-06T13:10:00,2025,17,Sydney,Fremantle,94.0,83.0,win,1539.653228241879,1548.9719858568842,9.318757615005053,1490.2361490838332,1494.9226977341095,4.686548650276337,-7.498477840442138
match,141,2025-07-06T13:10:00,2025,17,Fremantle,Sydney,83.0,94.0,loss,1581.766377208197,1572.4476195931918,-9.318757615005053,1536.8926680201141,1532.2061193698378,-4.686548650276337,7.498477840442138
match,142,2025-07-06T15:20:00,2025,17,Adelaide,Melbourne,90.0,77.0,win,1593.5242161580782,1598.1291532690527,4.604937110974596,1657.5860188697584,1638.8069785511893,-18.779040318569123,30.046464509710596
match,142,2025-07-06T15:20:00,2025,17,Melbourne,Adelaide,77.0,90.0,loss,1425.3639599989526,1420.759022887978,-4.604937110974596,1440.609588805021,1459.3886291235901,18.779040318569123,-30.046464509710596
match,144,2025-07-10T19:30:00,2025,18,Carlton,Brisbane Lions,66.0,103.0,loss,1458.205083346359,1448.1239383764105,-10.081144969948603,1426.6632513925194,1413.800672881667,-12.862578510852495,20.58012561736399
match,144,2025-07-10T19:30:00,2025,18,Brisbane Lions,Carlton,103.0,66.0,win,1729.827015215363,1739.9081601853115,10.081144969948603,1606.1290806100928,1618.9916591209453,12.862578510852495,-20.58012561736399
match,145,2025-07-11T19:40:00,2025,18,Gold Coast,Collingwood,69.0,63.0,win,1546.9739986324025,1554.8957484405175,7.921749808115069,1559.1356492439693,1563.5444571967769,4.408807952807692,-7.054092724492307
match,145,2025-07-11T19:40:00,2025,18,Collingwood,Gold Coast,63.0,69.0,loss,1699.9735579509797,1692.0518081428647,-7.921749808115069,1636.162934073918,1631.7541261211104,-4.408807952807692,7.054092724492307
match,150,2025-07-12T13:20:00,2025,18,Western Bulldogs,Adelaide,98.0,109.0,loss,1647.7137540248136,1634.228405306799,-13.485348718014606,1680.1533486013197,1662.83962640912,-17.313722192199727,27.70195550751956
match,150,2025-07-12T13:20:00,2025,18,Adelaide,Western Bulldogs,109.0,98.0,win,1598.1291532690527,1611.6145019870673,13.485348718014606,1638.8069785511893,1656.120700743389,17.313722192199727,-27.70195550751956
match,146,2025-07-12T16:15:00,2025,18,Greater Western Sydney,Geelong,111.0,85.0,win,1571.943764073047,1590.388041249199,18.44427717615182,1553.892138412966,1572.8723258567875,18.980187443821457,-30.36829991011433
match,146,2025-07-12T16:15:00,2025,18,Geelong,Greater Western Sydney,85.0,111.0,loss,1660.9329410920266,1642.4886639158747,-18.44427717615182,1653.0141378137282,1634.0339503699067,-18.980187443821457,30.36829991011433
match,148,2025-07-12T19:35:00,2025,18,Richmond,Essendon,46.0,37.0,win,1198.94287072126,1210.6015092345865,11.658638513326357,1259.38552702207,1267.4695763269924,8.084049304922416,-12.934478887875866
match,148,2025-07-12T19:35:00,2025,18,Essendon,Richmond,37.0,46.0,loss,1388.1888223107726,1376.5301837974462,-11.658638513326357,1355.6153862745757,1347.5313369696532,-8.084049304922416,12.934478887875866
match,152,2025-07-12T20:10:00,2025,18,Fremantle,Hawthorn,77.0,64.0,win,1572.4476195931918,1583.5357292803865,11.088109687194631,1532.2061193698378,1542.411960262062,10.20584089222408,-16.32934542755853
match,152,2025-07-12T20:10:00,2025,18,Hawthorn,Fremantle,64.0,77.0,loss,1633.7665323083183,1622.6784226211237,-11.088109687194631,1624.4017555535613,1614.1959146613372,-10.20584089222408,16.32934542755853
