match_id,home_team,away_team,match_date,home_rating,away_rating,win_probability,predicted_margin_simple,predicted_margin_diminishing_returns,predicted_margin_linear,best_method,predicted_margin_best,actual_margin,actual_result,correct
1,Sydney,Hawthorn,2025-03-07T19:40:00,1649.7979133275048,1605.4389312349465,0.6588791270963675,14.294872761569792,7.9439563548183765,14.294872761569792,simple,14.294872761569792,-20.0,away_win,False
2,Greater Western Sydney,Collingwood,2025-03-09T15:20:00,1571.3570171681322,1554.8763860435708,0.6219474814207016,10.810078890570168,6.097374071035078,10.810078890570168,simple,10.810078890570168,52.0,home_win,True
3,Richmond,Carlton,2025-03-13T19:30:00,1239.7842911843334,1549.050952104295,0.20143821744878002,-29.908332614995203,-14.928089127561,-29.908332614995203,simple,-29.908332614995203,13.0,home_win,False
4,Hawthorn,Essendon,2025-03-14T19:40:00,1644.9716788607286,1438.8392647390845,0.8305522119807294,34.51655176520552,16.527610599036468,34.51655176520552,simple,34.51655176520552,26.0,home_win,True
5,Geelong,Fremantle,2025-03-15T13:20:00,1602.5586276517963,1535.9707847608506,0.6870283243962113,17.073480361368212,9.351416219810565,17.073480361368212,simple,17.073480361368212,78.0,home_win,True
6,Sydney,Brisbane Lions,2025-03-15T16:15:00,1610.2651657017227,1708.930979094196,0.4588399334123035,-3.583226674059148,-2.058003329384825,-3.583226674059148,simple,-3.583226674059148,-4.0,away_win,True
7,Collingwood,Port Adelaide,2025-03-15T19:35:00,1532.193234928813,1553.395546727477,0.5697673654026589,6.099711025166982,3.4883682701329466,6.099711025166982,simple,6.099711025166982,91.0,home_win,True
8,Western Bulldogs,North Melbourne,2025-03-15T19:35:00,1605.3206281723983,1210.1523976075898,0.9356992962130114,58.14602882060106,21.78496481065057,58.14602882060106,simple,58.14602882060106,16.0,home_win,True
9,Adelaide,St Kilda,2025-03-16T12:35:00,1468.2799174860709,1491.4368809900607,0.5670070260548103,5.855379562001275,3.3503513027405174,5.855379562001275,simple,5.855379562001275,63.0,home_win,True
10,Melbourne,Greater Western Sydney,2025-03-16T15:20:00,1518.6568205912638,1594.0401682828901,0.4922533598375557,-0.6729184614532926,-0.38733200812221535,-0.6729184614532926,simple,-0.6729184614532926,-3.0,away_win,True
11,West Coast,Gold Coast,2025-03-16T18:10:00,1255.6772341337376,1440.4756452969116,0.34055256487815416,-14.349801395396753,-7.972371756092292,-14.349801395396753,simple,-14.349801395396753,-87.0,away_win,True
12,Carlton,Hawthorn,2025-03-20T19:30:00,1501.1372451512218,1655.138546141885,0.38141411094970873,-10.500162623832892,-5.929294452514563,-10.500162623832892,simple,-10.500162623832892,-20.0,away_win,True
13,Western Bulldogs,Collingwood,2025-03-21T19:40:00,1609.1786703996177,1558.0071930046533,0.6676374940146823,15.14643467437054,8.381874700734116,15.14643467437054,simple,15.14643467437054,-6.0,away_win,False
14,Essendon,Adelaide,2025-03-22T13:20:00,1428.6723974579281,1494.2594959227822,0.5063503343231551,0.55161269189324,0.31751671615775634,0.55161269189324,simple,0.55161269189324,-61.0,away_win,False
15,Port Adelaide,Richmond,2025-03-22T16:15:00,1527.5815886516366,1287.6979981374066,0.8561695606581033,38.735448814278755,17.808478032905168,38.735448814278755,simple,38.735448814278755,72.0,home_win,True
16,St Kilda,Geelong,2025-03-22T19:35:00,1465.4573025533493,1621.3369281880236,0.3788663281980821,-10.734953204334289,-6.056683590095896,-10.734953204334289,simple,-10.734953204334289,7.0,home_win,False
17,Brisbane Lions,West Coast,2025-03-23T13:10:00,1736.461375098934,1235.2440802410483,0.9640214656821876,71.40216185723571,23.20107328410938,71.40216185723571,simple,71.40216185723571,19.0,home_win,True
18,North Melbourne,Melbourne,2025-03-23T15:20:00,1206.2943553803705,1489.1216190010105,0.22703453799069354,-26.60340795258,-13.648273100465325,-26.60340795258,simple,-26.60340795258,59.0,home_win,False
19,Fremantle,Sydney,2025-03-23T18:10:00,1517.1924842246233,1582.7347696969846,0.5064148148946104,0.5572143159548375,0.32074074473051883,0.5572143159548375,simple,0.5572143159548375,-3.0,away_win,False
20,Essendon,Port Adelaide,2025-03-27T19:30:00,1398.2913773985388,1536.2114150121504,0.4034816088275161,-8.490004701701451,-4.825919558624195,-8.490004701701451,simple,-8.490004701701451,12.0,home_win,False
21,Carlton,Western Bulldogs,2025-03-28T19:40:00,1478.2523984942393,1569.1204207587368,0.470004563359023,-2.6085027830621925,-1.499771832048849,-2.6085027830621925,simple,-2.6085027830621925,-8.0,away_win,True
22,Melbourne,Gold Coast,2025-03-29T13:20:00,1442.7436912804521,1460.9087991896008,0.5740478219700035,6.479361511356416,3.702391098500174,6.479361511356416,simple,6.479361511356416,-58.0,away_win,False
23,St Kilda,Richmond,2025-03-29T16:15:00,1502.7253228614645,1279.0681717768928,0.8442802334870588,36.70714388557147,17.214011674352943,36.70714388557147,simple,36.70714388557147,82.0,home_win,True
24,Brisbane Lions,Geelong,2025-03-29T19:35:00,1738.6200871580027,1584.0689078799085,0.7845904048771816,28.068897409761774,14.229520243859078,28.068897409761774,simple,28.068897409761774,9.0,home_win,True
25,Hawthorn,Greater Western Sydney,2025-03-29T19:35:00,1678.0233927988675,1623.5753698731435,0.6718094603979999,15.556002865715499,8.590473019899997,15.556002865715499,simple,15.556002865715499,12.0,home_win,True
26,Adelaide,North Melbourne,2025-03-30T15:20:00,1524.6405159821716,1252.6722831009288,0.8774528522002385,42.74602911015535,18.872642610011926,42.74602911015535,simple,42.74602911015535,36.0,home_win,True
27,West Coast,Fremantle,2025-03-30T18:10:00,1233.0853681819797,1486.8075953309467,0.2577702487247995,-22.965278393620878,-12.111487563760026,-22.965278393620878,simple,-22.965278393620878,-38.0,away_win,True
28,Collingwood,Carlton,2025-04-03T19:30:00,1598.0654426455342,1450.0521246926978,0.7781616887584056,27.251664744104545,13.908084437920282,27.251664744104545,simple,27.251664744104545,17.0,home_win,True
29,Geelong,Melbourne,2025-04-04T19:40:00,1571.1443321725394,1408.300821962252,0.7925483131945136,29.105438776285922,14.627415659725678,29.105438776285922,simple,29.105438776285922,39.0,home_win,True
30,Gold Coast,Adelaide,2025-04-05T13:20:00,1495.351668507801,1531.9933448501572,0.547859512875607,4.169790457205465,2.3929756437803484,4.169790457205465,simple,4.169790457205465,1.0,home_win,True
31,Richmond,Brisbane Lions,2025-04-05T16:15:00,1269.7249857861163,1751.5446628653717,0.08544031853661592,-51.47745963490692,-20.727984073169203,-51.47745963490692,simple,-51.47745963490692,-28.0,away_win,True
32,North Melbourne,Sydney,2025-04-05T19:35:00,1245.3194542329431,1613.1196585906612,0.15260994978574546,-37.225025544714754,-17.369502510712724,-37.225025544714754,simple,-37.225025544714754,-65.0,away_win,True
33,Greater Western Sydney,West Coast,2025-04-06T13:10:00,1603.8839374970235,1217.6191532584917,0.9325459138616219,57.03309802981647,21.627295693081095,57.03309802981647,simple,57.03309802981647,81.0,home_win,True
34,Port Adelaide,St Kilda,2025-04-06T15:20:00,1500.4203115418013,1512.068508852241,0.5831942359587474,7.293975336195047,4.159711797937371,7.293975336195047,simple,7.293975336195047,-17.0,away_win,False
35,Fremantle,Western Bulldogs,2025-04-06T17:10:00,1502.2738102544347,1597.3206945602783,0.4640169499088591,-3.1308605382304506,-1.7991525045570445,-3.1308605382304506,simple,-3.1308605382304506,16.0,home_win,False
36,Adelaide,Geelong,2025-04-10T19:40:00,1504.8649156226936,1583.5914333808687,0.48744417164964793,-1.0908147197718847,-0.6277914175176036,-1.0908147197718847,simple,-1.0908147197718847,-19.0,away_win,True
37,Collingwood,Sydney,2025-04-11T19:40:00,1611.3757413200299,1622.2762555778058,0.5842400730101424,7.387435717778004,4.212003650507118,7.387435717778004,simple,7.387435717778004,31.0,home_win,True
38,North Melbourne,Gold Coast,2025-04-12T12:35:00,1236.1628572457985,1522.4800977352645,0.22352830609243812,-27.039655061183254,-13.823584695378093,-27.039655061183254,simple,-27.039655061183254,-52.0,away_win,True
39,Carlton,West Coast,2025-04-12T13:20:00,1436.7418260182021,1213.571908090189,0.8439111350748284,36.64623974100164,17.19555675374142,36.64623974100164,simple,36.64623974100164,71.0,home_win,True
40,Western Bulldogs,Brisbane Lions,2025-04-12T16:15:00,1565.16171155481,1756.6710819775687,0.3319310406113271,-15.188671302844853,-8.403447969433644,-15.188671302844853,simple,-15.188671302844853,-21.0,away_win,True
41,Melbourne,Essendon,2025-04-12T19:35:00,1395.8537207539227,1434.0824808688878,0.545595467818686,3.9714049856293627,2.2797733909342974,3.9714049856293627,simple,3.9714049856293627,-39.0,away_win,False
42,Richmond,Fremantle,2025-04-13T12:35:00,1264.5985666739193,1534.432793259903,0.24042730061379897,-24.979278323247968,-12.978634969310052,-24.979278323247968,simple,-24.979278323247968,-61.0,away_win,True
43,St Kilda,Greater Western Sydney,2025-04-13T15:20:00,1547.0601630097658,1607.931182665326,0.5131346362397362,1.141122543054962,0.6567318119868104,1.141122543054962,simple,1.141122543054962,-28.0,away_win,False
44,Port Adelaide,Hawthorn,2025-04-13T19:20:00,1465.4286573842764,1697.7148251749875,0.28207456194517544,-20.28577097383888,-10.896271902741228,-20.28577097383888,simple,-20.28577097383888,30.0,home_win,False
45,Brisbane Lions,Collingwood,2025-04-17T19:30:00,1776.5869444142484,1636.3213369394214,0.7703672637633442,26.283200934353374,13.518363188167209,26.283200934353374,simple,26.283200934353374,-52.0,away_win,False
46,North Melbourne,Carlton,2025-04-18T15:20:00,1222.7511588802522,1446.1071579137124,0.29260035082897334,-19.169499879182524,-10.369982458551332,-19.169499879182524,simple,-19.169499879182524,-82.0,away_win,True
47,West Coast,Essendon,2025-04-18T18:10:00,1204.2065761946787,1466.818208938009,0.24810182068905975,-24.076454092916293,-12.594908965547013,-24.076454092916293,simple,-24.076454092916293,-2.0,away_win,True
48,Melbourne,Fremantle,2025-04-19T13:20:00,1363.1179926848015,1548.858431296731,0.3393357985495626,-14.467554826491181,-8.03321007252187,-14.467554826491181,simple,-14.467554826491181,10.0,home_win,False
49,Adelaide,Greater Western Sydney,2025-04-19T16:15:00,1475.6182653237147,1638.7192608397104,0.36913431341638925,-11.637624439499461,-6.543284329180538,-11.637624439499461,simple,-11.637624439499461,18.0,home_win,False
50,Richmond,Gold Coast,2025-04-19T19:35:00,1250.1729286370914,1535.8917961008108,0.22412671659965566,-26.964858432964917,-13.793664170017216,-26.964858432964917,simple,-26.964858432964917,11.0,home_win,False
51,Sydney,Port Adelaide,2025-04-20T15:20:00,1597.3306599584143,1508.504183667566,0.7138749168647258,19.85330953635605,10.693745843236291,19.85330953635605,simple,19.85330953635605,-8.0,away_win,False
52,Western Bulldogs,St Kilda,2025-04-20T19:20:00,1545.2458491181303,1516.2720848353815,0.6387028991018769,12.371720535343599,6.935144955093847,12.371720535343599,simple,12.371720535343599,71.0,home_win,True
53,Geelong,Hawthorn,2025-04-21T15:20:00,1612.8380836798476,1654.639298891698,0.540492439535138,3.524848098518703,2.024621976756902,3.524848098518703,simple,3.524848098518703,7.0,home_win,True
54,Melbourne,Richmond,2025-04-24T19:30:00,1402.7578447718276,1296.725325641112,0.7336702816117563,22.004064891339453,11.683514080587814,22.004064891339453,simple,22.004064891339453,20.0,home_win,True
55,Collingwood,Essendon,2025-04-25T15:20:00,1682.543372765222,1481.7043181793526,0.8262205705527054,33.85488182323368,16.31102852763527,33.85488182323368,simple,33.85488182323368,41.0,home_win,True
56,Fremantle,Adelaide,2025-04-25T20:10:00,1509.2185792097048,1513.4702065187314,0.5935059764364752,8.218546586371673,4.675298821823759,8.218546586371673,simple,8.218546586371673,18.0,home_win,True
57,St Kilda,Brisbane Lions,2025-04-26T13:20:00,1494.594258781494,1730.3649085884476,0.27803040095538734,-20.721331225869193,-11.098479952230633,-20.721331225869193,simple,-20.721331225869193,-45.0,away_win,True
58,Port Adelaide,North Melbourne,2025-04-26T16:15:00,1551.3366786794495,1205.1951378305139,0.9164837621249612,52.01769260611695,20.82418810624806,52.01769260611695,simple,52.01769260611695,9.0,home_win,True
59,Greater Western Sydney,Western Bulldogs,2025-04-26T19:35:00,1600.8673196446937,1566.9236751720177,0.645278198702452,12.992955559084493,7.263909935122598,12.992955559084493,simple,12.992955559084493,-32.0,away_win,False
60,Gold Coast,Sydney,2025-04-27T13:15:00,1489.3393990967902,1554.4981649465308,0.506966645111903,0.6051542687824281,0.3483322555951518,0.6051542687824281,simple,0.6051542687824281,38.0,home_win,True
61,Carlton,Geelong,2025-04-27T15:20:00,1463.6631789634507,1640.4085373077394,0.3510389127187584,-13.343169793036083,-7.448054364062079,-13.343169793036083,simple,-13.343169793036083,18.0,home_win,False
62,Hawthorn,West Coast,2025-04-27T16:45:00,1627.0688452638062,1189.3204669533352,0.9489637588144156,63.46854728880888,22.448187940720782,63.46854728880888,simple,63.46854728880888,50.0,home_win,True
63,Essendon,North Melbourne,2025-05-01T19:30:00,1471.277552412515,1200.1841635580115,0.8769103035054934,42.636673606812934,18.845515175274667,42.636673606812934,simple,42.636673606812934,3.0,home_win,True
64,St Kilda,Fremantle,2025-05-02T19:40:00,1477.912434724171,1533.6082206235162,0.5205737957060296,1.7880267625818362,1.0286897853014787,1.7880267625818362,simple,1.7880267625818362,61.0,home_win,True
65,Western Bulldogs,Port Adelaide,2025-05-03T13:20:00,1605.640367094165,1556.3476529519519,0.6652333285769513,14.911589267776634,8.261666428847564,14.911589267776634,simple,14.911589267776634,90.0,home_win,True
66,Adelaide,Carlton,2025-05-03T16:15:00,1489.08056510492,1502.6008442003251,0.5805723560951564,7.059965113074355,4.028617804757823,7.059965113074355,simple,7.059965113074355,60.0,home_win,True
67,Collingwood,Geelong,2025-05-03T19:35:00,1692.9701385320598,1601.470872070865,0.7170072166264383,20.18740830764935,10.850360831321915,20.18740830764935,simple,20.18740830764935,-3.0,away_win,False
68,West Coast,Melbourne,2025-05-03T19:35:00,1186.2582924822002,1418.7376278751224,0.2818494347408622,-20.30991692411527,-10.90752826295689,-20.30991692411527,simple,-20.30991692411527,-32.0,away_win,True
69,Sydney,Greater Western Sydney,2025-05-04T13:10:00,1524.916163653245,1562.1506277225465,0.5470141016380736,4.095691991337304,2.350705081903681,4.095691991337304,simple,4.095691991337304,14.0,home_win,True
70,Hawthorn,Richmond,2025-05-04T15:20:00,1630.1310197349412,1280.7455425378173,0.917901992053296,52.42318464964049,20.8950996026648,52.42318464964049,simple,52.42318464964049,65.0,home_win,True
71,Brisbane Lions,Gold Coast,2025-05-04T19:20:00,1747.0467326457708,1518.921400390076,0.8476319267517508,37.26566653196184,17.38159633758754,37.26566653196184,simple,37.26566653196184,17.0,home_win,True
72,Fremantle,Collingwood,2025-05-08T20:10:00,1504.842648365878,1649.9497055344734,0.39356508027552295,-9.388382146074434,-5.321745986223853,-9.388382146074434,simple,-9.388382146074434,-14.0,away_win,True
73,St Kilda,Carlton,2025-05-09T19:40:00,1506.6780069818092,1477.4351855660345,0.6390602296927197,12.40535267697183,6.953011484635985,12.40535267697183,simple,12.40535267697183,-15.0,away_win,False
74,Melbourne,Hawthorn,2025-05-10T13:20:00,1435.648593959574,1635.0569002117434,0.3219261372701738,-16.17603828152116,-8.903693136491311,-16.17603828152116,simple,-16.17603828152116,-35.0,away_win,True
75,Essendon,Sydney,2025-05-10T16:15:00,1478.6629342021854,1552.0953175549605,0.49506056397927894,-0.4290479190968881,-0.24697180103605276,-0.4290479190968881,simple,-0.4290479190968881,8.0,home_win,False
76,Gold Coast,Western Bulldogs,2025-05-10T19:35:00,1509.7793159951812,1625.7263673795478,0.4342596773454551,-5.743381423045832,-3.287016132727244,-5.743381423045832,simple,-5.743381423045832,10.0,home_win,False
77,Port Adelaide,Adelaide,2025-05-10T20:10:00,1536.261652666569,1514.2462237392106,0.6294092640861506,11.501928615919809,6.4704632043075305,11.501928615919809,simple,11.501928615919809,-5.0,away_win,False
78,Richmond,West Coast,2025-05-11T13:10:00,1275.8196620610152,1169.3473263977485,0.7341646955654818,22.059041957908335,11.70823477827409,22.059041957908335,simple,22.059041957908335,2.0,home_win,True
79,Geelong,Greater Western Sydney,2025-05-11T15:20:00,1644.4913050684513,1534.9714738208309,0.7375743742807326,22.439978905952557,11.878718714036628,22.439978905952557,simple,22.439978905952557,-4.0,away_win,False
80,North Melbourne,Brisbane Lions,2025-05-11T16:40:00,1192.798781768341,1756.1888170406658,0.05519108048719605,-61.67375440904058,-22.240445975640196,-61.67375440904058,simple,-61.67375440904058,0.0,draw,False
81,Gold Coast,Hawthorn,2025-05-15T19:30:00,1543.7237353544538,1654.372468447954,0.44176722860904993,-5.081091636687518,-2.9116385695475033,-5.081091636687518,simple,-5.081091636687518,8.0,home_win,False
82,Sydney,Carlton,2025-05-16T19:40:00,1521.7989513937173,1515.7787993475977,0.6076887203098675,9.502519005764952,5.384436015493376,9.502519005764952,simple,9.502519005764952,16.0,home_win,True
83,Collingwood,Adelaide,2025-05-17T13:20:00,1673.5636103510049,1552.0107795843796,0.7507594372375531,23.944103845828153,12.537971861877656,23.944103845828153,simple,23.944103845828153,10.0,home_win,True
84,Greater Western Sydney,Fremantle,2025-05-17T16:15:00,1579.225936277675,1481.2287435493465,0.7245350175854104,20.99964909104105,11.226750879270519,20.99964909104105,simple,20.99964909104105,-34.0,away_win,False
85,Port Adelaide,Geelong,2025-05-17T16:15:00,1498.4970968214,1600.2368426116072,0.45444947929675256,-3.96746822377591,-2.277526035162372,-3.96746822377591,simple,-3.96746822377591,-76.0,away_win,True
86,Western Bulldogs,Essendon,2025-05-17T19:35:00,1591.7819480202752,1508.9593003634286,0.7067637546408635,19.102830957105823,10.338187732043174,19.102830957105823,simple,19.102830957105823,91.0,home_win,True
87,Richmond,North Melbourne,2025-05-18T13:10:00,1291.7697803270862,1189.4873169391094,0.7294309902768564,21.5353079234971,11.47154951384282,21.5353079234971,simple,21.5353079234971,-4.0,away_win,False
88,Brisbane Lions,Melbourne,2025-05-18T15:20:00,1759.5002818698974,1416.3330257233636,0.9151638920133165,51.645907018316734,20.758194600665824,51.645907018316734,simple,51.645907018316734,-11.0,away_win,False
89,West Coast,St Kilda,2025-05-18T16:40:00,1153.3972081316774,1468.334393200246,0.19623850780988403,-30.617148133571078,-15.188074609505797,-30.617148133571078,simple,-30.617148133571078,28.0,home_win,False
90,Geelong,Western Bulldogs,2025-05-22T19:30:00,1627.5038113694125,1609.3761227418233,0.62417419938314,11.01596107844864,6.208709969157,11.01596107844864,simple,11.01596107844864,14.0,home_win,True
91,Essendon,Richmond,2025-05-23T19:40:00,1491.3651256418805,1248.0039209104748,0.858617201695879,39.17015059142571,17.93086008479395,39.17015059142571,simple,39.17015059142571,23.0,home_win,True
92,Carlton,Greater Western Sydney,2025-05-24T12:35:00,1492.2401225661897,1535.7538352225504,0.538043163188321,3.3107859179549166,1.9021581594160508,3.3107859179549166,simple,3.3107859179549166,-28.0,away_win,False
93,Hawthorn,Brisbane Lions,2025-05-24T16:15:00,1620.878502164497,1704.5904483490986,0.48027716208456017,-1.7139932730752037,-0.9861418957719914,-1.7139932730752037,simple,-1.7139932730752037,-33.0,away_win,True
94,North Melbourne,Collingwood,2025-05-24T19:35:00,1233.2531763557208,1688.5180441167518,0.09816668088360447,-48.158108470128866,-20.091665955819774,-48.158108470128866,simple,-48.158108470128866,-45.0,away_win,True
95,Fremantle,Port Adelaide,2025-05-24T20:10:00,1524.700844604471,1471.2301280635947,0.6705678725899429,15.433839567609539,8.528393629497144,15.433839567609539,simple,15.433839567609539,49.0,home_win,True
96,Adelaide,West Coast,2025-05-25T13:10:00,1537.0563458186327,1201.6228976630844,0.9116429592981372,50.67918101944355,20.58214796490686,50.67918101944355,simple,50.67918101944355,66.0,home_win,True
97,Melbourne,Sydney,2025-05-25T15:20:00,1471.2428592441624,1545.3376281751252,0.4941074266413122,-0.51184611637035,-0.2946286679343907,-0.51184611637035,simple,-0.51184611637035,53.0,home_win,False
98,St Kilda,Gold Coast,2025-05-25T16:40:00,1420.108703668839,1577.2177016379107,0.37720239354047946,-10.888624746133956,-6.139880322976027,-10.888624746133956,simple,-10.888624746133956,-19.0,away_win,True
99,Brisbane Lions,Essendon,2025-05-29T19:30:00,1733.4070780741722,1499.8480935401278,0.8516278488131693,37.94487306675555,17.581392440658465,37.94487306675555,simple,37.94487306675555,18.0,home_win,True
100,Collingwood,Hawthorn,2025-05-30T19:40:00,1694.408044969768,1592.0618724394233,0.7295033643764067,21.5432715662931,11.475168218820336,21.5432715662931,simple,21.5432715662931,51.0,home_win,True
101,Gold Coast,Fremantle,2025-05-31T13:20:00,1599.8498452503395,1544.4667722490744,0.6729951206262205,15.672884125158134,8.649756031311023,15.672884125158134,simple,15.672884125158134,-11.0,away_win,False
102,Greater Western Sydney,Richmond,2025-05-31T16:15:00,1568.0364250138496,1239.5209530122274,0.9083821853271656,49.814434000202766,20.41910926635828,49.814434000202766,simple,49.814434000202766,3.0,home_win,True
103,Sydney,Adelaide,2025-05-31T19:35:00,1514.984073773604,1542.3577682607445,0.5610382336302181,5.32828818910744,3.0519116815109046,5.32828818910744,simple,5.32828818910744,-90.0,away_win,False
104,Melbourne,St Kilda,2025-06-01T15:20:00,1501.5964136456837,1397.4765600564103,0.7315133833392244,21.76498169865917,11.575669166961221,21.76498169865917,simple,21.76498169865917,-28.0,away_win,False
105,West Coast,Geelong,2025-06-01T19:20:00,1196.3214752209726,1650.053359406424,0.09895069431244814,-47.96648552318143,-20.052465284377593,-47.96648552318143,simple,-47.96648552318143,-43.0,away_win,True
106,Western Bulldogs,Hawthorn,2025-06-05T19:30:00,1586.8265747048117,1575.8320743020076,0.6144938614819262,10.12431255035051,5.72469307409631,10.12431255035051,simple,10.12431255035051,-22.0,away_win,False
107,Adelaide,Brisbane Lions,2025-06-06T19:40:00,1576.0200622785576,1742.309407145382,0.3648705912451997,-12.036168108353053,-6.756470437740014,-12.036168108353053,simple,-12.036168108353053,5.0,home_win,False
108,Richmond,Sydney,2025-06-07T13:20:00,1234.0238841318574,1481.3217797557909,0.26490884452189933,-22.16223695299169,-11.754557773905033,-22.16223695299169,simple,-22.16223695299169,-44.0,away_win,True
109,Geelong,Gold Coast,2025-06-07T16:15:00,1655.990401065171,1559.4701380127663,0.722834940865599,20.815032881550593,11.141747043279947,20.815032881550593,simple,20.815032881550593,24.0,home_win,True
110,Greater Western Sydney,Port Adelaide,2025-06-07T19:35:00,1573.5334938942196,1451.4642004189914,0.7513153289769966,24.008661684403535,12.56576644884983,24.008661684403535,simple,24.008661684403535,-16.0,away_win,False
111,North Melbourne,West Coast,2025-06-08T15:20:00,1227.3631755027045,1190.3844335622257,0.6492670813250482,13.372342742559852,7.463354066252409,13.372342742559852,simple,13.372342742559852,10.0,home_win,True
112,Carlton,Essendon,2025-06-08T19:20:00,1459.9575327748905,1490.945764468918,0.555907685389116,4.876471038246564,2.795384269455797,4.876471038246564,simple,4.876471038246564,8.0,home_win,True
113,Melbourne,Collingwood,2025-06-09T15:20:00,1457.7056106453301,1710.6378431071837,0.2586412703388106,-22.866529057731697,-12.06793648305947,-22.866529057731697,simple,-22.866529057731697,-1.0,away_win,True
114,St Kilda,Western Bulldogs,2025-06-12T19:30:00,1441.367363056764,1549.956943015896,0.4446923773691206,-4.823697494891519,-2.76538113154397,-4.823697494891519,simple,-4.823697494891519,-72.0,away_win,True
115,Hawthorn,Adelaide,2025-06-13T19:40:00,1612.7017059909233,1614.1278268038457,0.5974239518525291,8.571734898384705,4.871197592626452,8.571734898384705,simple,8.571734898384705,3.0,home_win,True
116,Brisbane Lions,Greater Western Sydney,2025-06-14T13:20:00,1704.201642620094,1528.4545741555999,0.804495793397142,30.71838355806176,15.224789669857097,30.71838355806176,simple,30.71838355806176,-11.0,away_win,False
117,Essendon,Geelong,2025-06-14T16:15:00,1464.300225592265,1672.620304613235,0.3108315971886447,-17.29000987762126,-9.458420140567764,-17.29000987762126,simple,-17.29000987762126,-95.0,away_win,True
118,North Melbourne,Fremantle,2025-06-14T19:35:00,1248.4071506232017,1584.8464794866477,0.17744596053733352,-33.30491610793075,-16.127701973133323,-33.30491610793075,simple,-33.30491610793075,-6.0,away_win,True
119,Port Adelaide,Melbourne,2025-06-15T15:20:00,1496.5431201576112,1442.1871344250014,0.6716926367510382,15.544498216576216,8.584631837551909,15.544498216576216,simple,15.544498216576216,25.0,home_win,True
120,West Coast,Carlton,2025-06-15T18:10:00,1169.3404584417285,1486.6030716515436,0.19413569200491926,-30.907826651226884,-15.293215399754036,-30.907826651226884,simple,-30.907826651226884,-34.0,away_win,True
121,Fremantle,Essendon,2025-06-19T20:10:00,1595.4932371188877,1445.6503297609463,0.779974452821851,27.480363419742673,13.998722641092547,27.480363419742673,simple,27.480363419742673,41.0,home_win,True
122,Geelong,Brisbane Lions,2025-06-20T19:40:00,1691.2702004445537,1655.9318950162653,0.6471136828763386,13.16728817853604,7.355684143816932,13.16728817853604,simple,13.16728817853604,-41.0,away_win,False
123,Carlton,North Melbourne,2025-06-21T13:20:00,1498.2512131718388,1237.7603929909617,0.8701694800143522,41.31135252260964,18.508474000717612,41.31135252260964,simple,41.31135252260964,-11.0,away_win,False
124,Port Adelaide,Sydney,2025-06-21T16:15:00,1516.2415619525489,1497.2163104271049,0.6253854485240681,11.128156440680499,6.269272426203404,11.128156440680499,simple,11.128156440680499,-19.0,away_win,False
125,Collingwood,St Kilda,2025-06-21T19:35:00,1726.1563193275124,1414.6858204146167,0.8998825907700879,47.68381236411196,19.994129538504396,47.68381236411196,simple,47.68381236411196,34.0,home_win,True
126,Greater Western Sydney,Gold Coast,2025-06-22T13:10:00,1576.7243217594284,1542.8402344647022,0.6451997209947449,12.985510911840777,7.259986049737243,12.985510911840777,simple,12.985510911840777,7.0,home_win,True
127,Western Bulldogs,Richmond,2025-06-22T15:20:00,1576.6384856580432,1218.1293534605434,0.9217739170001473,53.56364152468748,21.088695850007365,53.56364152468748,simple,53.56364152468748,79.0,home_win,True
133,Port Adelaide,Carlton,2025-06-26T19:30:00,1478.7184350411048,1446.0410443709777,0.6436079945856172,12.83467383376589,7.180399729280862,12.83467383376589,simple,12.83467383376589,50.0,home_win,True
132,Sydney,Western Bulldogs,2025-06-27T19:40:00,1534.739437338549,1581.3320506380344,0.5336350631854994,2.9259233375643134,1.681753159274968,2.9259233375643134,simple,2.9259233375643134,-9.0,away_win,False
129,Gold Coast,Melbourne,2025-06-28T13:20:00,1521.552217724387,1422.4886926300637,0.7257584346824869,21.13294063679041,11.287921734124344,21.13294063679041,simple,21.13294063679041,19.0,home_win,True
130,Hawthorn,North Melbourne,2025-06-28T16:15:00,1636.8562688797715,1289.9705617918228,0.9168110625373376,52.11071338599359,20.84055312686688,52.11071338599359,simple,52.11071338599359,85.0,home_win,True
128,Collingwood,West Coast,2025-06-28T19:35:00,1732.163363881307,1157.6923169214333,0.9761043616929305,80.55888086998422,23.805218084646523,80.55888086998422,simple,80.55888086998422,29.0,home_win,True
131,Richmond,Adelaide,2025-06-29T15:20:00,1213.4357884805522,1589.9732639149975,0.1462187090430392,-38.317184429305655,-17.689064547848037,-38.317184429305655,simple,-38.317184429305655,-68.0,away_win,True
134,Fremantle,St Kilda,2025-06-29T17:10:00,1608.6947699495765,1408.678775860822,0.8255392479766425,33.75199926109431,16.276962398832122,33.75199926109431,simple,33.75199926109431,12.0,home_win,True
139,North Melbourne,Western Bulldogs,2025-07-03T19:30:00,1284.979225544063,1613.3501544291644,0.18432693412429416,-32.29636611063768,-15.783653293785294,-32.29636611063768,simple,-32.29636611063768,-49.0,away_win,True
136,Carlton,Collingwood,2025-07-04T19:20:00,1424.6575240461148,1733.5971021797313,0.201741262958978,-29.867447266702072,-14.9129368520511,-29.867447266702072,simple,-29.867447266702072,-56.0,away_win,True
143,West Coast,Greater Western Sydney,2025-07-04T20:20:00,1156.258578623009,1598.0123384997437,0.10527064558000299,-46.46921998459183,-19.73646772099985,-46.46921998459183,simple,-46.46921998459183,-59.0,away_win,True
137,Essendon,Gold Coast,2025-07-05T12:35:00,1432.4487969302575,1538.0067116434377,0.449005964925712,-4.444739339147532,-2.5497017537144004,-4.444739339147532,simple,-4.444739339147532,-41.0,away_win,True
138,Geelong,Richmond,2025-07-05T16:15:00,1652.4433794719735,1204.66266593797,0.9516892923355207,64.72258919175044,22.584464616776035,64.72258919175044,simple,64.72258919175044,72.0,home_win,True
135,Brisbane Lions,Port Adelaide,2025-07-05T19:35:00,1694.7587159888458,1500.1019553659678,0.8210513528547978,33.08209507785975,16.05256764273989,33.08209507785975,simple,33.08209507785975,28.0,home_win,True
140,St Kilda,Hawthorn,2025-07-05T19:40:00,1398.2111307394207,1641.8476051275313,0.26903346658586336,-21.70455929851383,-11.548326670706832,-21.70455929851383,simple,-21.70455929851383,-20.0,away_win,True
141,Sydney,Fremantle,2025-07-06T13:10:00,1502.721333547419,1619.1624150709779,0.4335611324846991,-5.805135190444872,-3.3219433757650463,-5.805135190444872,simple,-5.805135190444872,11.0,home_win,False
142,Adelaide,Melbourne,2025-07-06T15:20:00,1598.7463864575798,1406.034198711013,0.8194007686261741,32.839023468320846,15.970038431308703,32.839023468320846,simple,32.839023468320846,13.0,home_win,True
144,Carlton,Brisbane Lions,2025-07-10T19:30:00,1412.553048268576,1705.4956348175579,0.21697870266607805,-27.867823318622726,-14.151064866696098,-27.867823318622726,simple,-27.867823318622726,-37.0,away_win,True
145,Gold Coast,Collingwood,2025-07-11T19:40:00,1564.9470695389805,1745.70157795727,0.3457996248534074,-13.844313552286195,-7.710018757329631,-13.844313552286195,simple,-13.844313552286195,6.0,home_win,False
150,Western Bulldogs,Adelaide,2025-07-12T13:20:00,1624.409770476622,1609.5823403400093,0.6197072740431997,10.603428767076593,5.985363702159985,10.603428767076593,simple,10.603428767076593,-11.0,away_win,False
146,Greater Western Sydney,Geelong,2025-07-12T16:15:00,1604.328577234544,1655.3420219318423,0.5272966822393992,2.373319412837702,1.3648341119699592,2.373319412837702,simple,2.373319412837702,26.0,home_win,True
148,Richmond,Essendon,2025-07-12T19:35:00,1201.764023478101,1405.5084390347147,0.31650187572684974,-16.7180519445767,-9.174906213657513,-16.7180519445767,simple,-16.7180519445767,9.0,home_win,False
152,Fremantle,Hawthorn,2025-07-12T20:10:00,1585.1760830200599,1657.989613122683,0.49595109320965725,-0.35169126282789875,-0.20244533951713772,-0.35169126282789875,simple,-0.35169126282789875,13.0,home_win,False
147,Melbourne,North Melbourne,2025-07-13T13:10:00,1395.1982448285835,1273.9196094966053,0.7504639713981369,23.909829416497274,12.523198569906846,23.909829416497274,simple,23.909829416497274,,,
149,St Kilda,Sydney,2025-07-13T15:20:00,1382.069122744269,1536.707665598337,0.38054900879044873,-10.579817856758496,-5.972549560477564,-10.579817856758496,simple,-10.579817856758496,,,
151,Port Adelaide,West Coast,2025-07-13T16:40:00,1489.3650365372557,1149.9423398882088,0.9134753063872487,51.17783708113086,20.673765319362435,51.17783708113086,simple,51.17783708113086,,,
156,Essendon,Greater Western Sydney,2025-07-17T19:30:00,1364.4985515783258,1632.69077630018,0.24215769893719932,-24.77402809023178,-12.892115053140035,-24.77402809023178,simple,-24.77402809023178,,,
153,Brisbane Lions,Western Bulldogs,2025-07-18T19:40:00,1718.5143569775225,1587.22733403403,0.7610966444005155,25.160877867936563,13.054832220025775,25.160877867936563,simple,25.160877867936563,,,
158,Hawthorn,Port Adelaide,2025-07-19T13:20:00,1627.7466787152625,1489.3650365372557,0.7684431478822601,26.04770527225085,13.422157394113004,26.04770527225085,simple,26.04770527225085,,,
159,Sydney,North Melbourne,2025-07-19T16:15:00,1536.707665598337,1273.9196094966053,0.8716561511557775,41.59850701271645,18.582807557788875,41.59850701271645,simple,41.59850701271645,,,
154,Carlton,Melbourne,2025-07-19T19:35:00,1399.5343261086114,1395.1982448285835,0.6053751738499955,9.292010160003485,5.268758692499775,9.292010160003485,simple,9.292010160003485,,,
161,West Coast,Richmond,2025-07-19T20:10:00,1149.9423398882088,1242.77391093449,0.46718994344245357,-2.853946380785146,-1.6405028278773215,-2.853946380785146,simple,-2.853946380785146,,,
157,Geelong,St Kilda,2025-07-20T13:10:00,1626.9798228662062,1382.069122744269,0.8596965268579363,39.36383751524215,17.984826342896813,39.36383751524215,simple,39.36383751524215,,,
155,Collingwood,Fremantle,2025-07-20T15:20:00,1706.4495554484745,1615.4190174274804,0.7164594065775362,20.12881725262426,10.822970328876806,20.12881725262426,simple,20.12881725262426,,,
160,Adelaide,Gold Coast,2025-07-20T16:40:00,1646.7647767826013,1604.199092047776,0.6565551541643714,14.070710591853157,7.827757708218569,14.070710591853157,simple,14.070710591853157,,,
165,Hawthorn,Carlton,2025-07-24T19:30:00,1627.7466787152625,1399.5343261086114,0.8476966115428467,37.276544075831396,17.384830577142335,37.276544075831396,simple,37.276544075831396,,,
162,Essendon,Western Bulldogs,2025-07-25T19:20:00,1364.4985515783258,1587.22733403403,0.2933482409031822,-19.091097806963035,-10.332587954840891,-19.091097806963035,simple,-19.091097806963035,,,
164,Greater Western Sydney,Sydney,2025-07-25T19:50:00,1632.69077630018,1536.707665598337,0.7222150292227173,20.747888837730386,11.110751461135864,20.747888837730386,simple,20.747888837730386,,,
163,Gold Coast,Brisbane Lions,2025-07-26T13:20:00,1604.199092047776,1718.5143569775225,0.4365688198384654,-5.539408116218311,-3.1715590080767297,-5.539408116218311,simple,-5.539408116218311,,,
170,Fremantle,West Coast,2025-07-26T16:15:00,1615.4190174274804,1149.9423398882088,0.9561630564767262,66.93458469240895,22.80815282383631,66.93458469240895,simple,66.93458469240895,,,
166,North Melbourne,Geelong,2025-07-26T19:35:00,1273.9196094966053,1626.9798228662062,0.16390906766497013,-35.38252667120011,-16.80454661675149,-35.38252667120011,simple,-35.38252667120011,,,
169,Adelaide,Port Adelaide,2025-07-26T20:10:00,1646.7647767826013,1489.3650365372557,0.7873488071313568,28.424967530668198,14.36744035656784,28.424967530668198,simple,28.424967530668198,,,
167,Richmond,Collingwood,2025-07-27T14:10:00,1242.77391093449,1706.4495554484745,0.09396298978121614,-49.20945556424806,-20.301850510939193,-49.20945556424806,simple,-49.20945556424806,,,
168,St Kilda,Melbourne,2025-07-27T15:20:00,1382.069122744269,1395.1982448285835,0.5811205588994526,7.108859739460684,4.056027944972628,7.108859739460684,simple,7.108859739460684,,,
177,Western Bulldogs,Greater Western Sydney,2025-07-31T19:30:00,1587.22733403403,1632.69077630018,0.5352523580481113,3.067069716731254,1.7626179024055666,3.067069716731254,simple,3.067069716731254,,,
178,Adelaide,Hawthorn,2025-08-01T19:40:00,1646.7647767826013,1627.7466787152625,0.6253758012105469,11.127262258417346,6.268790060527346,11.127262258417346,simple,11.127262258417346,,,
174,Melbourne,West Coast,2025-08-02T13:20:00,1395.1982448285835,1149.9423398882088,0.8599360434954718,39.40698811754683,17.996802174773592,39.40698811754683,simple,39.40698811754683,,,
173,Gold Coast,Richmond,2025-08-02T16:10:00,1604.199092047776,1242.77391093449,0.9229757729722454,53.928147639160755,21.14878864861227,53.928147639160755,simple,53.928147639160755,,,
176,Sydney,Essendon,2025-08-02T16:15:00,1536.707665598337,1364.4985515783258,0.801272689320554,30.276139252501395,15.063634466027697,30.276139252501395,simple,30.276139252501395,,,
171,Collingwood,Brisbane Lions,2025-08-02T19:35:00,1706.4495554484745,1718.5143569775225,0.5826111766303255,7.241899808868993,4.130558831516273,7.241899808868993,simple,7.241899808868993,,,
175,St Kilda,North Melbourne,2025-08-03T13:40:00,1382.069122744269,1273.9196094966053,0.7360446910374934,22.268689155957958,11.802234551874669,22.268689155957958,simple,22.268689155957958,,,
172,Geelong,Port Adelaide,2025-08-03T15:20:00,1626.9798228662062,1489.3650365372557,0.7676567305922718,25.951848291118807,13.38283652961359,25.951848291118807,simple,25.951848291118807,,,
179,Fremantle,Carlton,2025-08-03T17:10:00,1615.4190174274804,1399.5343261086114,0.8383069546084023,35.73558641485863,16.915347730420116,35.73558641485863,simple,35.73558641485863,,,
184,Hawthorn,Collingwood,2025-08-07T19:30:00,1627.7466787152625,1706.4495554484745,0.4874781724232618,-1.087859591651494,-0.6260913788369099,-1.087859591651494,simple,-1.087859591651494,,,
182,Geelong,Essendon,2025-08-08T19:40:00,1626.9798228662062,1364.4985515783258,0.8714584565405463,41.56015891098505,18.572922827027316,41.56015891098505,simple,41.56015891098505,,,
186,Richmond,St Kilda,2025-08-09T13:20:00,1242.77391093449,1382.069122744269,0.40157778380646114,-8.661901476222369,-4.921110809676943,-8.661901476222369,simple,-8.661901476222369,,,
180,Brisbane Lions,Sydney,2025-08-09T16:15:00,1718.5143569775225,1536.707665598337,0.8099239092931936,31.475836422398203,15.496195464659678,31.475836422398203,simple,31.475836422398203,,,
181,Carlton,Gold Coast,2025-08-09T19:35:00,1399.5343261086114,1604.199092047776,0.3153568915271925,-16.833095742395585,-9.232155423640375,-16.833095742395585,simple,-16.833095742395585,,,
187,Port Adelaide,Fremantle,2025-08-09T20:10:00,1489.3650365372557,1615.4190174274804,0.42002454052534605,-7.006747611278087,-3.998772973732698,-7.006747611278087,simple,-7.006747611278087,,,
183,Greater Western Sydney,North Melbourne,2025-08-10T13:40:00,1632.69077630018,1273.9196094966053,0.9218826131234132,53.59639585044684,21.094130656170663,53.59639585044684,simple,53.59639585044684,,,
185,Melbourne,Western Bulldogs,2025-08-10T15:20:00,1395.1982448285835,1587.22733403403,0.33126794732541087,-15.25363615068082,-8.436602633729457,-15.25363615068082,simple,-15.25363615068082,,,
188,West Coast,Adelaide,2025-08-10T17:10:00,1149.9423398882088,1646.7647767826013,0.07892906963469992,-53.35280461179906,-21.053546518265005,-53.35280461179906,simple,-53.35280461179906,,,
190,Essendon,St Kilda,2025-08-15T19:20:00,1364.4985515783258,1382.069122744269,0.5748844508337769,6.553678604257101,3.7442225416888464,6.553678604257101,simple,6.553678604257101,,,
197,Fremantle,Brisbane Lions,2025-08-15T20:20:00,1615.4190174274804,1718.5143569775225,0.45251551123571593,-4.136917443755266,-2.3742244382142035,-4.136917443755266,simple,-4.136917443755266,,,
191,Gold Coast,Greater Western Sydney,2025-08-16T12:35:00,1604.199092047776,1632.69077630018,0.5594526768001694,5.188539468449505,2.9726338400084704,5.188539468449505,simple,5.188539468449505,,,
189,Carlton,Port Adelaide,2025-08-16T13:20:00,1399.5343261086114,1489.3650365372557,0.4714922646448521,-2.478838803580544,-1.4253867677573944,-2.478838803580544,simple,-2.478838803580544,,,
192,Hawthorn,Melbourne,2025-08-16T16:15:00,1627.7466787152625,1395.1982448285835,0.8508912957210505,37.81855423583488,17.544564786052526,37.81855423583488,simple,37.81855423583488,,,
196,Adelaide,Collingwood,2025-08-16T19:35:00,1646.7647767826013,1706.4495554484745,0.5148404365767529,1.2894026667658522,0.7420218288376468,1.2894026667658522,simple,1.2894026667658522,,,
193,North Melbourne,Richmond,2025-08-17T13:10:00,1273.9196094966053,1242.77391093449,0.6415829994006581,12.64321232026441,7.079149970032905,12.64321232026441,simple,12.64321232026441,,,
194,Sydney,Geelong,2025-08-17T15:20:00,1536.707665598337,1626.9798228662062,0.47085908297339196,-2.5340196584836576,-1.4570458513304019,-2.5340196584836576,simple,-2.5340196584836576,,,
195,Western Bulldogs,West Coast,2025-08-17T16:40:00,1587.22733403403,1149.9423398882088,0.9488344150922904,63.41062426822765,22.44172075461452,63.41062426822765,simple,63.41062426822765,,,
198,Brisbane Lions,Hawthorn,2025-08-23T00:00:00,1718.5143569775225,1627.7466787152625,0.7161519181172085,20.0959597827825,10.807595905860422,20.0959597827825,simple,20.0959597827825,,,
199,Collingwood,Melbourne,2025-08-23T00:00:00,1706.4495554484745,1395.1982448285835,0.899768857473846,47.656413827486375,19.988442873692303,47.656413827486375,simple,47.656413827486375,,,
200,Essendon,Carlton,2025-08-23T00:00:00,1364.4985515783258,1399.5343261086114,0.5501483879896949,4.370528183714299,2.507419399484745,4.370528183714299,simple,4.370528183714299,,,
201,Gold Coast,Essendon,2025-08-23T00:00:00,1604.199092047776,1364.4985515783258,0.8560397533601739,38.712567558681286,17.801987668008696,38.712567558681286,simple,38.712567558681286,,,
202,Greater Western Sydney,St Kilda,2025-08-23T00:00:00,1632.69077630018,1382.069122744269,0.8636151532332923,40.07770669448888,18.180757661664614,40.07770669448888,simple,40.07770669448888,,,
203,North Melbourne,Adelaide,2025-08-23T00:00:00,1273.9196094966053,1646.7647767826013,0.14889211404219574,-37.8556459107495,-17.555394297890214,-37.8556459107495,simple,-37.8556459107495,,,
204,Richmond,Geelong,2025-08-23T00:00:00,1242.77391093449,1626.9798228662062,0.1407935470159767,-39.27573899146452,-17.960322649201167,-39.27573899146452,simple,-39.27573899146452,,,
205,Western Bulldogs,Fremantle,2025-08-23T00:00:00,1587.22733403403,1615.4190174274804,0.5598782648484227,5.226039575818703,2.9939132424211365,5.226039575818703,simple,5.226039575818703,,,
206,Port Adelaide,Gold Coast,2025-08-23T00:30:00,1489.3650365372557,1604.199092047776,0.4358343756682036,-5.604256938815041,-3.20828121658982,-5.604256938815041,simple,-5.604256938815041,,,
207,West Coast,Sydney,2025-08-23T02:00:00,1149.9423398882088,1536.707665598337,0.13902067929613554,-39.59566571376601,-18.04896603519322,-39.59566571376601,simple,-39.59566571376601,,,
